「愛臺十2建設-綠色造林」植栽統計,「愛臺十二建設-綠色造林」植栽統計,7029,僑務委員會為鼓勵僑胞參與綠色造林，配合節能減碳及國土保育政策，於98年訂定「僑務委員會推動海外僑胞響應愛台12建設-綠色造林實施計畫」，鼓勵海外僑界因地制宜自行募款贊助國內綠色造林計畫，總計贊助國內20個地區植栽計畫。本資料集不再更新。,計畫名稱;區域說明;植栽面積平方公尺;喬木;灌木,僑務委員會
「政策諮詢(眾開講)」議題,僑務委員會「政策諮詢(眾開講)」議題,46772,為營造開放政府，傾聽民眾的心聲，行政院自104年2月建置「公共政策網路參與平臺」，提供各機關規劃中之政策，放置網路開放討論。,發布日期;截止日期;議題;民眾留言則數,僑務委員會
「海外僑胞百校植樹愛臺灣計畫」植栽統計,「海外僑胞百校植樹愛臺灣計畫」植栽統計,7030,僑務委員會為鼓勵僑胞參與綠色造林，配合節能減碳及國土保育政策， 99年9月起僑委會續推動「海外僑胞百校植樹愛台灣」計畫，已完成媒合101個中小學校園植栽計畫。本資料集不再更新。,提案單位;需求學校;植哉面積平方公尺;喬木;灌木,僑務委員會
世界暨洲際臺灣商會聯合總會會議概況,世界暨洲際臺灣商會聯合總會會議概況,7031,為整合在海外各地成立之臺灣商會，期凝聚臺商整體力量配合政府政策，促進全球各地經貿交流與投資合作，本會積極輔導世界性及6個洲際性臺灣商會聯合總會舉辦理監事聯席會議、年會及會員代表大會活動。,商會名稱;活動內容;舉辦地點;舉辦時間;參加人次,僑務委員會
世界暨洲際臺灣商會聯合總會會議活動統計資料,世界暨洲際臺灣商會聯合總會會議活動統計資料,9745,為整合在海外各地成立之臺灣商會，期凝聚臺商整體力量配合政府政策，促進全球各地經貿交流與投資合作，本會積極輔導世界性及6個洲際性臺灣商會聯合總會舉辦各式活動。,年度;地區別;年會場次;理監事場次;參加會議人次,僑務委員會
世界臺灣商會聯合總會及各分會分布情形,世界臺灣商會聯合總會及各分會分布情形,7028,一、1981年代以後，隨著我國產業發展，赴海外投資者日益增多，海外臺商逐步結合，經政府輔導於各地成立臺商組織。1994年由本會與經濟部共同輔導成立「世界臺灣商會聯合總會」，轄下設有6個洲際臺灣商會聯合總會，以及各地區商會。本會為扶植海外臺灣商會之發展，在會務運作及活動經費等方面給予協助。 二、本資料集主要內容包括各洲、各國及臺灣商會名稱等資料，並以加入「世界臺灣商會聯合總會」之各地區商會會員為限。,洲別;國家;商會名稱,僑務委員會
世界臺灣商會聯合總會所屬商會個數,世界臺灣商會聯合總會所屬商會個數─按地區別分,68585,僑務委員會為輔導海外臺灣商會之發展，在會務運作及活動等方面均有給予協助，各地臺灣商會大多加入世界臺灣商會聯合總會體系。本資料集內容包括世界臺灣商會聯合總會所屬洲際商會與地區商會數及所占百分比、總會及洲際商會網址資料。,地區別;洲際商會;地區商會;占比;網址,僑務委員會
中華函授學校學生入學人數-性別及年齡別,中華函授學校學生入學人數─性別及年齡別,56022,本資料主要是93-105年中華函授學校學生入學人數－性別及年齡別，中華函授學校自105年起停止招生，爰不再更新資料。,學年度;男;女;未滿15歲;15~19歲;20~24歲;25~29歲;30~34歲;35~39歲;40~44歲;45~49歲;50~54歲;55~59歲;60~64歲;65~69歲;滿70歲以上;年齡未詳;人數合計,僑務委員會
人力性別統計分析,僑務委員會人力性別統計分析,13262,僑務委員會人員組成等之性別統計。,人數;年度;合計;男;女,僑務委員會
人民申請提供政府資訊案件統計,僑務委員會人民申請提供政府資訊案件統計,13092,有關人民向本會請求提供本會資訊（含本會檔案），而依檔案法或政府資訊公開法受理之案件,年度;月份;本月已辦結之人民申請提供政府資訊案件總數-D=A+B+C;本月已辦結之人民申請提供政府資訊案件-機關檔案應用類D1;本月已辦結之人民申請提供政府資訊案件-其他政府資訊類D2;人民申請提供政府資訊案件申請內容全部核准案件數小計A;人民申請提供政府資訊案件申請內容全部核准案件數-機關檔案應用類A1;人民申請提供政府資訊案件申請內容全部核准案件數-其他政府資訊類A2;人民申請提供政府資訊案件申請內容部分核准案件數小計B;人民申請提供政府資訊案件申請內容部分核准案件數-機關檔案應用類B1;人民申請提供政府資訊案件申請內容部分核准案件數-其他政府資訊類B2;人民申請提供政府資訊案件申請內容全部駁回案件數小計C;人民申請提供政府資訊案件申請內容全部駁回案件數-機關檔案應用類C1;人民申請提供政府資訊案件申請內容全部駁回案件數-其他政府資訊類C2;人民申請提供政府資訊案件目的-權益保障;人民申請提供政府資訊案件目的-事證稽憑;人民申請提供政府資訊案件目的-業務參考;人民申請提供政府資訊案件目的-學術研究;人民申請提供政府資訊案件目的-歷史考證;人民申請提供政府資訊案件目的-其他,僑務委員會
人民陳情案件統計,僑務委員會人民陳情案件統計,7200,為確實檢視與增進人民陳情案件處理時效，本會每月定期檢討案件處理情形，期以更快速、兼具效率與品質方式回應僑胞之需求；本資料集主要內容包括歷年本會人民陳情案件總收件數資料。,年度;1月;2月;3月;4月;5月;6月;7月;8月;9月;10月;11月;12月,僑務委員會
休士頓文教中心辦理「臺灣文化導覽-Splendor of Taiwan」活動情形表,休士頓文教中心辦理「臺灣文化導覽─Splendor of Taiwan」活動情形表,56025,97年至108年休士頓中心辦理「臺灣文化導覽─Splendor of Taiwan」活動場次及參訪人數,,僑務委員會
供應全球僑校教材冊數統計表,供應全球僑校教材冊數統計表,56020,本資料集為供應全球僑校教材冊數統計數據。,年度;亞洲;北美洲;中南美洲;歐洲;非洲;大洋洲,僑務委員會
僑務電子報歷年新聞上傳則數統計,僑務電子報歷年新聞上傳則數統計,80151,本資料集係「僑務電子報」自106年5月20日啟用後，上傳之國內重點報導、海外僑社、國際兩岸、新南向政策及英文新聞等年度新聞則數。,年度;聚焦臺灣;僑社新聞;國際兩岸;新南向快訊;英文新聞,僑務委員會
僑務電子報訂戶統計,僑務電子報訂戶統計,7199,本資料集係100年3月推出「宏觀周報電子報」，經106年5月20日改版為「僑務電子報」後，至106年12月31日訂閱服務結束止，累積之年度總訂戶數。本資料集已不再更新。,年份;電子報訂戶(人),僑務委員會
僑民對921大地震之反應及捐款情形,僑民對九二一大地震之反應及捐款情形,6295,民國88年臺灣發生50年來災情最為慘重的921大地震，震驚海內外各地，華僑雖身處異鄉，但發揮血濃於水的情感，出錢出力，全力投入救災及災後復健行列；本資料集內容包括5大洲60個國家地區對921大地震的慰問及捐款。,地區別;僑團來的慰問電(函)數;僑領來的慰問電(函)數;捐款筆數;捐款折合新台幣(千元);捐款折合美金(元),僑務委員會
僑民熱心公益自動捐獻金額,僑民熱心公益自動捐獻金額,7022,僑民每年熱心公益自動捐獻金額，主要用途包括勞軍、救災及其它指定用途或不指定用途之一般捐款。,年別;勞軍_千美元;救災_千美元;一般捐款_千美元,僑務委員會
僑生就讀大專院校男、女僑生人數及所占比例,僑生就讀大專院校男、女僑生人數及所占比例,52278,僑生就讀之大專校院遍及全臺各地，本資料集內容包含歷學年度在學之男、女僑生人數及所占比例。,學年度;總在學人數;男生;男生比例;女生;女生比例,僑務委員會
僑生春節祭祖暨師生聯歡餐會辦理情形,僑生春節祭祖暨師生聯歡餐會辦理情形,52279,本資料集內容包含歷年辦理學校數及總參與人數。,年度;辦理學校數;參與總人數,僑務委員會
僑生申請自行來臺就學人數統計表,僑生申請自行來臺就學人數統計表,48209,自行來臺入學為僑生升學管道之一，辦理方式為櫃檯申辦，本資料集內容包含歷年申請學生人數。,年度;國小;國中;高中;高職;五專,僑務委員會
僑界急難救助協會,僑界急難救助協會,68269,旅居海外僑民發揮僑界血濃於水的關懷及善意，建立一個全球性的僑界急難救助網絡，協助駐外館處推動旅外國人急難救助工作。本資料集內容包括全球各地區僑界急難救助協會之所在地、團體名稱、團體聯絡資訊。,地區;協會名稱;聯絡電話;電子郵件／LINE帳號,僑務委員會
僑臺商組織幹部培訓班參加人數,僑臺商組織幹部培訓班參加人數─按班別及僑居地別分,48190,本資料集主要內容包括歷年僑臺商組織幹部返臺參加培訓之人數。,年度;班別;亞洲;美洲;歐洲;大洋洲;非洲;活動內容,僑務委員會
公益勸募受理捐贈辦理情形,公益勸募受理捐贈辦理情形,13091,依「公益勸募條例」第5條及第6條規定，政府機關接受主動捐贈，應於年度終了後兩個月，將辦理情形函報上級機關備查；復依「公益勸募條例施行細則」第5條及第6條規定，政府機關辦理公開徵信時，應至少每六個月將捐贈人之基本資料及辦理情形刊登於所屬網站或發行之刊物。,捐贈者;捐贈金額(單位：新臺幣元)/捐贈物資;捐贈年月;捐贈用途;收據編號;辦理情形,僑務委員會
函授教育入學及結業學生人數,函授教育入學及結業學生人數,6293,為推展海外華文教育，增加僑胞終身學習機會，本會函校前開設有華文教師、文史藝術、華語文應用、農工、商業及管理、家庭與兒童、餐飲、電腦資訊及中小學進修等9門學科、79種函授教育課程，本資料集主要內容包括各洲函授學校學生入學及結業人數；另函校105年起停止招生，爰不再更新資料。,學年度;類別;亞洲;美洲;歐洲;大洋洲;非洲,僑務委員會
北美地區海外民俗文化種子教師培訓班培訓人數,北美地區海外民俗文化種子教師培訓班培訓人數,6481,本資料集內容包括98至105年北美地區海外民俗文化種子教師培訓班各地區培訓人數。該項業務業於105年結束；未來資料不再更新。,年度;華府;波士頓;紐約;休士頓;邁阿密;芝加哥;亞特蘭大;西雅圖;舊金山;洛杉磯;多倫多;溫哥華,僑務委員會
北美地區臺語教師研習會培訓人數,北美地區臺語教師研習會培訓人數,9746,本資料集主要內容包括95至107年北美地區參加海外臺語教師研習會之人數。,年度;人數,僑務委員會
北美地區青年志工培訓人數」,北美地區青年志工培訓人數」,9740,本會辦理海外青年志工培訓活動，厚植僑社永續發展根基。本資料集主要內容包括近年北美地區青年志工培訓人數之統計資料。,年度;培訓梯次;培訓日期;完成培訓人數,僑務委員會
十月慶典回國僑胞報到人數,十月慶典回國僑胞報到人數,6292,每年10月，海外各地僑社均舉行多采多姿的慶祝活動，各地僑團並分別組團回國參加十月慶典；本資料集主要內容包括近年各洲十月慶典僑胞報到人數及性別統計。,年別;亞洲;美洲;歐洲;大洋洲;非洲;其他;男;女,僑務委員會
印尼僑生來臺升學輔導訓練班錄取分發大學校院人數,印尼僑生來臺升學輔導訓練班錄取分發大學校院人數,46786,本資料集內容包含歷年印尼僑生錄取分發大學校院人數。,學年度;類組;公立學校;私立學校;師大僑先部,僑務委員會
受理捐贈僑生獎助學金核發情形,受理捐贈僑生獎助學金核發情形-按年別分,9741,本會受理僑團、愛國僑胞及社會人士捐贈獎助學金，以作育優秀之在學僑生，計有90多項基金，每年核發獎助學金金額從新臺幣5千元至14萬餘元不等；本資料集係歷年大專校院僑生獲得獎助之人數。,年別;核發人數;核發總金額,僑務委員會
各級學校及海青班在學僑生人數統計,各級學校及海青班在學僑生人數統計,6112,所謂「僑生」係依據「僑生回國就學及輔導辦法」規定來臺就學者，而「港澳生」則依「香港澳門居民來臺就學辦法」規定辦理，以鼓勵港澳學生來臺升學；本資料集內容包括歷學年度公私立大學、國防醫學院、僑生先修部、專科學校、高國中、職業學校、國小及海青班等在學僑生人數等9大類資料。,學年度;總 計;各級學校計;公私立大學;國防醫學院;僑生先修部;專科學校;高國中;職業學校;國小;各級補校;海青班,僑務委員會
各項海外青年研習活動人數,各項海外青年研習活動人數,6480,為促進海外青年對我國政經社會發展現況之瞭解及宣揚傳統中華文化暨認識臺灣，舉辦各項海外青年活動，如：臺灣觀摩團、暑期研習營及華語文研習班等；本資料集內容包括近年上述各項海外青年參與人數等3大類資料。,年度;海外青年臺灣觀摩團;海外青年華語文研習班;海外青年臺灣學習體驗營;海外華裔青(少)年暑期研習營,僑務委員會
國人常赴度假打工地區之緊急聯繫僑團及商會清單,國人常赴度假打工地區之緊急聯繫僑團及商會清單,42791,本資料集主要內容海外度假打工地區之緊急聯繫僑團及商會之名稱及聯絡電話。,項次;填表國家;填表地區;僑團名稱;負責人或聯絡人;聯絡電話,僑務委員會
國內僑民暨歸僑團體地址及聯絡資訊,國內僑民暨歸僑團體地址及聯絡資訊,9739,國內民間成立服務僑胞之社團，促進各地僑民團結聯繫；本資料集內容包括國內僑民暨歸僑團體名稱及聯絡資料。,名稱;地址;電話;電傳;網頁,僑務委員會
大專畢業僑生統計,大專畢業僑生統計－按研習科別分,9742,僑生就讀之大專校院遍及全臺各地；近學年度大專畢業者中，以藝術科人數最多，商科次之，再者為工科。,學年度;教育;藝術;文;商;法;理;醫;工;農;運輸通信;觀光及服務;大眾傳播;其他,僑務委員會
大專院校畢業僑生人數,大專院校畢業僑生人數,6294,僑生就讀之大專院校遍及全臺各地；本資料集內容包括歷學年度來自各洲僑生在臺灣的大專院校畢業人數。,學年度;總計;亞洲;美洲;歐洲;大洋洲;非洲,僑務委員會
大專院校畢業僑生人數,大專院校畢業僑生人數─按校別分,46788,本資料集主要內容包括歷年大專校院畢業僑生人數─按校別分。,校別;41至75學年度;76至80學年度;81至85學年度;86至90學年度;91學年度;92學年度;93學年度;94學年度;95學年度;96學年度;97學年度;98學年度;99學年度;100學年度;101學年度;102學年度;103學年度;104學年度;105學年度;106學年度;107學年度,僑務委員會
大專院校畢業僑生人數,大專院校畢業僑生人數─按性別,55929,本資料集主要內容包括歷年大專畢業僑生人數性別比例。,學年度;身分別;男;女;男女合計,僑務委員會
委託研究計畫報告,僑務委員會委託研究計畫報告,13093,為提供政府政策制定參考，僑務委員會委託專業學術機構或個人就僑務政策進行研究與建議，並提出研究計畫報告，本資料集內容包含計畫年度、計畫名稱、計畫主持人等資訊。,年度;計畫名稱;計畫主持人,僑務委員會
宏觀電子報歷年新聞上傳則數統計,宏觀電子報歷年新聞上傳則數統計,7198,本資料集係「宏觀僑務新聞網」自99年推出服務後，至106年5月20日改版為「僑務電子報」止，上傳之各洲暨國內年度新聞則數。本資料集已不再更新。,年度;北美洲;中南美洲;亞洲;歐洲;非洲;大洋洲;國內,僑務委員會
授予僑營臺灣美食標章餐廳名單,僑務委員會授予僑營臺灣美食標章餐廳名單,31650,僑營臺灣美食標章係於北美地區評選優良僑營餐館，以協助國際友人及僑胞識別具臺灣風味美食商家，並吸引主流人士赴臺體驗道地臺灣美食。本資料集不再更新。,年別;區域;餐廳名稱;電話;地址;餐廳簡介;推薦菜色;餐廳網址;備註,僑務委員會
提供政府資訊收費標準表,僑務委員會提供政府資訊收費標準表,13090,有關人民向本會請求提供本會資訊（含本會檔案），並依本會制定之收費標準表支付費用。,政府資訊外觀型式;重製或複製方式;重製或複製格式;收費標準（以新臺幣計價）;備註,僑務委員會
政府資料開放行動方案,僑務委員會政府資料開放行動方案,117722,僑務委員會為積極配合開放資料政策之推動，特訂定「僑務委員會政府資料開放行動方案」，藉此落實推動開放資料各項作為。本行動方案自104年訂定，原名「僑務委員會資料開放行動策略」，配合政府資料開放政策修正名稱。,名稱;最近修訂日期;檔案下載連結,僑務委員會
政策宣導廣告資料,僑務委員會政策宣導廣告資料,13259,依中央政府各機關執行立法院審查各年度中央政府總預算案應行配合注意事項規定，各機關含附屬單位及依預算法第62條之1所定財團法人於平面媒體、網路媒體、廣播媒體及電視媒體辦理政策宣導相關之廣告，應於機關網站資訊公開區中單獨列示公布。,編號;廣告之主要內容;播出時間;播出次數;總金額-元;刊登或托播對象,僑務委員會
春節及國慶文化訪問團辦理情形,僑務委員會春節及國慶文化訪問團辦理情形,46778,本資料集為105至109年春節及國慶文化訪問團巡迴訪演之日期及城市等資料。,年度;類別;訪演城市;演出日期及星期;參與人數;備註,僑務委員會
會計月報,僑務委員會會計月報,21116,僑務委員會經費執行情形,資料名稱;下載位置,僑務委員會
核發華僑身分證明書案件,核發華僑身分證明書案件─按僑居地別分,6303,旅居海外僑民返國從事投資、置產等經濟活動，或辦理兵役、入出境及居留定居等事宜，均需取得華僑身分證明書或護照加簽僑居身分用以主張其身分，作為行使其權利義務之依據；本資料集內容包括按僑居地別之核發華僑身分證明書件數資料。,僑居地別;99年;100年;101年;102年;103年;104年;105年;106年;107年;108年,僑務委員會
歷屆中美洲暨巴拿馬6國中華、華僑總會聯合總會召開年會時間及地點,歷屆中美洲暨巴拿馬六國中華、華僑總會聯合總會召開年會時間及地點,6302,中美洲暨巴拿馬六國中華、華僑總會聯合總會為加強聯繫，增進情誼，團結合作，於民國55年1月27日在薩爾瓦多首都舉行成立六國聯合總會籌備會議，並通過章程，於同年8月在巴拿馬舉行成立大會及第1屆年會暨懇親大會。該會為中美洲傳統華僑團體最具影響力之組織，每年輪流在瓜地馬拉、薩爾瓦多、宏都拉斯、尼加拉瓜、哥斯大黎加及巴拿馬六國舉辦；本資料集內容包括歷屆召開年會時間及地點等資料。,屆別;召開時間(民國);地點,僑務委員會
歷屆亞洲華僑、華人聯誼會資料,歷屆亞洲華僑、華人聯誼會資料,7026,僑團會議具有多項功能與目的，除了針對議程集思廣益，尋求解決之道及凝聚共識外，更能進一步聯繫會員情感，緊密結合僑心，共創僑團之永續發展，僑務委員會每年皆會協導各地僑團舉辦洲際性、區域性之僑團會議；本資料集內容包括會議召開時間、舉辦地點等3大類資料。,屆別;召開時間;國家;都市,僑務委員會
歷屆歐洲華僑團體聯誼會召開年會時間及地點,歷屆歐洲華僑團體聯誼會召開年會時間及地點,6301,旅歐各國僑領為期團結全歐僑胞愛國心志，堅定支持中華民國政府之信心，謀求僑社福祉之增進，於民國64年4月在德國舉辦第1屆「旅歐華僑團體聯誼會議」-即現今之「歐華年會」，嗣後每年輪流在歐洲14國隆重舉行，為具有長期性、多功能的大規模僑社愛國及聯誼性活動，是歐洲僑界最具傳統及重要性的全歐性活動；本資料集內容包括歷屆召開年會時間及地點等資料。,屆別;召開時間(民國);地點(國家);地點(都市),僑務委員會
歷屆美洲各地中華會館、中華公所、華僑總會聯誼會召開年會時間及地點,歷屆美洲各地中華會館、中華公所、華僑總會聯誼會召開年會時間及地點,6300,為搭建我與傳統僑社之溝通平台，厚植海外支持我政府之力量，僑務委員會於民國65年9月在美國舊金山輔導傳統僑社成立「全美各地中華會館、中華公所、華僑總會聯誼會」，後於民國69年8月在洛杉磯輔導成立「美洲各地中華會館、中華公所、華僑總會聯誼會」，此後該會每年在美洲各地輪流舉辦年會，參加人員為美洲各地中華會館與中華公所之主要負責人。自民國92年遭逢SARS疫情停辦年會，嗣於民國100年在臺北復辦前揭年會；本資料集內容包括歷屆召開年會時間及地點等資料。,,僑務委員會
歷屆非洲地區華人聯誼會召開年會時間及地點,歷屆非洲地區華人聯誼會召開年會時間及地點,7027,旅斐僑領為期團結全非僑胞愛國心志，堅定支持政府並謀求僑社福祉，於民國67年7月在斐約翰尼斯堡舉辦第一屆大會 -簡稱非華年會，自此每二年選擇適當非洲國家召開大會，為具有長期性、多功能的大規模僑胞愛國及聯誼性活動，是非洲地區僑界最具傳統及重要性的全非性活動；本資料集內容包括歷屆召開大會時間及地點等資料。,屆別;召開時間;國家;都市,僑務委員會
歷年中華函授學校學生入學人數-教育程度別,歷年中華函授學校學生入學人數─教育程度別,56065,本資料主要是93-105年中華函授學校學生入學人數－教育程度別，中華函授學校自105年起停止招生，爰不再更新資料。,學年度;大專以上學校畢（肄）業;高級中學畢（肄）業;初級中學畢（肄）業;小學畢（肄）業,僑務委員會
歷年中華函授學校學生入學人數-職業別,歷年中華函授學校學生入學人數─職業別,56063,本資料主要是101-105年中華函授學校學生入學人數－職業別，中華函授學校自105年起停止招生，爰不再更新資料。,學年度;公職;教師;農;工;商;醫;學生;家管;服務業;其他,僑務委員會
歷年中華函授學校學生入學人次,歷年中華函授學校學生入學人次─按修習科別及地區別,46781,本資料集主要是歷年中華函授學校學生入學人次－按修習科別及地區別。因網路選課每人選讀科數無上限，函授選課每人最多4門課，爰採人次統計;另中華函授學校自105年起停止招生，爰不再更新資料。,年度;科別;亞洲;北美洲;中南美洲;歐洲;大洋洲;非洲;小計,僑務委員會
歷年僑務研究碩博士論文獎助得獎名單,歷年僑務研究碩博士論文獎助得獎名單,9744,僑務委員會為鼓勵國內各大學院校投入僑務研究，提升僑務學術產出之量與質，自93年起開辦「僑務研究碩博士論文獎」，每年受理申請甄選應屆畢業之僑務研究相關主題碩博士學位論文，擇優頒發獎金表揚。本資料集提供93年起迄今各年度得獎名單，包含年度、學校、科系、學歷、姓名、得獎論文題目等資訊。,年度;學校;科系;學歷;姓名;得獎論文,僑務委員會
歷年大型民俗文化用品採購情形,歷年大型民俗文化用品採購情形,55931,本會自103年起歷年購贈海外僑團(校)大型文化用品之品項及數量。,年度;地區;受贈單位數;舞獅(套);舞龍(套);電音三太子(尊),僑務委員會
歷年大洋洲華僑團體聯合會,歷年大洋洲華僑團體聯合會,7033,僑團會議具有多項功能與目的，除了針對議程集思廣益，尋求解決之道及凝聚共識外，更能進一步聯繫會員情感，緊密結合僑心，共創僑團之永續發展，僑務委員會每年皆會協導各地僑團舉辦洲際性、區域性之僑團會議；本資料集內容包括會議召開時間、舉辦之國家、都市等3大類資料。,屆別;召開時間;國家;都市,僑務委員會
歷年採購案件,僑務委員會歷年採購案件,13094,本資料集為本會依政府採購法辦理之歷年採購案件彙整資料。,標案案號;標案名稱;標的分類;招標方式;得標廠商;決標日期;總決標金額,僑務委員會
歷年書刊流通中心贈書情形,歷年書刊流通中心贈書情形,55935,歷年書刊流通中心贈書資料,年度;受贈單位;冊／套數,僑務委員會
歷年決算書,僑務委員會歷年決算書,13257,僑務委員會歷年經費決算情形,資料名稱;下載位置,僑務委員會
歷年海外僑團回國訪問統計表,歷年海外僑團回國訪問統計表,56027,僑務委員會邀請全球具代表性僑團返國參訪，藉增對我國瞭解，擴大友我力量，本資料集內容包含歷年北美、亞太、歐非及中南美地區海外僑團回國訪問團數。,年度;人團;亞洲;美洲(含中美洲);歐洲;大洋洲;非洲;綜合;合計,僑務委員會
歷年海外僑社回國參加工作研討會統計表,歷年海外僑社回國參加工作研討會統計表,56030,本資料集內容包含歷年北美、亞太、歐非及中南美地區海外僑社回國參加工作研討會人數。,年度;亞洲;美洲;北美洲;中南美洲;歐洲;大洋洲;非洲;世界越棉寮;綜合;華裔專業青;合計,僑務委員會
歷年海外僑社工作研討會,歷年海外僑社工作研討會,7034,僑務委員會為培訓、組織僑社新生代幹部及加強海外專業青年聯繫服務，每年皆舉辦海外僑社工作研討會、海外專業青年邀訪，以溝通僑務觀念，凝聚僑社共識及促進僑社幹部間橫向交流聯繫；本資料集內容包括會議召開年別、期別、期數及參加人數等4大類資料。,年別(民國);期次數;參加人數,僑務委員會
歷年海外各文教中心績效統計,歷年海外各文教中心績效統計,46776,本資料集主要內容包括103至106年海外各文教中心依場地使用類別及依主辦單位區分之活動場次及人次。,年度;文教中心;分類;僑團聯繫;僑教藝文;節慶紀念;僑商經貿;其他活動類別(確實無法歸類者);中心自辦;僑團主辦;中心與僑團合辦;其他單位主辦,僑務委員會
歷年海外臺灣僑民人數,歷年海外臺灣僑民人數,9732,係指從臺灣(即臺澎金馬)移出之僑民及其後代。,僑居地別;年別;人數-千人;男性百分比;女性百分比,僑務委員會
歷年海外青年技術訓練班學生報到入學人數統計,歷年海外青年技術訓練班學生報到入學人數統計－按地區別分,46787,本資料集內容包括歷年各僑區海青班入學學生人數。,年度;期別;人數;港澳;馬來西亞;韓國;緬甸;印尼;寮國;泰國;越南;新加坡;高棉;印度;汶萊;馬拉加西;菲律濱;帝汶;伊朗;美國;哥斯大黎加;巴拿馬;阿根廷;巴西;多明尼加;秘魯;圭亞那;南非;模里西斯;斐濟;史瓦濟蘭;加拿大;巴拉圭;玻利維亞;約旦;紐西蘭;西班牙;瓜地馬拉;澳大利亞;德國;貝里斯;布里斯本;丹麥;蘇利南;日本;,僑務委員會
歷年海外青年臺灣觀摩團人數統計,歷年海外青年臺灣觀摩團人數統計－按性別分,52280,本資料集內容包含歷年海外青年臺灣觀摩團人數(按性別分)統計。,年度;參加人數;男性人數;女性人數,僑務委員會
歷年獎勵僑務學術論著名單,歷年獎勵僑務學術論著名單,101445,本會為鼓勵國內學者從事有關僑務之研究，提升國內僑務學術研究水準，自107年起辦理獎勵僑務學術論著。本資料集提供各年度獎勵名單，包含年度、類別、姓名、服務機構、論著名稱。,年度;類別;姓名;服務機構;論著名稱,僑務委員會
歷年獎補助資料,僑務委員會歷年獎補助資料,13258,僑務委員會歷年公款補助團體私人情形表,資料名稱;下載位置,僑務委員會
歷年華文教師線上遠距研習班學員人數,歷年華文教師線上遠距研習班學員人數,56062,本資料集提供僑務委員會歷年華文教師線上遠距研習班參訓人數。,年度;地區;國家;參訓人數,僑務委員會
歷年補助僑生醫療急難及喪葬慰問金情形,歷年補助僑生醫療急難及喪葬慰問金情形,48212,本資料集主要內容包括歷年度補助僑生醫療急難及喪葬慰問金情形。,年度;補助人次;總計金額;馬來西亞僑生;港澳地區僑生;其它地區僑生,僑務委員會
歷年補助清寒在學僑生參加全民健康保險人次,歷年補助清寒在學僑生參加全民健康保險人次,48211,本資料集內容包含歷年補助清寒在學僑生參加全民健康保險人次及金額。,年度;每年補助人次;使用經費-千元,僑務委員會
歷年預算書,僑務委員會歷年預算書,12666,僑務委員會歷年預算編列情形,資料名稱;下載位置,僑務委員會
海外信用保證基金承保情形,海外信用保證基金承保情形─按新興市場地區別分,46785,本資料集主要內容包括海外信用保證基金承保案件按新興市場地區別分類之承保情形,國家別;件數;融資金額(美元);保證金額(美元);截止日期,僑務委員會
海外信用保證基金承保案件統計,海外信用保證基金承保案件統計,6111,配合政府輔導台商赴海外投資之政策，對經濟部核准或核備在國外設立之台商企業提供信用保證業務；本資料集內容包括歷年僑民創業貸款、僑營事業貸款、融資金額及保證金額等4大類資料。,年 度 別;件數;融資金額（單位：美元）;保證金額（單位：美元）,僑務委員會
海外信用保證基金累計承保情形,海外信用保證基金累計承保情形─按地區別分,46784,本資料集主要內容包括海外信用保證基金歷年累計承保案件按地區別分類之承保情形,洲別;地區別;件數;融資金額(美元);保證金額(美元);統計期間,僑務委員會
海外信用保證基金累計承保案件,海外信用保證基金累計承保案件─按行業別分,46783,本資料集主要內容包括海外信用保證基金歷年累計承保案件按行業別分之承保情形,行業別;件數;融資金額（美元）;保證金額（美元）;統計期間（起）;統計期間（迄）,僑務委員會
海外僑商各項會議參加人數,海外僑商各項會議參加人數—按年別分,7025,為整合在海外各地成立之臺灣商會，期凝聚臺商整體力量配合政府政策，促進全球各地經貿交流與投資合作，僑務委員會積極輔導世界性及6個洲際性臺灣商會聯合總會舉辦各項活動；本資料集內容包括海外僑商參加世界臺灣商會聯合總會、洲際性台灣商會聯合總會、世界華商經貿會議、世華金融聯誼會、世界華商藥會聯誼會、世界華商航業聯誼會及世華觀光事業聯誼會等7大類資料。,年度;世界臺灣商會聯合總會;洲際性臺灣商會聯合總會;世界華商經貿會議;世華金融聯誼會;世界華商藥業聯誼會;世界華商航業聯誼會;世華觀光事業聯誼會,僑務委員會
海外僑商經貿活動參加人數,海外僑商經貿活動參加人數--按地區及參加類別分,7021,本會每年針對海外僑商均會辦理經貿研習及相關參訪活動，以積極培訓僑社專業人才，辦理類別包括實作技術類（茶飲簡餐製作、中餐烹調、臺灣小吃、烘培製作、烘培創業觀摩等活動）、經營管理類（網路店面行銷實務班、僑商青年企業家邀訪、連鎖加盟創業觀摩團等）及專案培訓類（僑商青年貿易人才研習及主廚培訓班等）；本資料集內容包括自2012年起，各洲僑商參與上述活動之參加人數。,年度;商務管理亞洲;商務管理美洲;商務管理歐洲;商務管理大洋洲;商務管理非洲;餐旅管理亞洲;餐旅管理美洲;餐旅管理歐洲;餐旅管理大洋洲;餐旅管理非洲;烹飪廚藝亞洲;烹飪廚藝美洲;烹飪廚藝歐洲;烹飪廚藝大洋洲;烹飪廚藝非洲;烘焙技能亞洲;烘焙技能美洲;烘焙技能歐洲;烘焙技能大洋洲;烘焙技能非洲;文化創意亞洲;文化創意美洲;文化創意歐洲;文化創意大洋洲;文化創意非洲;經貿人才亞洲;經貿人才美洲;經貿人才歐洲;經貿人才大洋洲;經貿人才非洲;餐飲人才亞洲;餐飲人才美洲;餐飲人才歐洲;餐飲人才大洋洲;餐飲人才非洲;投資邀訪亞洲;投資邀訪美洲;投資邀訪歐洲;投資邀訪大洋洲;投資邀訪非洲;產業觀摩亞洲;產業觀摩美洲;產業觀摩歐洲;產業觀摩大洋洲;產業觀摩非洲;專業研習培訓亞洲;專業研習培訓美洲;專業研習培訓歐洲;專業研習培訓大洋洲;專業研習培訓非洲,僑務委員會
海外僑商經貿活動參加人數,海外僑商經貿活動參加人數─按性別及僑居地別分,68584,僑務委員會每年服務海外僑商均會辦理經貿研習及相關參訪活動，以積極培訓僑臺專業人才；本資料集內容包括自2013年起各洲別僑商返國參加研習參訪之男性、女性人數、及性別占比分析統計資料。,年度;亞洲男性;亞洲男性占比;亞洲女性;亞洲女性占比;美洲男性;美洲男性占比;美洲女性;美洲女性占比;歐洲男性;歐洲男性占比;歐洲女性;歐洲女性占比;大洋洲男性;大洋洲男性占比;大洋洲女性;大洋洲女性占比;非洲男性;非洲男性占比;非洲女性;非洲女性占比,僑務委員會
海外僑教中心地址及聯絡資訊,海外僑教中心地址及聯絡資訊,6299,因應海外僑社需要，僑務委員會於海外重要城市及僑胞聚集地區設置文教中心，提供多元服務，除服務僑胞、凝聚僑社向心，並兼具促進文化交流、拓展國民外交等功能；本資料集內容包括僑教中心中英文名稱及聯絡資訊。,服務據點中文名稱;英文名稱;地址;電話;傳真;e-mail帳號,僑務委員會
海外僑民兒童或少年至校短期體驗計畫,海外僑民兒童或少年至校短期體驗計畫,112641,本資料集提供107學年度起海外僑民兒童或少年至校短期體驗計畫之承辦學校等相關資料。,年度;承辦學校;英文名稱;地址;電話;網址,僑務委員會
海外僑民團體數,海外僑民團體數,6109,現階段僑務政策，以輔助海外僑團推展各項活動，促進團結合作，並加強聯繫與服務為主要工作重點之一；本資料集主要內容包括歷年及各洲僑團數等2大類資料。,年別;亞洲;美洲;歐洲;大洋洲;非洲,僑務委員會
海外僑胞以僑安專案來臺健檢醫療機構名單及人數統計表,海外僑胞以僑安專案來臺健檢醫療機構名單及人數統計表,31648,"海外僑胞以僑安專案來臺健檢醫療機構名單及人數統計表，主要內容有醫院名稱、人數、電話、地址、網址等，僑安專案試辦計畫係由衛生福利部主政推動，本會配合辦理。經統計，自101年5月實施至105年5月16日衛福部函告停止試辦計畫止，緬甸及柬埔寨地區已有365團5,498人申請來臺進行健檢。",健檢醫院名稱;電話;地址;網址;人數,僑務委員會
海外各地僑教中心服務績效統計—依活動類別區分,海外各地僑教中心服務績效統計—依活動類別區分,7023,為加強海外文教中心功能，擴大對僑胞之服務，本會在全球16個文教中心，皆有提供場地協助支援僑社辦理相關活動；本資料集內容包括海外各地僑教中心借用場地辦理社團聯誼、僑教藝文、節慶紀念、僑商經貿及其他活動等5大類資料。,年度;文教中心;統計單位;僑團聯繫;僑教藝文;節慶紀念;僑商經貿;其他,僑務委員會
海外各地區辦理國父孫中山先生150歲誕辰紀念活動情形彙總表,海外各地區辦理國父孫中山先生150歲誕辰紀念活動情形彙總表,46775,本資料集主要內容國父孫中山先生150歲誕辰紀念活動之地區、活動名稱、場次、僑團數及參與人數。,地區;活動名稱;場次;僑團參與數;參與人數,僑務委員會
海外巡迴經貿講座辦理一覽表,海外巡迴經貿講座辦理一覽表,46782,為強化海外僑營事業經營能力，培育僑商經貿專業人才及推展臺灣美食軟實力，本會洽聘國內專家學者赴海外各僑區辦理巡迴講座。,年度;梯次;活動名稱;辦理日期;地區;講座,僑務委員會
海外數位學習經營管理人員研習班參加人數,海外數位學習經營管理人員研習班參加人數,6488,99年至103年海外數位學習經營管理人員研習班參加人數，該項業務業於104年停辦，資料不再更新,年度;亞洲;美洲;歐洲、非洲;大洋洲,僑務委員會
海外民俗文化種子教師培訓計畫,海外民俗文化種子教師培訓計畫,59657,海外民俗文化種子教師培訓計畫包括國內及海外培訓，旨在提升海外僑界文化教學及文化推廣人才專業知能，以支援海外僑界各項文化活動，成為海外僑教工作重要助力。,年度;地區;民俗體育組受訓人數;民族舞蹈組受訓人數;民俗藝術組受訓人數;海外在地研習場次;海外文化服務場次,僑務委員會
海外漢字文化節系列活動,海外漢字文化節系列活動,56061,本資料集主要提供108年補助海外各地區辦理正體漢字文化節系列活動之主辦單位及活動辦理項目之數量。,年度;洲別;地區;主辦單位數量;活動辦理項目數量,僑務委員會
海外社教活動歷年補助統計資料,海外社教活動歷年補助統計資料,7035,為鼓勵僑胞積極融入僑居國主流社會，擴大參與公共事務，提升海外影響力，僑務委員會積極鼓勵僑團舉辦文藝與體育相關活動，並積極輔導僑團朝大型指標性文藝與體育交流方式籌辦海外社教活動，內容涵蓋傳統戲劇表演、民族舞蹈、民俗藝品展、書畫展、花藝展、綜藝晚會、現代音樂會、國樂表演、民謠或藝術歌曲演唱會、藝文研討會、青少年作文演講、書畫比賽等；體育系列活動內容包括田徑賽、運動會、各式球類競賽、健行、划船、龍舟競賽、舞龍舞獅、國術、射擊、釣魚、滑雪、攀岩等，有助於僑社經常性聯誼、文化傳承，並在僑居社區發揮國民外交之主要影響；本資料集內容包括僑居地別、年別之補助件數等2大類資料。,洲別;僑居地別;94年;95年;96年;97年;98年;99年;100年;101年;102年;103年;104年;105年;106年;107年,僑務委員會
海外華人人數,海外華人人數,6483,係指兩岸三地以外所有旅居海外的華人(包含第一代移民及其後代)。,僑居地別;年別;人數-萬人;占總人數百分比,僑務委員會
海外華文媒體統計表,僑務委員會海外華文媒體統計表,86336,全球5大洲35個主要城市海外華文媒體家數統計。,洲別;國家;地區;報紙;雜誌;電視;廣播;新媒體,僑務委員會
海外華文學校、中文班分布情形,海外華文學校、中文班分布情形,6110,早期華人移民海外，為傳承母國文化，紛紛在當地設立學校。本會為扶植海外僑校之發展，在教材、經費、師資等各方面給予協助；本資料集主要內容包括歷年及各洲華文學校、中文班及臺灣學校校數資料。,年度;校別;亞洲;美洲;歐洲;大洋洲;非洲,僑務委員會
海外華文教師研習會參加人數,海外華文教師研習會參加人數,6487,本資料集主要內容包括99年至108年各洲參加海外教師研習會之人數,年度;亞洲;美洲;歐洲、非洲;大洋洲,僑務委員會
海外華裔青(少)年暑期研習營人數,海外華裔青（少）年暑期研習營人數,6486,為使海外華裔青（少）年能對中華文化及臺灣政經進步情形有所瞭解，並爭取其向心與認同，自民國55年起，每年舉辦海外華裔青年暑期福爾摩莎營活動（98年名稱修改為「海外華裔青(少)年暑期研習營」）；本資料集內容包括海外各僑居地華裔青（少）年男、女性參與暑期研習營人數等3大類資料。本資料為99年至101年海外各僑居地華裔青(少)年參與暑期研習營人數，本活動自102年起停辦，不再更新資料。,僑居地別;99年/男;99年/女;100年/男;100年/女;101年/男;101年/女;102年後未再辦理,僑務委員會
海外辦理各項節慶活動統計表,海外辦理各項節慶活動統計表,7024,僑胞雖身處海外各角落，但對中華傳統節日總有特別情感，熱烈參與海外各項慶祝活動；本資料集內容包括海外僑民參與各僑居地辦理之元旦、春節及雙十國慶活動等3大類資料。,年度;僑居洲別;元旦場次;元旦參與人數;春節場次;春節參與人數;雙十國慶場次;雙十國慶參與人數,僑務委員會
海外青少年夏令營巡迴教學參加人數,海外青少年夏令營巡迴教學參加人數,7036,為使美加、歐洲等地區海外青少年不受國內暑期青年活動場地設備之限制，並減輕其經費負擔，僑務委員會自民國74年暑期開始，遴派民俗文化老師赴海外各地僑胞聚集地區舉辦青少年夏令營巡迴教學，除酌予經費補助外，並派遣民俗舞蹈、民俗藝術、民俗體育或國術教師前往教學，以擴大文教成效。,年別;參加人數;營區數;僑居地別,僑務委員會
海外青年技術訓練班在學人數統計表,海外青年技術訓練班在學人數統計表,31651,本資料集內容包括近年開辦海青班之各地區、各校科在學學生人數。,期別;學校;科別;馬來西亞-男;馬來西亞-女;印尼-男;印尼-女;緬甸-男;緬甸-女;汶萊-男;汶萊-女;美國-男;美國-女;西班牙-男;西班牙-女;越南-男;越南-女;泰國-男;泰國-女;韓國-男;韓國-女;貝里斯-男;貝里斯-女;加拿大-男;蘇利南-女;菲律賓-男;菲律賓-女;日本-男;日本-女;寮國-男;寮國-女;阿根廷-男;阿根廷-女;紐西蘭-男;紐西蘭-女;科別小計-男;科別小計-女,僑務委員會
海外青年技術訓練班實到學生人數統計,海外青年技術訓練班實到學生人數統計－按校別分,7018,本資料集內容包括歷年開辦海青班之各校實到學生人數。,學年度-期別;國立臺灣海洋大學;逢甲大學;中國文化大學;國立屏東科技大學;國立臺北科技大學;國立高雄應用科技大學;私立明志技術學院;省立桃園高級農工;省立臺中高級工業職業學校;高雄市立高級工業職業學校;省立海山高級工業職業學校;國立高雄海洋科技大學;大華科技大學;銘傳大學;元培醫事科技大學;靜宜大學;明道大學;弘光科技大學;環球科技大學;東南科技大學;龍華科技大學;萬能科技大學;中臺科技大學;大葉大學;建國科技大學;南開科技大學;中華大學;和春技術學院;經國管理暨健康學院;崑山科技大學;明新科技大學;宏國德霖科技大學;樹德科技大學,僑務委員會
海外青年技術訓練班畢業學生人數統計表,海外青年技術訓練班畢業學生人數統計表,106619,本資料集內容包括近年各承辦海外青年技術訓練班學校畢業學生升讀大學人數資料。,期別;學校;科別;馬來西亞-男;馬來西亞-女;印尼-男;印尼-女;緬甸-男;緬甸-女;汶萊-男;汶萊-女;美國-男;美國-女;西班牙-男;西班牙-女;越南-男;越南-女;泰國-男;泰國-女;韓國-男;韓國-女;貝里斯-男;貝里斯-女;加拿大-男;蘇利南-女;菲律賓-男;菲律賓-女,僑務委員會
海外青年技術訓練班畢業學生升讀大學人數統計表,海外青年技術訓練班畢業學生升讀大學人數統計表,106620,本資料集內容包括近年各承辦海外青年技術訓練班學校畢業學生升讀大學人數資料。,期別;學校;科別;畢業升讀大學人數,僑務委員會
海外青年臺灣學習體驗營人數統計,海外青年臺灣學習體驗營人數統計－按國別分,68586,僑務委員會為配合政府新南向政策及加強僑生招生措施，讓東南亞僑民青年瞭解臺灣優質的高等教育與技職教育環境，鼓勵其來臺升學，期強化海外青年與臺灣的情感連結與認知，並成為海外支持臺灣的新力量。本資料集內容包含歷年東南亞僑民青年學習體驗營人數(按國別分)統計。,,僑務委員會
海外青年臺灣觀摩團人數統計,海外青年臺灣觀摩團人數統計－按僑居地別分,7019,本會為增進海外青年對中華民國發展現況及臺灣多元文化之瞭解，並促進海內外青年互動交流，於返回僑居地後，成為僑社新生力量，增進中華民國與當地國之交流聯繫，每年積極辦理海外青年臺灣觀摩團；本資料集內容包括歷年各僑居地海外青年來臺觀摩人數。,年度;馬來西亞;印尼;菲律賓;泰國;日本;汶萊;韓國;新加坡;沙烏地阿拉伯;科威特;越南;印度;約旦;巴西;加拿大;巴拿馬;巴拉圭;阿根廷;哥斯大黎加;波利維亞;薩爾瓦多;瓜地馬拉;美國;智利;烏拉圭;荷蘭;法國;德國;英國;義大利;奧地利;瑞典;挪威;瑞士;比利時;盧森堡;西班牙;斯洛維尼亞;斯洛伐克;土耳其;澳大利亞;紐西蘭;馬紹爾群島;象牙海岸;模里西斯;留尼旺;南非;賴索托;史瓦濟蘭;,僑務委員會
海外青年英語服務營人數,海外青年英語服務營人數,9743,本會為促進國際青年交流、提升偏遠地區或弱勢學童英語學習意願，自民國95年起與教育部合作辦理「海外華裔青年英語服務營」；邀請有服務意願之海外華裔青年返臺前往偏鄉地區從事英語教學志願服務，以嘉惠偏鄉學童。,年別;海外青年參與志工人數;國內受益學童人數,僑務委員會
海外青年華語文研習班辦理情形統計,海外青年華語文研習班辦理情形統計,7020,本會為增進海外青(少)年華語文能力，認識傳統中華文化與臺灣多元文化，並促進海內外青年互動交流，每年積極辦理海外青年語文研習班；本資料集內容包括歷年各僑居地青年來臺研習語文人數。,年度;臺灣;香港;印尼;日本;馬來西亞;菲律賓;泰國;韓國;科威特;新加坡;阿拉伯聯合大公國;杜拜;越南;沙烏地阿拉伯;約旦;印度;土耳其;汶萊;俄羅斯;以色列;美國;加拿大;巴西;智利;瓜地馬拉;巴拿馬;祕魯;巴拉圭;玻利維亞;阿根廷;厄瓜多;宏都拉斯;哥斯大黎加;哥倫比亞;墨西哥;薩爾瓦多;蘇利南;多明尼加;貝里斯;多米尼克;尼加拉瓜;聖多明哥;奧地利;比利時;英國;法國;德國;義大利;希臘;西班牙;荷蘭;芬蘭;瑞士;丹麥;波蘭;瑞典;斯洛維尼亞;挪威;斯洛伐克;愛爾蘭;葡萄牙;澳洲;紐西蘭;南非;象牙海岸;史瓦濟蘭;模里西斯;索羅門;馬紹爾群島;男;女,僑務委員會
清寒僑生工讀補助人次,清寒僑生工讀補助人次-按學年度別分,6484,本會為協助在臺就學經濟困難之清寒僑生，特訂定「僑務委員會補助僑生工讀金要點」設置「清寒僑生工讀金」，提供清寒僑生在校工讀機會，以扶助其在臺生活，使其安心向學；本資料集內容包括歷年本會補助依「僑生回國就學及輔導辦法」來臺就讀高級中等以上學校之在學僑生(以清寒僑生為優先)工讀人次資料。,學年度別;大專優良僑生;中等學校優良僑生,僑務委員會
獲得學行優良僑生獎學金人數,獲得學行優良僑生獎學金人數-按學年度別分,6482,本會為獎勵學業、品行優良僑生，特訂定「僑務委員會獎勵學行優良僑生獎學金核發要點」設置「學行優良獎學金」，以鼓勵學行優良在學僑生學業精進，使其專心就學；本資料集內容包括歷年度就讀中等學校二年級以上(不含碩、博士班研究生)獲得學行優良僑生獎學金人數資料。,學年度別;大專優良僑生;中等學校優良僑生,僑務委員會
獲頒獎章人數,獲頒僑務委員會獎章人數,68583,僑務委員會為獎勵海內外有功及熱心僑務人士，訂有「僑務委員會專業獎章頒給辦法」及「僑務委員會海華榮譽章頒贈要點」，據以頒贈專業獎章及海華榮譽章。另為鼓勵國際友人熱心協助僑務工作，訂有「僑務委員會僑民之友榮譽章頒贈要點」，據以頒贈僑民之友榮譽章。,年度;專業獎章;海華榮譽章;僑民之友榮譽章,僑務委員會
紀念抗戰勝利7十週年活動統計表,104年度紀念抗戰勝利七十週年活動統計表,46774,本資料集主要內容海外辦理紀念抗戰勝利七十週年活動之活動地區、日期、名稱及主辦單位。,地區;日期（起）;日期（迄）;活動名稱;主辦單位,僑務委員會
美國臺灣傳統週暨加拿大亞裔傳統月辦理情形,美國臺灣傳統週暨加拿大亞裔傳統月辦理情形,46777,本資料集內容包含105至109年美國臺灣傳統週暨加拿大亞裔傳統月訪團路線、訪演城市及觀眾人次,年度;行程類別;演出城市;演出日期;觀眾人次,僑務委員會
自編教材ISBN,僑務委員會自編教材ISBN,46779,本資料集主要內容為歷年僑委會自編教材之出版品編號(ISBN),自編教材名稱;ISBN;電子書連結,僑務委員會
自行編製(印)華文教材,僑務委員會自行編製(印)華文教材,6485,本資料集主要內容為僑委會自行編製且仍印製流通之華語文教材。,項次;教材項目;電子書網址,僑務委員會
臺灣宏觀電視自製節目數量統計,臺灣宏觀電視自製節目數量統計,7032,臺灣宏觀電視自製「文人政事」、「贏在地球村」、「真情旅歷」、「我是留臺幫」、「魔法DIY」及「Taiwan in Focus」等節目，呈現臺灣發展現況與特色，以不鎖碼、不收費方式，經由全球多顆衛星傳輸節目訊號，海外僑胞可經由網際網路收看節目；本資料集主要內容包括歷年自製節目集數。因宏觀電視自107年元月起停播，本資料集不再更新。,年份;文人政事;致富密碼;Taiwan Outlook;台灣心動線;贏在地球村;情牽四海;真情旅歷;我是留臺幫;魔法DIY;TAIWAN IN FOCUS,僑務委員會
臺灣青年海外搭僑計畫,臺灣青年海外搭僑計畫,68266,為增進臺灣青年對政府僑務工作之認識及拓展國際視野，建立其等與海外僑界之橋梁，並藉此提升國內民眾對政府僑務工作之瞭解及支持，僑務委員會自106年起推動「臺灣青年海外搭僑計畫」，選送國內大專校院優秀在學青年於暑假期間赴海外各地參訪見習。本資料集內容包含計畫年度、參訪見習之洲別、國家、地區、辦理日期、參加人數。,年度;洲別;國家;地區;辦理日期;參加人數,僑務委員會
華文教師回國研習班參加人數,華文教師回國研習班參加人數,6479,本資料集提供99-108年各洲參加華文教師回國研習班之人數。,年度;亞洲男;亞洲女;美洲男;美洲女;歐洲男;歐洲女;大洋洲男;大洋洲女;非洲男;非洲女,僑務委員會
華文網路種子師資培訓班(實體班)歷年參加人數,華文網路種子師資培訓班（實體班）歷年參加人數,56021,本資料主要係僑務委員會歷年辦理華文網路種子師資培訓班（實體班）參加人數，該項業務業於105年停辦，資料不再更新,年度;地區;國家名稱;國家數量;參訓人數,僑務委員會
華文網路種子師資培訓計畫線上課程學員人數,華文網路種子師資培訓計畫線上課程學員人數,46780,本資料集提供僑務委員會歷年華文網路種子師資培訓計畫線上課程參訓人數。,年度;地區;國家;參訓人數,僑務委員會
華臺裔民選官員名單,華臺裔民選官員名單,111906,本資料集主要為海外各地華臺裔民選官員名單,序號;國家;州市;姓名;職務,僑務委員會
行動應用軟體服務績效調查,僑務委員會行動應用軟體服務績效調查,13265,行政院國家發展委員會依據立法院第8屆第3會期司法及法制委員會第3次全體委員會提案，將由該會每季公布機關開發行動化應用軟體服務績效。本會依該會來函要求，定期辦理本項調查並公佈於本會主網站備查。本會因業務內容調整，所有行動應用軟體(App)均已下架，改以行動版網站提供便民資訊。,年度;季別;項次;機關名稱;機關代碼;行動應用軟體名稱;上線日期;作業系統別;下載網址;開發成本;維護成本;下載使用成效;顆星評等,僑務委員會
補助國內大學院校選送學生從事華語文教學實習名單,補助國內大學院校選送學生從事華語文教學實習名單,31649,本資料集主要內容包括100至105年補助國內大學院校選送學生赴海外僑校從事華語文教學實習之人數。該項業務業於106年結束，未來資料不再更新。,核准年度;地區;實習僑校;僑校地址;E-mail;僑校電話;僑校傳真;申請學校;實習科別;實習學生,僑務委員會
補助國內大學院校開設僑務課程情形,僑務委員會補助國內大學院校開設僑務課程情形,68582,僑務委員會自90學年度起辦理補助國內大學院校開設僑務課程，本資料為歷年來受補助學校與課次之統計。,大學院校;課次,僑務委員會
製作影音數量統計,僑務委員會製作影音數量統計,7197,為宣揚臺灣政經成就與多元文化內涵，提供僑社最新動態及國內外要聞，本會製作各類文宣短片及影音新聞，置於「僑務電子報」網站及「僑務電子報」YouTube頻道供海內外人士點閱。本資料集主要內容包括歷年文宣短片及影音新聞製作支數。,年度;短片數量(支數);新聞數量(支數),僑務委員會
議資料表,僑務委員會議資料表,6304,僑務委員會議為向海外僑界傳達政府政策，以及海外僑界提供建言之重要平臺。本資料集內容包含各年度僑務委員會議舉辦日期、地點、中心議題（大會主題）、提案數、人數、國家等。,日期;地點;中心議題(大會主題);提案數;人數;國家;備註(非僑務委員),僑務委員會
財團法人海外信用保證基金資料集,財團法人海外信用保證基金資料集,108772,本會捐助成立之財團法人海外信用保證基金資料,基金會名稱;地址;成立日期;宗旨;主要業務;負責人;連絡電話;網址,僑務委員會
財團法人海華文教基金會資料集,財團法人海華文教基金會資料集,107840,本會捐助成立之財團法人海華文教基金會資料,基金會名稱;地址;成立日期;宗旨;主要業務;負責人;連絡電話;網址,僑務委員會
資料開放諮詢小組會議紀錄,僑務委員會資料開放諮詢小組會議紀錄,18855,僑務委員會資料開放諮詢小組歷次會議紀錄,名稱;檔案格式;連結,僑務委員會
輔助全國大專校院舉辦應屆畢業僑生畢業聯誼活動參與人數,輔助全國大專校院舉辦應屆畢業僑生畢業聯誼活動參與人數,68588,僑務委員會為表達對各大專校院應屆畢業僑生之關懷，歷年來於僑生畢業前均輔導各校辦理應屆畢業僑生畢業聯誼活動，本資料集內容包含歷學年度參與活動人數。本資料集主要內容包括歷年大專畢業僑生參與畢業聯誼活動人數。,年度;人數,僑務委員會
輔助國內大專院校及民間團體赴東南亞僑校志願服務作業計畫統計,僑務委員會輔助國內大專院校及民間團體赴東南亞僑校志願服務作業計畫統計,67397,本會鼓勵國內大專院校及民間團體青年赴東南亞僑（華）校進行志願服務，以支援僑校業務，協助推廣華語文教育，並拓展我國青年之國際視野。本資料集提供歷年辦理情形之統計資料。,辦理年度;大專院校/民間團體名稱;團隊名稱;志工人數;服務國別;受服務僑（華）校名稱;服務期間;服務項目,僑務委員會
辦理國家賠償事件收結統計,僑務委員會辦理國家賠償事件收結統計,12672,僑務委員會歷年辦理國家賠償事件處理情形,項目別;總件數;新收案件數;未結案件數-含舊案;未結案件數-協議中及處理中;未結案件數-訴訟中;已結案件數;協議階段件數-計;協議階段件數-成立;協議階段件數-不成立;協議階段件數-拒絕賠償;協議階段件數-撤回;協議階段件數-其他;訴訟階段件數- 計;訴訟階段件數- 勝訴;訴訟階段件數- 敗訴;訴訟階段件數-一部勝訴<br>一部敗訴;訴訟階段件數-法院和解;訴訟階段件數-駁回;訴訟階段件數-其他;賠償情形賠償總計-件;賠償情形賠償總計-元;賠償情形協議成立賠償-件;賠償情形協議成立賠償-元;賠償情形判決確定賠償-件;賠償情形判決確定賠償-元;依國家賠償法第2條賠償;依國家賠償法第3條賠償;行使求償權求償-件;行使求償權求償-元;行使求償權獲償-件;行使求償權獲償-元,僑務委員會
辦理華僑身分證明書、護照加簽僑居身分及役政用華僑身分證明書案件,辦理華僑身分證明書、護照加簽僑居身分及役政用華僑身分證明書案件,6113,旅居海外僑民返國從事投資、置產等經濟活動，或辦理兵役、入出境及居留定居等事宜，均需取得華僑身分證明書或護照加簽僑居身分用以主張其身分，作為行使其權利義務之依據；本資料集內容包括近年華僑身分證明書，護照加簽僑居身分及役政用華僑身分證明書申請等3大類資料。,年別;華僑身分證明書-份;護照加簽僑居身分-人次;役政用華僑身分證明書-人次;男;女,僑務委員會
近年華僑身分證明書申辦案件統計,近年華僑身分證明書申辦案件統計─按性別分,46773,旅居海外僑民返國從事投資、置產等經濟活動，或辦理兵役、入出境及居留定居等事宜，均需取得華僑身分證明書或護照加簽僑居身分用以主張其身分，作為行使其權利義務之依據；本資料集內容為近年華僑身分證明書核發案件按證明書種類及性別區分之統計資料。,年別;檢具國籍證明-男;檢具國籍證明-女;檢具華裔證明-男;檢具華裔證明-女;役政用-男;役政用-女,僑務委員會
遴派文化教師赴海外巡迴教學情形,遴派文化教師赴海外巡迴教學情形,7037,僑務委員會為宣揚我傳統文化，提升臺灣國際能見度，加強海外僑民對中華民國臺灣之認識，爰配合海外僑社需求，自77年起辦理「海外巡迴文化教學」活動，遴派優良文化志工教師前往教授各類傳統民俗技藝並提供民俗教具器材，透過文化教師將傳統民俗文化技藝宣揚海外，並藉教學活動傳達政府關懷；本資料集內容包括年別、僑居地別、教授課程別、參與人數及遴派教師人數等5大類資料。,年別(民國);遴派教師人數;教授課程別;僑居地別;參與人數,僑務委員會
金僑獎歷屆參賽影片統計資料,金僑獎歷屆參賽影片統計資料,7196,為擴大宣傳宏觀網路電視，僑務委員會自2009年至2016年舉辦金僑獎短片徵選活動，徵求華人在世界各角落發光發熱的故事。本資料集主要內容包括各年度徵片主題及參賽片數。,年度;主題;參賽影片數量;通過審查影片數量;獎項數量,僑務委員會
金僑獎歷年獲獎名單,金僑獎歷年獲獎名單,56057,為拓展臺灣宏觀電視能見度，自2009年至2016年舉辦金僑獎向海內外華人徵求短片及照片，鼓勵僑胞以影像紀錄僑居記憶。,年份;類別;獎項;作品;得獎人,僑務委員會
