中央政府以前年度總決算歲入歲出決算審定資料,中央政府以前年度總決算歲入歲出決算審定資料,13976,中央政府以前年度總決算歲入歲出決算審定資料,Government;FiscalYear;OriginalYear;Category;FundCode;AuthorityCode;AgencyCode;OperationPlanCode;WorkPlanCode;Account;Sequence1;Sequence2;Sequence3;Sequence4;AccountTitle;ReceivablePayable;Encumbrance;Final_Deduction;Final_EncumbranceDeduction;Final_Realized;Final_RealizedEncumbrance;Final_Adjustment;Final_AdjustmentEncumbrance;Adjusting_Deduction;Adjusting_EncumbranceDeduction;Adjusting_Realized;Adjusting_RealizedEncumbrance;Audited_Deduction;Audited_EncumbranceDeduction;Audited_Realized;Audited_RealizedEncumbrance;Audited_Adjustment;Audited_AdjustmentEncumbrance;Title,審計部
中央政府總決算歲入歲出決算審定資料,中央政府總決算歲入歲出決算審定資料,13973,中央政府總決算歲入歲出決算審定資料,Government;FiscalYear;Category;FundCode;AuthorityCode;AgencyCode;OperationPlanCode;WorkPlanCode;Account;Sequence1;Sequence2;Sequence3;Sequence4;AccountTitle;Budget;Final_Realized;Final_ReceivablePayable;Final_Encumbrance;Adjustment_Realized;Adjustment_ReceivablePayable;Adjustment_Encumbrance;Audited_Realized;Audited_ReceivablePayable;Audited_Encumbrance;Title,審計部
單位決算,103年度監察院單位決算,21363,103年度監察院單位決算,103年度監察院單位決算,監察院
單位決算書,104年度監察院單位決算書,31245,104年度監察院單位決算書,104年度監察院單位決算書,監察院
單位決算書,105年度監察院單位決算書,43501,公共資訊: 係指各種財政統計報表、政策新聞、資訊服務、法律等相關資料集,105年度監察院單位決算書,監察院
單位預算案,監察院104年度單位預算案,12605,監察院104年度單位預算案,監察院104年度單位預算案,監察院
單位預算案,監察院105年度單位預算案,20931,監察院105年度單位預算案,監察院105年度單位預算案,監察院
單位預算案,107年度監察院單位預算案,55553,107年度監察院單位預算案,,監察院
單位預算案書,監察院106年度單位預算案書,34228,監察院106年度單位預算案書,監察院106年度單位預算案書,監察院
地方政府以前年度總決算歲入歲出決算審定資料,地方政府以前年度總決算歲入歲出決算審定資料,13982,地方政府以前年度總決算歲入歲出決算審定資料,Government;FiscalYear;OriginalYear;Category;FundCode;AuthorityCode;AgencyCode;OperationPlanCode;WorkPlanCode;Account;Sequence1;Sequence2;Sequence3;Sequence4;AccountTitle;ReceivablePayable;Encumbrance;Final_Deduction;Final_EncumbranceDeduction;Final_Realized;Final_RealizedEncumbrance;Final_Adjustment;Final_AdjustmentEncumbrance;Adjusting_Deduction;Adjusting_EncumbranceDeduction;Adjusting_Realized;Adjusting_RealizedEncumbrance;Audited_Deduction;Audited_EncumbranceDeduction;Audited_Realized;Audited_RealizedEncumbrance;Audited_Adjustment;Audited_AdjustmentEncumbrance;Title,審計部
地方政府總決算歲入歲出決算審定資料,地方政府總決算歲入歲出決算審定資料,13979,地方政府總決算歲入歲出決算審定資料,Government;FiscalYear;Category;FundCode;AuthorityCode;AgencyCode;OperationPlanCode;WorkPlanCode;Account;Sequence1;Sequence2;Sequence3;Sequence4;AccountTitle;Budget;Final_Realized;Final_ReceivablePayable;Final_Encumbrance;Adjustment_Realized;Adjustment_ReceivablePayable;Adjustment_Encumbrance;Audited_Realized;Audited_ReceivablePayable;Audited_Encumbrance;Title,審計部
審計工作概況,審計工作概況,12879,普通公務、特種公務、公有營事業審計工作概況,Yy;Mm;DepartmentName;Dis;Month;Spot;Special;Semi;Final;MonthNotify;MonthNotifyItem;SpotNotify;SpotNotifyItem;SpecialNotify;SpecialNotifyItem;SemiNotify;SemiNotifyItem;FinalCertify;FinalNotify;FinalNotifyItem,審計部
審計意見,審計意見,10312,總決算審核報告、半年結算查核報告、鄉鎮市財務審核資訊、直轄市及縣市地方決算審核結果年報、鄉鎮縣轄市財務審核結果年報、專案審計報告及重要政府審計資訊之審計意見。,ItemNo;Title;Department;DepartmentNo;OrganName;OrganNameNo;UpDateTime;SubjectKind;SubjectKindNo;AuditOpinionKind;AuditOpinionKindNo;ItemData;ItemDataLink;OrgNo;PorgNo,審計部
審計機關審核各機關決算修正歲入決算通知繳庫數,審計機關審核各機關決算修正歲入決算通知繳庫數,77945,本部各廳、覆審室暨所屬各審計處室審核各機關決算修正歲入決算通知繳庫數均為統計對象。,Yy;City;Surplus;Custody;Temporary;Recover;Missed,審計部
審計機關審核各機關決算修正歲出決算通知剔除減列繳庫數,審計機關審核各機關決算修正歲出決算通知剔除減列繳庫數,77946,本部各廳、覆審室暨所屬各審計處室審核各機關決算修正歲出決算通知剔除減列繳庫數均為統計對象。,Yy;City;NotfitDel;NotfitDec;BalanceDel;BalanceDec;RetentionDel;RetentionDec,審計部
審計機關審核各機關財務不忠不法案件,審計機關審核各機關財務不忠不法案件,77937,審計部暨所屬審計處室審核各機關財務不忠不法案件均為統計對象。,Yy;City;Law;Yuan;Administrative;MajorDemerit;Demerit;Reprimand,審計部
審計機關審核各稽徵機關賦稅捐費依法補徵退還稅款,審計機關審核各稽徵機關賦稅捐費依法補徵退還稅款,80618,審計部暨所屬審計處室審核賦稅捐費補徵退還稅款均為統計對象。,Yy;Categories;Title;IncCount;IncAmount;DecCount;DecAmount,審計部
審計機關審核各級政府公有營事業決算修正及審定數額彙總表,審計機關審核各級政府公有營事業決算修正及審定數額彙總表,77959,本部暨所屬各審計處室審核審核各級政府年度公有營事業決算之修正數及決算之審定數結果均為統計對象。,Yy;City;ExpensesFinal;ExpensesFinalAudit;IncomeFinal;IncomeFinalAudit,審計部
審計機關審核各級政府公有營事業決算修正情形彙總表,審計機關審核各級政府公有營事業決算修正情形彙總表,77965,本部暨所屬各審計處室審核各級政府公有營事業決算剔除及修正數均為統計對象。,Yy;City;CorrectedIncomeInc;CorrectedIncomeDec;CorrectedExpensesInc;CorrectedExpensesDec,審計部
審計機關審核各級政府非營業特種基金決算修正及審定數額彙總表,審計機關審核各級政府非營業特種基金決算修正及審定數額彙總表,77947,本部暨所屬各審計處室審核審核各級政府年度非營業特種基金決算之修正數及決算之審定數結果均為統計對象。,Yy;City;ExpensesFinal;ExpensesFinalAudit;IncomeFinal;IncomeFinalAudit;SourceFinal;SourceFinalAudit;UseFinal;UseFinalAudit,審計部
審計機關審核各級政府非營業特種基金決算修正情形彙總表,審計機關審核各級政府非營業特種基金決算修正情形彙總表,77953,本部暨所屬各審計處室審核審核各級政府年度非營業特種基金決算之修正數及決算之審定數結果均為統計對象。,Yy;City;CorrectedIncomeInc;CorrectedIncomeDec;CorrectedExpensesInc;CorrectedExpensesDec;CorrectedSourceInc;CorrectedSourceDec;CorrectedUseInc;CorrectedUseDec,審計部
審計機關審核政府單位數,審計機關審核政府單位數,77943,審計部暨所屬各審計處室審核轄區內各級政府總預算機關單位、非營業特種基金、營業基金等機關單位均為統計對象。,Yy;Dept;TotalBudget;TotalBudgetBranches;Nonprofit;NonprofitBranches;Profit;ProfitBranches,審計部
審計機關監督政府預算數,審計機關監督政府預算數,77944,審計部暨所屬各審計處室監督轄區內各級政府總預算、非營業特種基金預算、營業基金預算及特別預算當年度分配金額等均為統計對象。,Yy;Dept;TotalBudgetRevenue;TotalBudgetExpenditure;TotalBudgetDebtLoan;TotalBudgetDebtRepayment;NonprofitIncome;NonprofitExpenditure;ProfitIncome;ProfitExpenditure;SpecialIncome;SpecialExpenditure;SpecialDebtLoan;SpecialDebtRepayment,審計部
審計機關辦理各機關財務績效審計結果,審計機關辦理各機關財務績效審計結果,77967,覆審室暨所屬各審計處室辦理各機關財務績效性審計結果均為統計對象。,Yy;City;Enhance;Unexpected;Internalaudit;Implementation;Property;Production;Purchase;Other,審計部
審計機關辦理專案財物稽察,審計機關辦理專案財物稽察,80746,本部第五廳暨所屬各審計處室辦理專案財物稽察均為統計對象。,Yy;Quarterly;DeptName;Close;Cy;CyItem;Cy17;Cy17Item;Punish;PunishItem;Discard;DiscardAmount;SuggestA;SuggestB;SuggestC;SuggestD;SuggestE;Identify;Notice;Other;Correct;Amendment,審計部
審計部單位決算,審計部單位決算,19763,審計部單位決算(按年度),go_ordinary;expid;budgetno7;samt9;samt10;samt11;samt12;samt15;samt16;samt17;samt18;samt19;samt20;subp1;subp2;useno;agenitemserialno1;agenitemserialno2;agenitemserialno3;agenitemserialno4;budgetnochk;budgetname;objectname;subprojectname;subp2_name;go_level;sort1;budgetyear;go_memo;f1;f2;f3;f4;f5;currencydecimal;spage;smemo;down_page;samt13;samt21;samt22;samt23;f6;會計年度;款;項;目;節;預算科目編號;預算科目名稱;細目編號;細目名稱;預算數_原預算數;預算數_預算增減數;預算數_合計1;決算數_實現數;決算數_應收數;決算數_保留數;決算數_合計2;預決算比較增減數;決算數占預算數之比率;分計畫編號;分計畫名稱;用途別編號;用途別名稱;原預算數;預算追加減數;動支第一預備金數;動支第二預備金數;經費流用數;預算調整數;預算增減數小計;預算數合計1;實現數;應付數;保留數;決算數合計2;預算年度;以前年度轉入數_應收數;以前年度轉入數_保留數;本年度減免註銷數_應收數;本年度減免註銷數_保留數;本年度實現數_應收數;本年度實現數_保留數;本年度調整數_應收數;本年度調整數_保留數;本年度未結清數_應收數;本年度未結清數_保留數;以前年度轉入數_應付數;本年度減免註銷數_應付數;本年度實現數_應付數;本年度調整數_應付數;本年度未結清數_應付數;月份;基金別;會計分類;使用機關別;科目分類;會計科目編號;會計科目名稱;金額,審計部
審計部單位預算案,審計部單位預算案,20864,審計部單位預算(按年度),,審計部
審計部新北市審計處單位決算,審計部新北市審計處單位決算,19765,審計部新北市審計處單位決算(按年度),go_ordinary;budgetyear;expid;budgetno7;samt9;samt10;samt11;samt12;samt15;samt16;samt17;samt18;subp1;subp2;useno;agenitemserialno1;agenitemserialno2;agenitemserialno3;agenitemserialno4;budgetnochk;budgetname;objectname;subprojectname;subp2_name;go_memo;go_level;samt13;samt19;samt20;samt21;samt22;samt23;f1;f2;f3;f4;f5;currencydecimal;spage;f6;smemo;down_page;會計年度;款;項;目;節;預算科目編號;預算科目名稱;細目編號;細目名稱;預算數_原預算數;預算數_預算增減數;預算數_合計1;決算數_實現數;決算數_應收數;決算數_保留數;決算數_合計2;預決算比較增減數;決算數占預算數之比率;分計畫編號;分計畫名稱;用途別編號;用途別名稱;原預算數;預算追加減數;動支第一預備金數;動支第二預備金數;經費流用數;預算調整數;預算增減數小計;預算數合計1;實現數;應付數;保留數;決算數合計2;月份;基金別;會計分類;使用機關別;科目分類;會計科目編號;會計科目名稱;金額;本年度金額;上年度金額;url_link,審計部
審計部新北市審計處單位預算案,審計部新北市審計處單位預算案,20866,審計部新北市審計處單位預算(按年度),,審計部
審計部新北市審計處會計報告,審計部新北市審計處會計報告,19911,審計部新北市審計處會計月報(按月),會計年度;月份;款;項;目;節;預算年度;預算科目編號;預算科目名稱;細目編號;細目名稱;原預算數;追加減數;截至本月止累計分配數_1;本月實現數;截至本月止累計實現數_2;應收收入數_3;分配數預算餘額_4;分支計畫編號;分支計畫名稱;用途別編號;用途別名稱;第一預備金;第二預備金;經費流用數;預算調整數;應付數;已分配尚未執行數;備註_預暫付數;基金別;會計分類;使用機關別;科目分類;會計科目編號;會計科目名稱;金額;科目名稱;取得成本;以前年度累計折舊_長期投資評價;本年度資本資產成本變動_增加數;本年度資本資產成本變動_減少數;本年度累計折舊_長期投資評價變動數;期末帳面金額;備註;業務計畫或工作計畫;經資門;執行數;項目;收入實現數;減項_收入待納庫數;加項_以前年度待納庫繳庫數;加項_以前年度撥款於本年度繳還數_材料;加項_以前年度撥款於本年度繳還數_存出保證金;加項_以前年度撥款於本年度繳還數_其他應收款;加項_預收款;加項_剔除經費;繳付公庫數;一級用途別編號;一級用途別名稱;支出實現數;加項_預付款;加項_材料;加項_存出保證金;加項_零用金;加項_退還收入預收款;加項_其他應收款;減項_以前年度撥款於本年度實現數;公庫撥入數;公庫分配數餘額;金額_本月數;金額_累計數,審計部
審計部新北市審計處法定預算,審計部新北市審計處法定預算,12713,審計部新北市審計處法定預算(依年度),mh_itemserialno1;mh_itemserialno2;mh_itemserialno3;mh_itemserialno4;budgetno;mh_budgetname;budgetno_conver;tyear_amt;lyear_amt;byear_amt;b_amt;bc_content;blevel;ordinaryid;agenno;agentype;displayname;memo;ba_fiscalyear;ba_fundkind;ba_budgetkind;ba_specialbudgetno;ba_agenno;ba_agentype;ba_budgetstate;ba_versiondate;ba_budgetyear;ba_budgetno;ba_subprojectno;mj_subprojectname;ba_departno;ba_objectno;ba_budgettype;ba_budgetsource;ba_mergetype;ba_budgetamt;ba_flowflag;ba_signflag;ba_signno;ba_key;bc_fiscalyear;bc_fundkind;bc_budgetkind;bc_specialbudgetno;bc_agenno;bc_agentype;bc_budgetstate;bc_reportno;bc_key;bc_versiondate;objectNo;budget;total;款;項;目;節;科目名稱;預算科目編號;人事費;業務費_經;奬補助費_經;債務費;預備金_經;經常支出小計;業務費_資;設備及投資;奬補助費_資;預備金_資;資本支出小計;合計;budgetname;damt1;damt2;damt3;damt4;damt5;damt6;damt7;damt8;damt9;damt10;damt11;no1;no2;no3;no4;b_level;level;mi_objectname;objectnoname;budgetamt_sum;displaymemo;btn_memo;bn_fiscalyear;bn_fundkind;bn_budgetkind;bn_specialbudgetno;bn_agenno;bn_agentype;bn_budgetstate;bn_budgetsource;bn_man1;bn_man1_l;bn_man2;bn_man2_l;bn_man3;bn_man3_l;bn_man4;bn_man4_l;bn_man5;bn_man5_l;bn_man6;bn_man6_l;bn_man7;bn_man7_l;bn_man8;bn_man8_l;bn_man9;bn_man9_l;bn_man10;bn_man10_l;bn_man11;bn_man11_l;bn_amt_man;bn_amt_mngbsn;bn_text;display_name;bq_fiscalyear;bq_fundkind;bq_budgetkind;bq_specialbudgetno;bq_agenno;bq_agentype;bq_budgetstate;bq_budgetno;bq_objectno;bq_carid;bq_persons;bq_buydate;bq_ventsize;bq_oilamt;bq_oilprice;bq_amt_maintain;bq_amt5;bq_carnum;bq_remark;bq_lpgamt;bq_lpgprice;bq_versiondate;m33_fiscalyear;m33_reportno;m33_level1;m33_level2;m33_level3;m33_level4;m33_objectname;m33_objectno;m33_detailid;br_fiscalyear;br_fundkind;br_budgetkind;br_specialbudgetno;br_agenno;br_agentype;br_budgetstate;br_objectno;br_holds1;br_area1;br_bookvalue1;br_amtyear1;br_holds2;br_area2;br_amtyear2;br_holds3;br_area3;br_deposit;br_rental;br_amtyear3;br_area4;br_deposit4;br_rental4;br_amtyear4;br_versiondate;br_text;bh_fiscalyear;bh_fundkind;bh_budgetkind;bh_specialbudgetno;bh_agenno;bh_agentype;bh_budgetstate;bh_versiondate;bh_objectno;bh_endowplanno;bh_endowplanname;bh_donname;bh_endowsts;bh_budgetno;bh_subprojectno;bh_budgetsource;bh_applyid;bh_startyear;bh_endyear;bh_donrem;bh_bgtyear;bh_amt_man;bh_amt_business;bh_amt_other;bh_amt_land;bh_amt_house;bh_amt6;bh_amt7;bh_flowflag;bh_signflag;bh_signno;mj_subprojectno_na;職能別分類經濟性分類;消費支出_經;債務利息_經;補助地方_經;移轉民間_經;小計_經;資本形成_資;土地購入_資;增資_資;補助地方_資;移轉民間_資;小計_資;總計,審計部
審計部會計報告,審計部會計報告,19909,審計部會計月報(按月),會計年度;月份;款;項;目;節;預算年度;預算科目編號;預算科目名稱;細目編號;細目名稱;原預算數;追加減數;截至本月止累計分配數_1;本月實現數;截至本月止累計實現數_2;應收收入數_3;分配數預算餘額_4;分支計畫編號;分支計畫名稱;用途別編號;用途別名稱;第一預備金;第二預備金;經費流用數;預算調整數;應付數;已分配尚未執行數;備註_預暫付數;以前年度轉入數;應收數;保留數;減免;截至本月止累計實現數;調整數;尚未執行數;基金別;會計分類;使用機關別;科目分類;會計科目編號;會計科目名稱;金額;科目名稱;取得成本;以前年度累計折舊_長期投資評價;本年度資本資產成本變動_增加數;本年度資本資產成本變動_減少數;本年度累計折舊_長期投資評價變動數;期末帳面金額;備註;業務計畫或工作計畫;經資門;執行數;項目;收入實現數;減項_收入待納庫數;加項_以前年度待納庫繳庫數;加項_以前年度撥款於本年度繳還數_材料;加項_以前年度撥款於本年度繳還數_存出保證金;加項_以前年度撥款於本年度繳還數_其他應收款;加項_預收款;加項_剔除經費;繳付公庫數;一級用途別編號;一級用途別名稱;支出實現數;加項_預付款;加項_材料;加項_存出保證金;加項_零用金;加項_退還收入預收款;加項_其他應收款;減項_以前年度撥款於本年度實現數;公庫撥入數;公庫分配數餘額;金額_本月數;金額_累計數,審計部
審計部桃園市審計處單位決算,審計部桃園市審計處單位決算,19745,審計部桃園市審計處單位決算(按年度),go_ordinary;budgetyear;expid;budgetno7;samt9;samt10;samt11;samt12;samt15;samt16;samt17;samt18;subp1;subp2;useno;agenitemserialno1;agenitemserialno2;agenitemserialno3;agenitemserialno4;budgetnochk;budgetname;objectname;subprojectname;subp2_name;go_memo;go_level;f1;f2;f3;f4;f5;currencydecimal;spage;smemo;down_page;samt13;samt19;samt20;samt21;samt22;samt23;f6;會計年度;款;項;目;節;預算科目編號;預算科目名稱;細目編號;細目名稱;預算數_原預算數;預算數_預算增減數;預算數_合計1;決算數_實現數;決算數_應收數;決算數_保留數;決算數_合計2;預決算比較增減數;決算數占預算數之比率;分計畫編號;分計畫名稱;用途別編號;用途別名稱;原預算數;預算追加減數;動支第一預備金數;動支第二預備金數;經費流用數;預算調整數;預算增減數小計;預算數合計1;實現數;應付數;保留數;決算數合計2;月份;基金別;會計分類;使用機關別;科目分類;會計科目編號;會計科目名稱;金額;本年度金額;上年度金額,審計部
審計部桃園市審計處單位預算案,審計部桃園市審計處單位預算案,19766,審計部桃園市審計處單位預算(按年度),,審計部
審計部桃園市審計處會計報告,審計部桃園市審計處會計報告,19912,審計部桃園市審計處會計月報(按月),會計年度;月份;款;項;目;節;預算年度;預算科目編號;預算科目名稱;細目編號;細目名稱;原預算數;追加減數;截至本月止累計分配數_1;本月實現數;截至本月止累計實現數_2;應收收入數_3;分配數預算餘額_4;分支計畫編號;分支計畫名稱;用途別編號;用途別名稱;第一預備金;第二預備金;經費流用數;預算調整數;應付數;已分配尚未執行數;備註_預暫付數;基金別;會計分類;使用機關別;科目分類;會計科目編號;會計科目名稱;金額;科目名稱;取得成本;以前年度累計折舊_長期投資評價;本年度資本資產成本變動_增加數;本年度資本資產成本變動_減少數;本年度累計折舊_長期投資評價變動數;期末帳面金額;備註;業務計畫或工作計畫;經資門;執行數;項目;收入實現數;減項_收入待納庫數;加項_以前年度待納庫繳庫數;加項_以前年度撥款於本年度繳還數_材料;加項_以前年度撥款於本年度繳還數_存出保證金;加項_以前年度撥款於本年度繳還數_其他應收款;加項_預收款;加項_剔除經費;繳付公庫數;一級用途別編號;一級用途別名稱;支出實現數;加項_預付款;加項_材料;加項_存出保證金;加項_零用金;加項_退還收入預收款;加項_其他應收款;減項_以前年度撥款於本年度實現數;公庫撥入數;公庫分配數餘額;金額_本月數;金額_累計數,審計部
審計部桃園市審計處法定預算,審計部桃園市審計處法定預算,12714,審計部桃園市審計處法定預算(依年度),mh_itemserialno1;mh_itemserialno2;mh_itemserialno3;mh_itemserialno4;budgetno;mh_budgetname;budgetno_conver;tyear_amt;lyear_amt;byear_amt;b_amt;bc_content;blevel;ordinaryid;agenno;agentype;displayname;memo;ba_fiscalyear;ba_fundkind;ba_budgetkind;ba_specialbudgetno;ba_agenno;ba_agentype;ba_budgetstate;ba_versiondate;ba_budgetyear;ba_budgetno;ba_subprojectno;mj_subprojectname;ba_departno;ba_objectno;ba_budgettype;ba_budgetsource;ba_mergetype;ba_budgetamt;ba_flowflag;ba_signflag;ba_signno;ba_key;bc_fiscalyear;bc_fundkind;bc_budgetkind;bc_specialbudgetno;bc_agenno;bc_agentype;bc_budgetstate;bc_reportno;bc_key;bc_versiondate;objectNo;budget;total;款;項;目;節;科目名稱;預算科目編號;人事費;業務費_經;奬補助費_經;債務費;預備金_經;經常支出小計;業務費_資;設備及投資;奬補助費_資;預備金_資;資本支出小計;合計;budgetname;damt1;damt2;damt3;damt4;damt5;damt6;damt7;damt8;damt9;damt10;damt11;no1;no2;no3;no4;b_level;level;mi_objectname;objectnoname;budgetamt_sum;displaymemo;btn_memo;bn_fiscalyear;bn_fundkind;bn_budgetkind;bn_specialbudgetno;bn_agenno;bn_agentype;bn_budgetstate;bn_budgetsource;bn_man1;bn_man1_l;bn_man2;bn_man2_l;bn_man3;bn_man3_l;bn_man4;bn_man4_l;bn_man5;bn_man5_l;bn_man6;bn_man6_l;bn_man7;bn_man7_l;bn_man8;bn_man8_l;bn_man9;bn_man9_l;bn_man10;bn_man10_l;bn_man11;bn_man11_l;bn_amt_man;bn_amt_mngbsn;bn_text;display_name;bq_fiscalyear;bq_fundkind;bq_budgetkind;bq_specialbudgetno;bq_agenno;bq_agentype;bq_budgetstate;bq_budgetno;bq_objectno;bq_carid;bq_persons;bq_buydate;bq_ventsize;bq_oilamt;bq_oilprice;bq_amt_maintain;bq_amt5;bq_carnum;bq_remark;bq_lpgamt;bq_lpgprice;bq_versiondate;m33_fiscalyear;m33_reportno;m33_level1;m33_level2;m33_level3;m33_level4;m33_objectname;m33_objectno;m33_detailid;br_fiscalyear;br_fundkind;br_budgetkind;br_specialbudgetno;br_agenno;br_agentype;br_budgetstate;br_objectno;br_holds1;br_area1;br_bookvalue1;br_amtyear1;br_holds2;br_area2;br_amtyear2;br_holds3;br_area3;br_deposit;br_rental;br_amtyear3;br_area4;br_deposit4;br_rental4;br_amtyear4;br_versiondate;br_text;bh_fiscalyear;bh_fundkind;bh_budgetkind;bh_specialbudgetno;bh_agenno;bh_agentype;bh_budgetstate;bh_versiondate;bh_objectno;bh_endowplanno;bh_endowplanname;bh_donname;bh_endowsts;bh_budgetno;bh_subprojectno;bh_budgetsource;bh_applyid;bh_startyear;bh_endyear;bh_donrem;bh_bgtyear;bh_amt_man;bh_amt_business;bh_amt_other;bh_amt_land;bh_amt_house;bh_amt6;bh_amt7;bh_flowflag;bh_signflag;bh_signno;mj_subprojectno_na;職能別分類經濟性分類;消費支出_經;債務利息_經;補助地方_經;移轉民間_經;小計_經;資本形成_資;土地購入_資;增資_資;補助地方_資;移轉民間_資;小計_資;總計,審計部
審計部法定預算,審計部法定預算,12711,審計部法定預算(依年度),,審計部
審計部臺中市審計處單位決算,審計部臺中市審計處單位決算,19767,審計部臺中市審計處單位決算(按年度),go_ordinary;budgetyear;expid;budgetno7;samt9;samt10;samt11;samt12;samt15;samt16;samt17;samt18;subp1;subp2;useno;agenitemserialno1;agenitemserialno2;agenitemserialno3;agenitemserialno4;budgetnochk;budgetname;objectname;subprojectname;subp2_name;go_memo;go_level;samt13;samt19;samt20;samt21;samt22;samt23;f1;f2;f3;f4;f5;currencydecimal;spage;f6;smemo;down_page;會計年度;款;項;目;節;預算科目編號;預算科目名稱;細目編號;細目名稱;預算數_原預算數;預算數_預算增減數;預算數_合計1;決算數_實現數;決算數_應收數;決算數_保留數;決算數_合計2;預決算比較增減數;決算數占預算數之比率;分計畫編號;分計畫名稱;用途別編號;用途別名稱;原預算數;預算追加減數;動支第一預備金數;動支第二預備金數;經費流用數;預算調整數;預算增減數小計;預算數合計1;實現數;應付數;保留數;決算數合計2;月份;基金別;會計分類;使用機關別;科目分類;會計科目編號;會計科目名稱;金額;本年度金額;上年度金額,審計部
審計部臺中市審計處單位預算案,審計部臺中市審計處單位預算案,20867,審計部臺中市審計處單位預算(按年度),,審計部
審計部臺中市審計處會計報告,審計部臺中市審計處會計報告,19913,審計部臺中市審計處會計月報(按月),go_ordinary;expid;budgetno7;samt9;samt10;samt11;samt12;samt13;samt14;samt17;samt18;samt19;samt20;samt22;useno;subp1;subp2;agenitemserialno1;agenitemserialno2;agenitemserialno3;agenitemserialno4;budgetnochk;budgetname;objectname;subprojectname;subp2_name;go_level;go_word;go_no;mh_expid;f1;f2;f3;f4;f5;currencydecimal;li_accyear;ls_agenno;ls_agentype;li_month;ls_bdate;ls_edate;ls_signtype;spage;f6;f7;smemo;item;sum0;sum1;sum2;sum3;bpage;flag;會計年度;月份;款;項;目;節;預算年度;預算科目編號;預算科目名稱;細目編號;細目名稱;原預算數;追加減數;截至本月止累計分配數_1;本月實現數;截至本月止累計實現數_2;應收收入數_3;分配數預算餘額_4;分支計畫編號;分支計畫名稱;用途別編號;用途別名稱;第一預備金;第二預備金;經費流用數;預算調整數;應付數;已分配尚未執行數;備註_預暫付數;基金別;會計分類;使用機關別;科目分類;會計科目編號;會計科目名稱;金額;科目名稱;取得成本;以前年度累計折舊_長期投資評價;本年度資本資產成本變動_增加數;本年度資本資產成本變動_減少數;本年度累計折舊_長期投資評價變動數;期末帳面金額;備註;業務計畫或工作計畫;經資門;執行數;項目;收入實現數;減項_收入待納庫數;加項_以前年度待納庫繳庫數;加項_以前年度撥款於本年度繳還數_材料;加項_以前年度撥款於本年度繳還數_存出保證金;加項_以前年度撥款於本年度繳還數_其他應收款;加項_預收款;加項_剔除經費;繳付公庫數;一級用途別編號;一級用途別名稱;支出實現數;加項_預付款;加項_材料;加項_存出保證金;加項_零用金;加項_退還收入預收款;加項_其他應收款;減項_以前年度撥款於本年度實現數;公庫撥入數;公庫分配數餘額;金額_本月數;金額_累計數,審計部
審計部臺中市審計處法定預算,審計部臺中市審計處法定預算,12715,審計部臺中市審計處法定預算(依年度),mh_itemserialno1;mh_itemserialno2;mh_itemserialno3;mh_itemserialno4;budgetno;mh_budgetname;budgetno_conver;tyear_amt;lyear_amt;byear_amt;b_amt;bc_content;blevel;ordinaryid;agenno;agentype;displayname;memo;ba_fiscalyear;ba_fundkind;ba_budgetkind;ba_specialbudgetno;ba_agenno;ba_agentype;ba_budgetstate;ba_versiondate;ba_budgetyear;ba_budgetno;ba_subprojectno;mj_subprojectname;ba_departno;ba_objectno;ba_budgettype;ba_budgetsource;ba_mergetype;ba_budgetamt;ba_flowflag;ba_signflag;ba_signno;ba_key;bc_fiscalyear;bc_fundkind;bc_budgetkind;bc_specialbudgetno;bc_agenno;bc_agentype;bc_budgetstate;bc_reportno;bc_key;bc_versiondate;objectNo;budget;total;款;項;目;節;科目名稱;預算科目編號;人事費;業務費_經;奬補助費_經;債務費;預備金_經;經常支出小計;業務費_資;設備及投資;奬補助費_資;預備金_資;資本支出小計;合計;budgetname;damt1;damt2;damt3;damt4;damt5;damt6;damt7;damt8;damt9;damt10;damt11;no1;no2;no3;no4;b_level;level;mi_objectname;objectnoname;budgetamt_sum;displaymemo;btn_memo;bn_fiscalyear;bn_fundkind;bn_budgetkind;bn_specialbudgetno;bn_agenno;bn_agentype;bn_budgetstate;bn_budgetsource;bn_man1;bn_man1_l;bn_man2;bn_man2_l;bn_man3;bn_man3_l;bn_man4;bn_man4_l;bn_man5;bn_man5_l;bn_man6;bn_man6_l;bn_man7;bn_man7_l;bn_man8;bn_man8_l;bn_man9;bn_man9_l;bn_man10;bn_man10_l;bn_man11;bn_man11_l;bn_amt_man;bn_amt_mngbsn;bn_text;display_name;bq_fiscalyear;bq_fundkind;bq_budgetkind;bq_specialbudgetno;bq_agenno;bq_agentype;bq_budgetstate;bq_budgetno;bq_objectno;bq_carid;bq_persons;bq_buydate;bq_ventsize;bq_oilamt;bq_oilprice;bq_amt_maintain;bq_amt5;bq_carnum;bq_remark;bq_lpgamt;bq_lpgprice;bq_versiondate;m33_fiscalyear;m33_reportno;m33_level1;m33_level2;m33_level3;m33_level4;m33_objectname;m33_objectno;m33_detailid;br_fiscalyear;br_fundkind;br_budgetkind;br_specialbudgetno;br_agenno;br_agentype;br_budgetstate;br_objectno;br_holds1;br_area1;br_bookvalue1;br_amtyear1;br_holds2;br_area2;br_amtyear2;br_holds3;br_area3;br_deposit;br_rental;br_amtyear3;br_area4;br_deposit4;br_rental4;br_amtyear4;br_versiondate;br_text;bh_fiscalyear;bh_fundkind;bh_budgetkind;bh_specialbudgetno;bh_agenno;bh_agentype;bh_budgetstate;bh_versiondate;bh_objectno;bh_endowplanno;bh_endowplanname;bh_donname;bh_endowsts;bh_budgetno;bh_subprojectno;bh_budgetsource;bh_applyid;bh_startyear;bh_endyear;bh_donrem;bh_bgtyear;bh_amt_man;bh_amt_business;bh_amt_other;bh_amt_land;bh_amt_house;bh_amt6;bh_amt7;bh_flowflag;bh_signflag;bh_signno;mj_subprojectno_na;職能別分類經濟性分類;消費支出_經;債務利息_經;補助地方_經;移轉民間_經;小計_經;資本形成_資;土地購入_資;增資_資;補助地方_資;移轉民間_資;小計_資;總計,審計部
審計部臺北市審計處單位決算,審計部臺北市審計處單位決算,19764,審計部臺北市審計處單位決算(按年度),go_ordinary;budgetyear;expid;budgetno7;samt9;samt10;samt11;samt12;samt15;samt16;samt17;samt18;subp1;subp2;useno;agenitemserialno1;agenitemserialno2;agenitemserialno3;agenitemserialno4;budgetnochk;budgetname;objectname;subprojectname;subp2_name;go_memo;go_level;f1;f2;f3;f4;f5;currencydecimal;spage;smemo;down_page;samt13;samt19;samt20;samt21;samt22;samt23;f6;會計年度;款;項;目;節;預算科目編號;預算科目名稱;細目編號;細目名稱;預算數_原預算數;預算數_預算增減數;預算數_合計1;決算數_實現數;決算數_應收數;決算數_保留數;決算數_合計2;預決算比較增減數;決算數占預算數之比率;分計畫編號;分計畫名稱;用途別編號;用途別名稱;原預算數;預算追加減數;動支第一預備金數;動支第二預備金數;經費流用數;預算調整數;預算增減數小計;預算數合計1;實現數;應付數;保留數;決算數合計2;月份;基金別;會計分類;使用機關別;科目分類;會計科目編號;會計科目名稱;金額;本年度金額;上年度金額,審計部
審計部臺北市審計處單位預算案,審計部臺北市審計處單位預算案,20865,審計部臺北市審計處單位預算(按年度),,審計部
審計部臺北市審計處會計報告,審計部臺北市審計處會計報告,19910,審計部臺北市審計處會計月報(按月),會計年度;月份;款;項;目;節;預算年度;預算科目編號;預算科目名稱;細目編號;細目名稱;原預算數;追加減數;截至本月止累計分配數_1;本月實現數;截至本月止累計實現數_2;應收收入數_3;分配數預算餘額_4;分支計畫編號;分支計畫名稱;用途別編號;用途別名稱;第一預備金;第二預備金;經費流用數;預算調整數;應付數;已分配尚未執行數;備註_預暫付數;基金別;會計分類;使用機關別;科目分類;會計科目編號;會計科目名稱;金額;科目名稱;取得成本;以前年度累計折舊_長期投資評價;本年度資本資產成本變動_增加數;本年度資本資產成本變動_減少數;本年度累計折舊_長期投資評價變動數;期末帳面金額;備註;業務計畫或工作計畫;經資門;執行數;項目;收入實現數;減項_收入待納庫數;加項_以前年度待納庫繳庫數;加項_以前年度撥款於本年度繳還數_材料;加項_以前年度撥款於本年度繳還數_存出保證金;加項_以前年度撥款於本年度繳還數_其他應收款;加項_預收款;加項_剔除經費;繳付公庫數;一級用途別編號;一級用途別名稱;支出實現數;加項_預付款;加項_材料;加項_存出保證金;加項_零用金;加項_退還收入預收款;加項_其他應收款;減項_以前年度撥款於本年度實現數;公庫撥入數;公庫分配數餘額;金額_本月數;金額_累計數,審計部
審計部臺北市審計處法定預算,審計部臺北市審計處法定預算,12712,審計部臺北市審計處法定預算(依年度),mh_itemserialno1;mh_itemserialno2;mh_itemserialno3;mh_itemserialno4;budgetno;mh_budgetname;budgetno_conver;tyear_amt;lyear_amt;byear_amt;b_amt;bc_content;blevel;ordinaryid;agenno;agentype;displayname;memo;ba_fiscalyear;ba_fundkind;ba_budgetkind;ba_specialbudgetno;ba_agenno;ba_agentype;ba_budgetstate;ba_versiondate;ba_budgetyear;ba_budgetno;ba_subprojectno;mj_subprojectname;ba_departno;ba_objectno;ba_budgettype;ba_budgetsource;ba_mergetype;ba_budgetamt;ba_flowflag;ba_signflag;ba_signno;ba_key;bc_fiscalyear;bc_fundkind;bc_budgetkind;bc_specialbudgetno;bc_agenno;bc_agentype;bc_budgetstate;bc_reportno;bc_key;bc_versiondate;objectNo;budget;total;款;項;目;節;科目名稱;預算科目編號;人事費;業務費_經;奬補助費_經;債務費;預備金_經;經常支出小計;業務費_資;設備及投資;奬補助費_資;預備金_資;資本支出小計;合計;budgetname;damt1;damt2;damt3;damt4;damt5;damt6;damt7;damt8;damt9;damt10;damt11;no1;no2;no3;no4;b_level;level;mi_objectname;objectnoname;budgetamt_sum;displaymemo;btn_memo;bn_fiscalyear;bn_fundkind;bn_budgetkind;bn_specialbudgetno;bn_agenno;bn_agentype;bn_budgetstate;bn_budgetsource;bn_man1;bn_man1_l;bn_man2;bn_man2_l;bn_man3;bn_man3_l;bn_man4;bn_man4_l;bn_man5;bn_man5_l;bn_man6;bn_man6_l;bn_man7;bn_man7_l;bn_man8;bn_man8_l;bn_man9;bn_man9_l;bn_man10;bn_man10_l;bn_man11;bn_man11_l;bn_amt_man;bn_amt_mngbsn;bn_text;display_name;bq_fiscalyear;bq_fundkind;bq_budgetkind;bq_specialbudgetno;bq_agenno;bq_agentype;bq_budgetstate;bq_budgetno;bq_objectno;bq_carid;bq_persons;bq_buydate;bq_ventsize;bq_oilamt;bq_oilprice;bq_amt_maintain;bq_amt5;bq_carnum;bq_remark;bq_lpgamt;bq_lpgprice;bq_versiondate;m33_fiscalyear;m33_reportno;m33_level1;m33_level2;m33_level3;m33_level4;m33_objectname;m33_objectno;m33_detailid;br_fiscalyear;br_fundkind;br_budgetkind;br_specialbudgetno;br_agenno;br_agentype;br_budgetstate;br_objectno;br_holds1;br_area1;br_bookvalue1;br_amtyear1;br_holds2;br_area2;br_amtyear2;br_holds3;br_area3;br_deposit;br_rental;br_amtyear3;br_area4;br_deposit4;br_rental4;br_amtyear4;br_versiondate;br_text;bh_fiscalyear;bh_fundkind;bh_budgetkind;bh_specialbudgetno;bh_agenno;bh_agentype;bh_budgetstate;bh_versiondate;bh_objectno;bh_endowplanno;bh_endowplanname;bh_donname;bh_endowsts;bh_budgetno;bh_subprojectno;bh_budgetsource;bh_applyid;bh_startyear;bh_endyear;bh_donrem;bh_bgtyear;bh_amt_man;bh_amt_business;bh_amt_other;bh_amt_land;bh_amt_house;bh_amt6;bh_amt7;bh_flowflag;bh_signflag;bh_signno;mj_subprojectno_na;職能別分類經濟性分類;消費支出_經;債務利息_經;補助地方_經;移轉民間_經;小計_經;資本形成_資;土地購入_資;增資_資;補助地方_資;移轉民間_資;小計_資;總計,審計部
審計部臺南市審計處單位決算,審計部臺南市審計處單位決算,19768,審計部臺南市審計處單位決算(按年度),go_ordinary;budgetyear;expid;budgetno7;samt9;samt10;samt11;samt12;samt15;samt16;samt17;samt18;subp1;subp2;useno;agenitemserialno1;agenitemserialno2;agenitemserialno3;agenitemserialno4;budgetnochk;budgetname;objectname;subprojectname;subp2_name;go_memo;go_level;f1;f2;f3;f4;f5;currencydecimal;spage;smemo;down_page;samt13;samt19;samt20;samt21;samt22;samt23;f6;會計年度;款;項;目;節;預算科目編號;預算科目名稱;細目編號;細目名稱;預算數_原預算數;預算數_預算增減數;預算數_合計1;決算數_實現數;決算數_應收數;決算數_保留數;決算數_合計2;預決算比較增減數;決算數占預算數之比率;分計畫編號;分計畫名稱;用途別編號;用途別名稱;原預算數;預算追加減數;動支第一預備金數;動支第二預備金數;經費流用數;預算調整數;預算增減數小計;預算數合計1;實現數;應付數;保留數;決算數合計2;月份;基金別;會計分類;使用機關別;科目分類;會計科目編號;會計科目名稱;金額;預算年度;以前年度轉入數_應付數;以前年度轉入數_保留數;本年度減免註銷數_應付數;本年度減免註銷數_保留數;本年度實現數_應付數;本年度實現數_保留數;本年度調整數_應付數;本年度調整數_保留數;本年度未結清數_應付數;本年度未結清數_保留數;本年度金額;上年度金額,審計部
審計部臺南市審計處單位預算案,審計部臺南市審計處單位預算案,20868,審計部臺南市審計處單位預算(按年度),,審計部
審計部臺南市審計處會計報告,審計部臺南市審計處會計報告,19914,審計部臺南市審計處會計月報(按月),會計年度;月份;款;項;目;節;預算年度;預算科目編號;預算科目名稱;細目編號;細目名稱;原預算數;追加減數;截至本月止累計分配數_1;本月實現數;截至本月止累計實現數_2;應收收入數_3;分配數預算餘額_4;分支計畫編號;分支計畫名稱;用途別編號;用途別名稱;第一預備金;第二預備金;經費流用數;預算調整數;應付數;已分配尚未執行數;備註_預暫付數;以前年度轉入數;保留數;減免;截至本月止累計實現數;調整數;尚未執行數;基金別;會計分類;使用機關別;科目分類;會計科目編號;會計科目名稱;金額;科目名稱;取得成本;以前年度累計折舊_長期投資評價;本年度資本資產成本變動_增加數;本年度資本資產成本變動_減少數;本年度累計折舊_長期投資評價變動數;期末帳面金額;備註;業務計畫或工作計畫;經資門;執行數;項目;收入實現數;減項_收入待納庫數;加項_以前年度待納庫繳庫數;加項_以前年度撥款於本年度繳還數_材料;加項_以前年度撥款於本年度繳還數_存出保證金;加項_以前年度撥款於本年度繳還數_其他應收款;加項_預收款;加項_剔除經費;繳付公庫數;一級用途別編號;一級用途別名稱;支出實現數;加項_預付款;加項_材料;加項_存出保證金;加項_零用金;加項_退還收入預收款;加項_其他應收款;減項_以前年度撥款於本年度實現數;公庫撥入數;公庫分配數餘額;金額_本月數;金額_累計數,審計部
審計部臺南市審計處法定預算,審計部臺南市審計處法定預算,12716,審計部臺南市審計處法定預算(依年度),mh_itemserialno1;mh_itemserialno2;mh_itemserialno3;mh_itemserialno4;budgetno;mh_budgetname;budgetno_conver;tyear_amt;lyear_amt;byear_amt;b_amt;bc_content;blevel;ordinaryid;agenno;agentype;displayname;memo;ba_fiscalyear;ba_fundkind;ba_budgetkind;ba_specialbudgetno;ba_agenno;ba_agentype;ba_budgetstate;ba_versiondate;ba_budgetyear;ba_budgetno;ba_subprojectno;mj_subprojectname;ba_departno;ba_objectno;ba_budgettype;ba_budgetsource;ba_mergetype;ba_budgetamt;ba_flowflag;ba_signflag;ba_signno;ba_key;bc_fiscalyear;bc_fundkind;bc_budgetkind;bc_specialbudgetno;bc_agenno;bc_agentype;bc_budgetstate;bc_reportno;bc_key;bc_versiondate;objectNo;budget;total;款;項;目;節;科目名稱;預算科目編號;人事費;業務費_經;奬補助費_經;債務費;預備金_經;經常支出小計;業務費_資;設備及投資;奬補助費_資;預備金_資;資本支出小計;合計;budgetname;damt1;damt2;damt3;damt4;damt5;damt6;damt7;damt8;damt9;damt10;damt11;no1;no2;no3;no4;b_level;level;mi_objectname;objectnoname;budgetamt_sum;displaymemo;btn_memo;bn_fiscalyear;bn_fundkind;bn_budgetkind;bn_specialbudgetno;bn_agenno;bn_agentype;bn_budgetstate;bn_budgetsource;bn_man1;bn_man1_l;bn_man2;bn_man2_l;bn_man3;bn_man3_l;bn_man4;bn_man4_l;bn_man5;bn_man5_l;bn_man6;bn_man6_l;bn_man7;bn_man7_l;bn_man8;bn_man8_l;bn_man9;bn_man9_l;bn_man10;bn_man10_l;bn_man11;bn_man11_l;bn_amt_man;bn_amt_mngbsn;bn_text;display_name;bq_fiscalyear;bq_fundkind;bq_budgetkind;bq_specialbudgetno;bq_agenno;bq_agentype;bq_budgetstate;bq_budgetno;bq_objectno;bq_carid;bq_persons;bq_buydate;bq_ventsize;bq_oilamt;bq_oilprice;bq_amt_maintain;bq_amt5;bq_carnum;bq_remark;bq_lpgamt;bq_lpgprice;bq_versiondate;m33_fiscalyear;m33_reportno;m33_level1;m33_level2;m33_level3;m33_level4;m33_objectname;m33_objectno;m33_detailid;br_fiscalyear;br_fundkind;br_budgetkind;br_specialbudgetno;br_agenno;br_agentype;br_budgetstate;br_objectno;br_holds1;br_area1;br_bookvalue1;br_amtyear1;br_holds2;br_area2;br_amtyear2;br_holds3;br_area3;br_deposit;br_rental;br_amtyear3;br_area4;br_deposit4;br_rental4;br_amtyear4;br_versiondate;br_text;bh_fiscalyear;bh_fundkind;bh_budgetkind;bh_specialbudgetno;bh_agenno;bh_agentype;bh_budgetstate;bh_versiondate;bh_objectno;bh_endowplanno;bh_endowplanname;bh_donname;bh_endowsts;bh_budgetno;bh_subprojectno;bh_budgetsource;bh_applyid;bh_startyear;bh_endyear;bh_donrem;bh_bgtyear;bh_amt_man;bh_amt_business;bh_amt_other;bh_amt_land;bh_amt_house;bh_amt6;bh_amt7;bh_flowflag;bh_signflag;bh_signno;mj_subprojectno_na;職能別分類經濟性分類;消費支出_經;債務利息_經;補助地方_經;移轉民間_經;小計_經;資本形成_資;土地購入_資;增資_資;補助地方_資;移轉民間_資;小計_資;總計,審計部
審計部高雄市審計處單位決算,審計部高雄市審計處單位決算,19769,審計部高雄市審計處單位決算(按年度),go_ordinary;budgetyear;expid;budgetno7;samt9;samt10;samt11;samt12;samt15;samt16;samt17;samt18;subp1;subp2;useno;agenitemserialno1;agenitemserialno2;agenitemserialno3;agenitemserialno4;budgetnochk;budgetname;objectname;subprojectname;subp2_name;go_memo;go_level;f1;f2;f3;f4;f5;currencydecimal;spage;smemo;down_page;samt13;samt19;samt20;samt21;samt22;samt23;f6;會計年度;款;項;目;節;預算科目編號;預算科目名稱;細目編號;細目名稱;預算數_原預算數;預算數_預算增減數;預算數_合計1;決算數_實現數;決算數_應收數;決算數_保留數;決算數_合計2;預決算比較增減數;決算數占預算數之比率;分計畫編號;分計畫名稱;用途別編號;用途別名稱;原預算數;預算追加減數;動支第一預備金數;動支第二預備金數;經費流用數;預算調整數;預算增減數小計;預算數合計1;實現數;應付數;保留數;決算數合計2;月份;基金別;會計分類;使用機關別;科目分類;會計科目編號;會計科目名稱;金額;本年度金額;上年度金額,審計部
審計部高雄市審計處單位預算案,審計部高雄市審計處單位預算案,20869,審計部高雄市審計處單位預算(按年度),,審計部
審計部高雄市審計處會計報告,審計部高雄市審計處會計報告,19915,審計部高雄市審計處會計月報(按月),會計年度;月份;款;項;目;節;預算年度;預算科目編號;預算科目名稱;細目編號;細目名稱;原預算數;追加減數;截至本月止累計分配數_1;本月實現數;截至本月止累計實現數_2;應收收入數_3;分配數預算餘額_4;分支計畫編號;分支計畫名稱;用途別編號;用途別名稱;第一預備金;第二預備金;經費流用數;預算調整數;應付數;已分配尚未執行數;備註_預暫付數;基金別;會計分類;使用機關別;科目分類;會計科目編號;會計科目名稱;金額;科目名稱;取得成本;以前年度累計折舊_長期投資評價;本年度資本資產成本變動_增加數;本年度資本資產成本變動_減少數;本年度累計折舊_長期投資評價變動數;期末帳面金額;備註;業務計畫或工作計畫;經資門;執行數;項目;收入實現數;減項_收入待納庫數;加項_以前年度待納庫繳庫數;加項_以前年度撥款於本年度繳還數_材料;加項_以前年度撥款於本年度繳還數_存出保證金;加項_以前年度撥款於本年度繳還數_其他應收款;加項_預收款;加項_剔除經費;繳付公庫數;一級用途別編號;一級用途別名稱;支出實現數;加項_預付款;加項_材料;加項_存出保證金;加項_零用金;加項_退還收入預收款;加項_其他應收款;減項_以前年度撥款於本年度實現數;公庫撥入數;公庫分配數餘額;金額_本月數;金額_累計數,審計部
審計部高雄市審計處法定預算,審計部高雄市審計處法定預算,12717,審計部高雄市審計處法定預算(依年度),mh_itemserialno1;mh_itemserialno2;mh_itemserialno3;mh_itemserialno4;budgetno;mh_budgetname;budgetno_conver;tyear_amt;lyear_amt;byear_amt;b_amt;bc_content;blevel;ordinaryid;agenno;agentype;displayname;memo;ba_fiscalyear;ba_fundkind;ba_budgetkind;ba_specialbudgetno;ba_agenno;ba_agentype;ba_budgetstate;ba_versiondate;ba_budgetyear;ba_budgetno;ba_subprojectno;mj_subprojectname;ba_departno;ba_objectno;ba_budgettype;ba_budgetsource;ba_mergetype;ba_budgetamt;ba_flowflag;ba_signflag;ba_signno;ba_key;bc_fiscalyear;bc_fundkind;bc_budgetkind;bc_specialbudgetno;bc_agenno;bc_agentype;bc_budgetstate;bc_reportno;bc_key;bc_versiondate;objectNo;budget;total;款;項;目;節;科目名稱;預算科目編號;人事費;業務費_經;奬補助費_經;債務費;預備金_經;經常支出小計;業務費_資;設備及投資;奬補助費_資;預備金_資;資本支出小計;合計;budgetname;damt1;damt2;damt3;damt4;damt5;damt6;damt7;damt8;damt9;damt10;damt11;no1;no2;no3;no4;b_level;level;mi_objectname;objectnoname;budgetamt_sum;displaymemo;btn_memo;bn_fiscalyear;bn_fundkind;bn_budgetkind;bn_specialbudgetno;bn_agenno;bn_agentype;bn_budgetstate;bn_budgetsource;bn_man1;bn_man1_l;bn_man2;bn_man2_l;bn_man3;bn_man3_l;bn_man4;bn_man4_l;bn_man5;bn_man5_l;bn_man6;bn_man6_l;bn_man7;bn_man7_l;bn_man8;bn_man8_l;bn_man9;bn_man9_l;bn_man10;bn_man10_l;bn_man11;bn_man11_l;bn_amt_man;bn_amt_mngbsn;bn_text;display_name;bq_fiscalyear;bq_fundkind;bq_budgetkind;bq_specialbudgetno;bq_agenno;bq_agentype;bq_budgetstate;bq_budgetno;bq_objectno;bq_carid;bq_persons;bq_buydate;bq_ventsize;bq_oilamt;bq_oilprice;bq_amt_maintain;bq_amt5;bq_carnum;bq_remark;bq_lpgamt;bq_lpgprice;bq_versiondate;m33_fiscalyear;m33_reportno;m33_level1;m33_level2;m33_level3;m33_level4;m33_objectname;m33_objectno;m33_detailid;br_fiscalyear;br_fundkind;br_budgetkind;br_specialbudgetno;br_agenno;br_agentype;br_budgetstate;br_objectno;br_holds1;br_area1;br_bookvalue1;br_amtyear1;br_holds2;br_area2;br_amtyear2;br_holds3;br_area3;br_deposit;br_rental;br_amtyear3;br_area4;br_deposit4;br_rental4;br_amtyear4;br_versiondate;br_text;bh_fiscalyear;bh_fundkind;bh_budgetkind;bh_specialbudgetno;bh_agenno;bh_agentype;bh_budgetstate;bh_versiondate;bh_objectno;bh_endowplanno;bh_endowplanname;bh_donname;bh_endowsts;bh_budgetno;bh_subprojectno;bh_budgetsource;bh_applyid;bh_startyear;bh_endyear;bh_donrem;bh_bgtyear;bh_amt_man;bh_amt_business;bh_amt_other;bh_amt_land;bh_amt_house;bh_amt6;bh_amt7;bh_flowflag;bh_signflag;bh_signno;mj_subprojectno_na;職能別分類經濟性分類;消費支出_經;債務利息_經;補助地方_經;移轉民間_經;小計_經;資本形成_資;土地購入_資;增資_資;補助地方_資;移轉民間_資;小計_資;總計,審計部
廉政專刊,監察院廉政專刊第126期,87470,監察院廉政專刊第126期,,監察院
廉政專刊,監察院廉政專刊第114期,93178,監察院廉政專刊第114期,,監察院
廉政專刊,監察院廉政專刊第109期,93182,監察院廉政專刊第109期,,監察院
廉政專刊,監察院廉政專刊第97期,93184,監察院廉政專刊第97期,,監察院
廉政專刊,監察院廉政專刊第139期,96775,監察院廉政專刊第139期,序號;政黨名稱;申報年度;個人捐贈收入;營利事業捐贈收入;人民團體捐贈收入;匿名捐贈收入;其他收入;收入合計;超過三萬元之收入合計;金錢收入總額;非金錢收入總額;人事費用支出;業務費用支出;公共關係費用支出;選務費用支出;捐贈其推薦之公職侯選人競選費用支出;雜支支出;返還捐贈支出;繳庫支出;支出合計;超過三萬元之支出合計;金錢支出總額;購買財產;非金錢支出總額;結算日專戶存款餘額;本期結餘;會計師事務所全名;會計師姓名;製表人;結算日期;申報日期;更正日期;本年專戶存款結存;上年度專戶存款結存;本年庫存現金;上年度庫存現金;本年未存入專戶現金;上年度未存入專戶現金;本年地方黨部銀行存款;上年度地方黨部銀行存款;本年應收票據;上年度應收票據;本年消耗性財產;上年度消耗性財產;本年非消耗性財產;上年度非消耗性財產;本年其他資產;上年度其他資產;本年資產合計;上年度資產合計;本年應付費用;上年度應付費用;本年其他負債;上年度其他負債;本年累計結餘;上年度累計結餘;本年前期損益調整;上年度前期損益調整;本年本期結餘;上年度本期結餘;本年負債及結餘合計;上年度負債及結餘合計;政治團體名稱;擬參選人;選舉名稱;會計報告書申報種類;政黨捐贈收入;收入小計;超過三萬元之收入總額;宣傳支出;租用宣傳車輛支出;租用競選辦事處支出;集會支出;交通旅運支出;支出小計;超過三萬元之支出總額;(加)購買金錢以外之財產;(減)變賣金錢以外之財產;餘額;收支結存內金錢餘額;金錢以外之財產;前期賸餘;利息收入;變賣金錢以外之財產現金收入;支付當選後與其公務有關之費用;捐贈政治團體或其所屬政黨支出;捐贈教育、文化、公益、慈善機構或團體支出;參加公職人員選舉使用支出;(加)變賣前期金錢以外之財產;(減)變賣本期金錢以外財產;本期餘額,監察院
政黨、政治團體政治獻金會計報告書,107年度政黨、政治團體政治獻金會計報告書,128917,監察院政治獻金公開查閱平臺政黨查詢-107年度政黨、政治團體政治獻金會計報告書,,監察院
政黨、政治團體政治獻金會計報告書,108年度政黨、政治團體政治獻金會計報告書,130206,監察院政治獻金公開查閱平臺政黨查詢-108年度政黨、政治團體政治獻金會計報告書,,監察院
政黨、政治團體政治獻金會計報告書(部分政黨補申報),98年度政黨、政治團體政治獻金會計報告書(部分政黨補申報),128909,監察院政治獻金公開查閱平臺政黨查詢-98年度政黨、政治團體政治獻金會計報告書,序號;擬參選人／政黨;選舉名稱;申報序號／年度;交易日期;收支科目;捐贈者／支出對象;身分證／統一編號;收入金額;支出金額;支出用途;金錢類;地址;聯絡電話;資料更正日期;政黨名稱;申報年度;個人捐贈收入;營利事業捐贈收入;人民團體捐贈收入;匿名捐贈收入;其他收入;收入合計;超過三萬元之收入合計;金錢收入總額;非金錢收入總額;人事費用支出;業務費用支出;公共關係費用支出;選務費用支出;捐贈其推薦之公職侯選人競選費用支出;雜支支出;返還捐贈支出;繳庫支出;支出合計;超過三萬元之支出合計;金錢支出總額;購買財產;非金錢支出總額;結算日專戶存款餘額;本期結餘;會計師事務所全名;會計師姓名;製表人;結算日期;申報日期;更正日期;本年專戶存款結存;上年度專戶存款結存;本年庫存現金;上年度庫存現金;本年未存入專戶現金;上年度未存入專戶現金;本年地方黨部銀行存款;上年度地方黨部銀行存款;本年應收票據;上年度應收票據;本年消耗性財產;上年度消耗性財產;本年非消耗性財產;上年度非消耗性財產;本年其他資產;上年度其他資產;本年資產合計;上年度資產合計;本年應付費用;上年度應付費用;本年其他負債;上年度其他負債;本年累計結餘;上年度累計結餘;本年前期損益調整;上年度前期損益調整;本年本期結餘;上年度本期結餘;本年負債及結餘合計;上年度負債及結餘合計,監察院
政黨、政治團體政治獻金會計報告書(部分政黨補申報),100年度政黨、政治團體政治獻金會計報告書(部分政黨補申報),128910,監察院政治獻金公開查閱平臺政黨查詢-100年度政黨、政治團體政治獻金會計報告書,序號;擬參選人／政黨;選舉名稱;申報序號／年度;交易日期;收支科目;捐贈者／支出對象;身分證／統一編號;收入金額;支出金額;支出用途;金錢類;地址;聯絡電話;資料更正日期;政黨名稱;申報年度;個人捐贈收入;營利事業捐贈收入;人民團體捐贈收入;匿名捐贈收入;其他收入;收入合計;超過三萬元之收入合計;金錢收入總額;非金錢收入總額;人事費用支出;業務費用支出;公共關係費用支出;選務費用支出;捐贈其推薦之公職侯選人競選費用支出;雜支支出;返還捐贈支出;繳庫支出;支出合計;超過三萬元之支出合計;金錢支出總額;購買財產;非金錢支出總額;結算日專戶存款餘額;本期結餘;會計師事務所全名;會計師姓名;製表人;結算日期;申報日期;更正日期;本年專戶存款結存;上年度專戶存款結存;本年庫存現金;上年度庫存現金;本年未存入專戶現金;上年度未存入專戶現金;本年地方黨部銀行存款;上年度地方黨部銀行存款;本年應收票據;上年度應收票據;本年消耗性財產;上年度消耗性財產;本年非消耗性財產;上年度非消耗性財產;本年其他資產;上年度其他資產;本年資產合計;上年度資產合計;本年應付費用;上年度應付費用;本年其他負債;上年度其他負債;本年累計結餘;上年度累計結餘;本年前期損益調整;上年度前期損益調整;本年本期結餘;上年度本期結餘;本年負債及結餘合計;上年度負債及結餘合計,監察院
政黨、政治團體政治獻金會計報告書(部分政黨補申報),101年度政黨、政治團體政治獻金會計報告書(部分政黨補申報),128911,101年度政黨、政治團體政治獻金會計報告書(部分政黨補申報),序號;擬參選人／政黨;選舉名稱;申報序號／年度;交易日期;收支科目;捐贈者／支出對象;身分證／統一編號;收入金額;支出金額;支出用途;金錢類;地址;聯絡電話;資料更正日期;政黨名稱;申報年度;個人捐贈收入;營利事業捐贈收入;人民團體捐贈收入;匿名捐贈收入;其他收入;收入合計;超過三萬元之收入合計;金錢收入總額;非金錢收入總額;人事費用支出;業務費用支出;公共關係費用支出;選務費用支出;捐贈其推薦之公職侯選人競選費用支出;雜支支出;返還捐贈支出;繳庫支出;支出合計;超過三萬元之支出合計;金錢支出總額;購買財產;非金錢支出總額;結算日專戶存款餘額;本期結餘;會計師事務所全名;會計師姓名;製表人;結算日期;申報日期;更正日期;本年專戶存款結存;上年度專戶存款結存;本年庫存現金;上年度庫存現金;本年未存入專戶現金;上年度未存入專戶現金;本年地方黨部銀行存款;上年度地方黨部銀行存款;本年應收票據;上年度應收票據;本年消耗性財產;上年度消耗性財產;本年非消耗性財產;上年度非消耗性財產;本年其他資產;上年度其他資產;本年資產合計;上年度資產合計;本年應付費用;上年度應付費用;本年其他負債;上年度其他負債;本年累計結餘;上年度累計結餘;本年前期損益調整;上年度前期損益調整;本年本期結餘;上年度本期結餘;本年負債及結餘合計;上年度負債及結餘合計,監察院
政黨、政治團體政治獻金會計報告書(部分政黨補申報),102年度政黨、政治團體政治獻金會計報告書(部分政黨補申報),128912,監察院政治獻金公開查閱平臺政黨查詢-102年度政黨、政治團體政治獻金會計報告書,序號;擬參選人／政黨;選舉名稱;申報序號／年度;交易日期;收支科目;捐贈者／支出對象;身分證／統一編號;收入金額;支出金額;支出用途;金錢類;地址;聯絡電話;資料更正日期;政黨名稱;申報年度;個人捐贈收入;營利事業捐贈收入;人民團體捐贈收入;匿名捐贈收入;其他收入;收入合計;超過三萬元之收入合計;金錢收入總額;非金錢收入總額;人事費用支出;業務費用支出;公共關係費用支出;選務費用支出;捐贈其推薦之公職侯選人競選費用支出;雜支支出;返還捐贈支出;繳庫支出;支出合計;超過三萬元之支出合計;金錢支出總額;購買財產;非金錢支出總額;結算日專戶存款餘額;本期結餘;會計師事務所全名;會計師姓名;製表人;結算日期;申報日期;更正日期;本年專戶存款結存;上年度專戶存款結存;本年庫存現金;上年度庫存現金;本年未存入專戶現金;上年度未存入專戶現金;本年地方黨部銀行存款;上年度地方黨部銀行存款;本年應收票據;上年度應收票據;本年消耗性財產;上年度消耗性財產;本年非消耗性財產;上年度非消耗性財產;本年其他資產;上年度其他資產;本年資產合計;上年度資產合計;本年應付費用;上年度應付費用;本年其他負債;上年度其他負債;本年累計結餘;上年度累計結餘;本年前期損益調整;上年度前期損益調整;本年本期結餘;上年度本期結餘;本年負債及結餘合計;上年度負債及結餘合計,監察院
政黨、政治團體政治獻金會計報告書(部分政黨補申報),103年度政黨、政治團體政治獻金會計報告書(部分政黨補申報),128913,監察院政治獻金公開查閱平臺政黨查詢-103年度政黨、政治團體政治獻金會計報告書,序號;擬參選人／政黨;選舉名稱;申報序號／年度;交易日期;收支科目;捐贈者／支出對象;身分證／統一編號;收入金額;支出金額;支出用途;金錢類;地址;聯絡電話;資料更正日期;政黨名稱;申報年度;個人捐贈收入;營利事業捐贈收入;人民團體捐贈收入;匿名捐贈收入;其他收入;收入合計;超過三萬元之收入合計;金錢收入總額;非金錢收入總額;人事費用支出;業務費用支出;公共關係費用支出;選務費用支出;捐贈其推薦之公職侯選人競選費用支出;雜支支出;返還捐贈支出;繳庫支出;支出合計;超過三萬元之支出合計;金錢支出總額;購買財產;非金錢支出總額;結算日專戶存款餘額;本期結餘;會計師事務所全名;會計師姓名;製表人;結算日期;申報日期;更正日期;本年專戶存款結存;上年度專戶存款結存;本年庫存現金;上年度庫存現金;本年未存入專戶現金;上年度未存入專戶現金;本年地方黨部銀行存款;上年度地方黨部銀行存款;本年應收票據;上年度應收票據;本年消耗性財產;上年度消耗性財產;本年非消耗性財產;上年度非消耗性財產;本年其他資產;上年度其他資產;本年資產合計;上年度資產合計;本年應付費用;上年度應付費用;本年其他負債;上年度其他負債;本年累計結餘;上年度累計結餘;本年前期損益調整;上年度前期損益調整;本年本期結餘;上年度本期結餘;本年負債及結餘合計;上年度負債及結餘合計,監察院
政黨、政治團體政治獻金會計報告書(部分政黨補申報),104年度政黨、政治團體政治獻金會計報告書(部分政黨補申報),128914,監察院政治獻金公開查閱平臺政黨查詢-104年度政黨、政治團體政治獻金會計報告書,序號;擬參選人／政黨;選舉名稱;申報序號／年度;交易日期;收支科目;捐贈者／支出對象;身分證／統一編號;收入金額;支出金額;支出用途;金錢類;地址;聯絡電話;資料更正日期;政黨名稱;申報年度;個人捐贈收入;營利事業捐贈收入;人民團體捐贈收入;匿名捐贈收入;其他收入;收入合計;超過三萬元之收入合計;金錢收入總額;非金錢收入總額;人事費用支出;業務費用支出;公共關係費用支出;選務費用支出;捐贈其推薦之公職侯選人競選費用支出;雜支支出;返還捐贈支出;繳庫支出;支出合計;超過三萬元之支出合計;金錢支出總額;購買財產;非金錢支出總額;結算日專戶存款餘額;本期結餘;會計師事務所全名;會計師姓名;製表人;結算日期;申報日期;更正日期;本年專戶存款結存;上年度專戶存款結存;本年庫存現金;上年度庫存現金;本年未存入專戶現金;上年度未存入專戶現金;本年地方黨部銀行存款;上年度地方黨部銀行存款;本年應收票據;上年度應收票據;本年消耗性財產;上年度消耗性財產;本年非消耗性財產;上年度非消耗性財產;本年其他資產;上年度其他資產;本年資產合計;上年度資產合計;本年應付費用;上年度應付費用;本年其他負債;上年度其他負債;本年累計結餘;上年度累計結餘;本年前期損益調整;上年度前期損益調整;本年本期結餘;上年度本期結餘;本年負債及結餘合計;上年度負債及結餘合計,監察院
政黨、政治團體政治獻金會計報告書(部分政黨補申報),105年度政黨、政治團體政治獻金會計報告書(部分政黨補申報),128915,監察院政治獻金公開查閱平臺政黨查詢-105年度政黨、政治團體政治獻金會計報告書,序號;擬參選人／政黨;選舉名稱;申報序號／年度;交易日期;收支科目;捐贈者／支出對象;身分證／統一編號;收入金額;支出金額;支出用途;金錢類;地址;聯絡電話;資料更正日期;政黨名稱;申報年度;個人捐贈收入;營利事業捐贈收入;人民團體捐贈收入;匿名捐贈收入;其他收入;收入合計;超過三萬元之收入合計;金錢收入總額;非金錢收入總額;人事費用支出;業務費用支出;公共關係費用支出;選務費用支出;捐贈其推薦之公職侯選人競選費用支出;雜支支出;返還捐贈支出;繳庫支出;支出合計;超過三萬元之支出合計;金錢支出總額;購買財產;非金錢支出總額;結算日專戶存款餘額;本期結餘;會計師事務所全名;會計師姓名;製表人;結算日期;申報日期;更正日期;本年專戶存款結存;上年度專戶存款結存;本年庫存現金;上年度庫存現金;本年未存入專戶現金;上年度未存入專戶現金;本年地方黨部銀行存款;上年度地方黨部銀行存款;本年應收票據;上年度應收票據;本年消耗性財產;上年度消耗性財產;本年非消耗性財產;上年度非消耗性財產;本年其他資產;上年度其他資產;本年資產合計;上年度資產合計;本年應付費用;上年度應付費用;本年其他負債;上年度其他負債;本年累計結餘;上年度累計結餘;本年前期損益調整;上年度前期損益調整;本年本期結餘;上年度本期結餘;本年負債及結餘合計;上年度負債及結餘合計,監察院
政黨、政治團體政治獻金會計報告書(部分政黨補申報),106年度政黨、政治團體政治獻金會計報告書(部分政黨補申報),128916,監察院政治獻金公開查閱平臺政黨查詢-106年度政黨、政治團體政治獻金會計報告書,序號;擬參選人／政黨;選舉名稱;申報序號／年度;交易日期;收支科目;捐贈者／支出對象;身分證／統一編號;收入金額;支出金額;支出用途;金錢類;地址;聯絡電話;資料更正日期;政黨名稱;申報年度;個人捐贈收入;營利事業捐贈收入;人民團體捐贈收入;匿名捐贈收入;其他收入;收入合計;超過三萬元之收入合計;金錢收入總額;非金錢收入總額;人事費用支出;業務費用支出;公共關係費用支出;選務費用支出;捐贈其推薦之公職侯選人競選費用支出;雜支支出;返還捐贈支出;繳庫支出;支出合計;超過三萬元之支出合計;金錢支出總額;購買財產;非金錢支出總額;結算日專戶存款餘額;本期結餘;會計師事務所全名;會計師姓名;製表人;結算日期;申報日期;更正日期;本年專戶存款結存;上年度專戶存款結存;本年庫存現金;上年度庫存現金;本年未存入專戶現金;上年度未存入專戶現金;本年地方黨部銀行存款;上年度地方黨部銀行存款;本年應收票據;上年度應收票據;本年消耗性財產;上年度消耗性財產;本年非消耗性財產;上年度非消耗性財產;本年其他資產;上年度其他資產;本年資產合計;上年度資產合計;本年應付費用;上年度應付費用;本年其他負債;上年度其他負債;本年累計結餘;上年度累計結餘;本年前期損益調整;上年度前期損益調整;本年本期結餘;上年度本期結餘;本年負債及結餘合計;上年度負債及結餘合計,監察院
會計月報,監察院104年01月會計月報,21374,監察院104年01月會計月報,監察院104年01月會計月報,監察院
會計月報,監察院104年02月會計月報,21387,監察院104年02月會計月報,監察院104年02月會計月報,監察院
會計月報,監察院104年03月會計月報,21389,監察院104年03月會計月報,監察院104年03月會計月報,監察院
會計月報,監察院104年04月會計月報,21390,監察院104年04月會計月報,監察院104年04月會計月報,監察院
會計月報,監察院104年05月會計月報,21391,監察院104年05月會計月報,監察院104年05月會計月報,監察院
會計月報,監察院104年06月會計月報,21392,監察院104年06月會計月報,監察院104年06月會計月報,監察院
會計月報,監察院104年07月會計月報,21393,監察院104年07月會計月報,監察院104年07月會計月報,監察院
會計月報,監察院104年08月會計月報,21717,監察院104年08月會計月報,監察院104年08月會計月報,監察院
會計月報,監察院104年09月會計月報,23707,監察院104年09月會計月報,監察院104年09月會計月報,監察院
會計月報,監察院104年10月會計月報,24569,監察院104年10月會計月報,監察院104年10月會計月報,監察院
會計月報,監察院104年11月會計月報,25323,監察院104年11月會計月報,監察院104年11月會計月報,監察院
會計月報,監察院104年12月會計月報,27379,監察院104年12月會計月報,監察院104年12月會計月報,監察院
會計月報,監察院105年01月會計月報,27786,監察院105年01月會計月報,監察院105年01月會計月報,監察院
會計月報,監察院105年02月會計月報,28646,監察院105年02月會計月報,監察院105年02月會計月報,監察院
會計月報,監察院105年03月會計月報,30562,監察院105年03月會計月報,監察院105年03月會計月報,監察院
會計月報,監察院105年04月會計月報,31456,監察院105年04月會計月報,監察院105年04月會計月報,監察院
會計月報,監察院105年05月會計月報,32170,監察院105年05月會計月報,監察院105年05月會計月報,監察院
會計月報,監察院105年06月會計月報,33173,監察院105年06月會計月報,監察院105年06月會計月報,監察院
會計月報,監察院105年07月會計月報,33671,監察院105年07月份會計月報,監察院105年07月會計月報,監察院
會計月報,監察院105年08月會計月報,35548,監察院105年08月會計月報,監察院105年08月會計月報,監察院
會計月報,監察院105年09月會計月報,37497,監察院105年09月會計月報,監察院105年09月會計月報,監察院
會計月報,105年10月會計月報,39314,105年10月會計月報,105年10月會計月報,監察院
會計月報,監察院105年11月會計月報,41350,監察院105年11月會計月報,監察院105年11月會計月報,監察院
會計月報,監察院106年01月會計月報,43240,監察院106年01月會計月報,監察院106年01月會計月報,監察院
會計月報,監察院106年02月會計月報,44042,監察院106年02月會計月報,監察院106年02月會計月報,監察院
會計月報,監察院106年03月會計月報,44931,監察院106年03月會計月報,監察院106年03月會計月報,監察院
會計月報,監察院106年04月會計月報,45481,監察院106年04月會計月報,監察院106年04月會計月報,監察院
會計月報,監察院106年05月會計月報,46466,監察院106年05月會計月報,監察院106年05月會計月報,監察院
村(里)長政治獻金會計報告書(首次申報),107年村(里)長政治獻金會計報告書(首次申報),128933,監察院政治獻金公開查閱平臺選舉查詢-107年村(里)長政治獻金會計報告書,序號;擬參選人／政黨;選舉名稱;申報序號／年度;交易日期;收支科目;捐贈者／支出對象;身分證／統一編號;收入金額;支出金額;支出用途;金錢類;地址;聯絡電話;資料更正日期;擬參選人;申報序號;個人捐贈收入;營利事業捐贈收入;政黨捐贈收入;人民團體捐贈收入;匿名捐贈收入;其他收入;收入小計;超過三萬元之收入總額;金錢收入總額;非金錢收入總額;人事費用支出;宣傳支出;租用宣傳車輛支出;租用競選辦事處支出;集會支出;交通旅運支出;雜支支出;返還捐贈支出;繳庫支出;公共關係費用支出;支出小計;超過三萬元之支出總額;金錢支出總額;非金錢支出總額;結算日專戶存款餘額;(加)購買金錢以外之財產;(減)變賣金錢以外之財產;餘額;收支結存內金錢餘額;金錢以外之財產;會計師事務所全名;會計師姓名;製表人;結算日期;申報日期;更正日期,監察院
村(里)長選舉第1次賸餘政治獻金會計報告書,107年村(里)長選舉第1次賸餘政治獻金會計報告書,129511,監察院政治獻金公開查閱平臺選舉查詢-107年村(里)長選舉第1次賸餘政治獻金會計報告書,序號;擬參選人／政黨;選舉名稱;申報序號／年度;交易日期;收支科目;捐贈者／支出對象;身分證／統一編號;收入金額;支出金額;支出用途;金錢類;地址;聯絡電話;資料更正日期;擬參選人;申報序號;前期賸餘;收支結存內金錢餘額;金錢以外之財產;其他收入;利息收入;變賣金錢以外之財產現金收入;支付當選後與其公務有關之費用;捐贈政治團體或其所屬政黨支出;捐贈教育、文化、公益、慈善機構或團體支出;參加公職人員選舉使用支出;返還捐贈支出;繳庫支出;支出合計;超過三萬元之支出總額;金錢支出總額;非金錢支出總額;結算日專戶存款餘額;(加)購買金錢以外之財產;(減)變賣前期金錢以外之財產;(減)變賣本期金錢以外財產;本期餘額;製表人;結算日期;申報日期;更正日期,監察院
法定預算書,監察院104年度法定預算書,12325,監察院104年度法定預算書,監察院104年度法定預算書,監察院
法定預算書,監察院105年度法定預算書,26751,監察院105年度法定預算書,監察院105年度法定預算書,監察院
法定預算書,106年度監察院法定預算書,43737,公共資訊: 係指各種財政統計報表、政策新聞、資訊服務、法律等相關資料集,106年度監察院法定預算書,監察院
直轄市山地原住民區民代表政治獻金會計報告書(首次申報),107年直轄市山地原住民區民代表政治獻金會計報告書(首次申報),128949,監察院政治獻金公開查閱平臺選舉查詢-107年直轄市山地原住民區民代表政治獻金會計報告書,序號;擬參選人／政黨;選舉名稱;申報序號／年度;交易日期;收支科目;捐贈者／支出對象;身分證／統一編號;收入金額;支出金額;支出用途;金錢類;地址;聯絡電話;資料更正日期;擬參選人;申報序號;個人捐贈收入;營利事業捐贈收入;政黨捐贈收入;人民團體捐贈收入;匿名捐贈收入;其他收入;收入小計;超過三萬元之收入總額;金錢收入總額;非金錢收入總額;人事費用支出;宣傳支出;租用宣傳車輛支出;租用競選辦事處支出;集會支出;交通旅運支出;雜支支出;返還捐贈支出;繳庫支出;公共關係費用支出;支出小計;超過三萬元之支出總額;金錢支出總額;非金錢支出總額;結算日專戶存款餘額;(加)購買金錢以外之財產;(減)變賣金錢以外之財產;餘額;收支結存內金錢餘額;金錢以外之財產;會計師事務所全名;會計師姓名;製表人;結算日期;申報日期;更正日期,監察院
直轄市山地原住民區長政治獻金會計報告書(首次申報),107年直轄市山地原住民區長政治獻金會計報告書(首次申報),128950,監察院政治獻金公開查閱平臺選舉查詢-107年直轄市山地原住民區長政治獻金會計報告書,序號;擬參選人／政黨;選舉名稱;申報序號／年度;交易日期;收支科目;捐贈者／支出對象;身分證／統一編號;收入金額;支出金額;支出用途;金錢類;地址;聯絡電話;資料更正日期;擬參選人;申報序號;個人捐贈收入;營利事業捐贈收入;政黨捐贈收入;人民團體捐贈收入;匿名捐贈收入;其他收入;收入小計;超過三萬元之收入總額;金錢收入總額;非金錢收入總額;人事費用支出;宣傳支出;租用宣傳車輛支出;租用競選辦事處支出;集會支出;交通旅運支出;雜支支出;返還捐贈支出;繳庫支出;公共關係費用支出;支出小計;超過三萬元之支出總額;金錢支出總額;非金錢支出總額;結算日專戶存款餘額;(加)購買金錢以外之財產;(減)變賣金錢以外之財產;餘額;收支結存內金錢餘額;金錢以外之財產;會計師事務所全名;會計師姓名;製表人;結算日期;申報日期;更正日期,監察院
直轄市市長政治獻金會計報告書(首次申報),107年直轄市市長政治獻金會計報告書(首次申報),128922,監察院政治獻金公開查閱平臺選舉查詢-107年直轄市市長政治獻金會計報告書,序號;擬參選人／政黨;選舉名稱;申報序號／年度;交易日期;收支科目;捐贈者／支出對象;身分證／統一編號;收入金額;支出金額;支出用途;金錢類;地址;聯絡電話;資料更正日期;擬參選人;申報序號;個人捐贈收入;營利事業捐贈收入;政黨捐贈收入;人民團體捐贈收入;匿名捐贈收入;其他收入;收入小計;超過三萬元之收入總額;金錢收入總額;非金錢收入總額;人事費用支出;宣傳支出;租用宣傳車輛支出;租用競選辦事處支出;集會支出;交通旅運支出;雜支支出;返還捐贈支出;繳庫支出;公共關係費用支出;支出小計;超過三萬元之支出總額;金錢支出總額;非金錢支出總額;結算日專戶存款餘額;(加)購買金錢以外之財產;(減)變賣金錢以外之財產;餘額;收支結存內金錢餘額;金錢以外之財產;會計師事務所全名;會計師姓名;製表人;結算日期;申報日期;更正日期,監察院
直轄市市長選舉第1次賸餘政治獻金會計報告書,107年直轄市市長選舉第1次賸餘政治獻金會計報告書,129506,監察院政治獻金公開查閱平臺選舉查詢-107年直轄市市長選舉第1次賸餘政治獻金會計報告書,序號;擬參選人／政黨;選舉名稱;申報序號／年度;交易日期;收支科目;捐贈者／支出對象;身分證／統一編號;收入金額;支出金額;支出用途;金錢類;地址;聯絡電話;資料更正日期;擬參選人;申報序號;前期賸餘;收支結存內金錢餘額;金錢以外之財產;其他收入;利息收入;變賣金錢以外之財產現金收入;支付當選後與其公務有關之費用;捐贈政治團體或其所屬政黨支出;捐贈教育、文化、公益、慈善機構或團體支出;參加公職人員選舉使用支出;返還捐贈支出;繳庫支出;支出合計;超過三萬元之支出總額;金錢支出總額;非金錢支出總額;結算日專戶存款餘額;(加)購買金錢以外之財產;(減)變賣前期金錢以外之財產;(減)變賣本期金錢以外財產;本期餘額;製表人;結算日期;申報日期;更正日期,監察院
直轄市議員政治獻金會計報告書(首次申報),107年直轄市議員政治獻金會計報告書(首次申報),128923,監察院政治獻金公開查閱平臺選舉查詢-107年直轄市議員政治獻金會計報告書,序號;擬參選人／政黨;選舉名稱;申報序號／年度;交易日期;收支科目;捐贈者／支出對象;身分證／統一編號;收入金額;支出金額;支出用途;金錢類;地址;聯絡電話;資料更正日期;擬參選人;申報序號;個人捐贈收入;營利事業捐贈收入;政黨捐贈收入;人民團體捐贈收入;匿名捐贈收入;其他收入;收入小計;超過三萬元之收入總額;金錢收入總額;非金錢收入總額;人事費用支出;宣傳支出;租用宣傳車輛支出;租用競選辦事處支出;集會支出;交通旅運支出;雜支支出;返還捐贈支出;繳庫支出;公共關係費用支出;支出小計;超過三萬元之支出總額;金錢支出總額;非金錢支出總額;結算日專戶存款餘額;(加)購買金錢以外之財產;(減)變賣金錢以外之財產;餘額;收支結存內金錢餘額;金錢以外之財產;會計師事務所全名;會計師姓名;製表人;結算日期;申報日期;更正日期,監察院
直轄市議員選舉第1次賸餘政治獻金會計報告書,107年直轄市議員選舉第1次賸餘政治獻金會計報告書,129508,107年直轄市議員選舉第1次賸餘政治獻金會計報告書,序號;擬參選人／政黨;選舉名稱;申報序號／年度;交易日期;收支科目;捐贈者／支出對象;身分證／統一編號;收入金額;支出金額;支出用途;金錢類;地址;聯絡電話;資料更正日期;擬參選人;申報序號;前期賸餘;收支結存內金錢餘額;金錢以外之財產;其他收入;利息收入;變賣金錢以外之財產現金收入;支付當選後與其公務有關之費用;捐贈政治團體或其所屬政黨支出;捐贈教育、文化、公益、慈善機構或團體支出;參加公職人員選舉使用支出;返還捐贈支出;繳庫支出;支出合計;超過三萬元之支出總額;金錢支出總額;非金錢支出總額;結算日專戶存款餘額;(加)購買金錢以外之財產;(減)變賣前期金錢以外之財產;(減)變賣本期金錢以外財產;本期餘額;製表人;結算日期;申報日期;更正日期,監察院
直轄市議員選舉第4次賸餘政治獻金會計報告書,103年直轄市議員選舉第4次賸餘政治獻金會計報告書,129220,監察院政治獻金公開查閱平臺選舉查詢-103年直轄市議員選舉第4次賸餘政治獻金會計報告書,序號;擬參選人／政黨;選舉名稱;申報序號／年度;交易日期;收支科目;捐贈者／支出對象;身分證／統一編號;收入金額;支出金額;支出用途;金錢類;地址;聯絡電話;資料更正日期;擬參選人;申報序號;前期賸餘;收支結存內金錢餘額;金錢以外之財產;其他收入;利息收入;變賣金錢以外之財產現金收入;支付當選後與其公務有關之費用;捐贈政治團體或其所屬政黨支出;捐贈教育、文化、公益、慈善機構或團體支出;參加公職人員選舉使用支出;返還捐贈支出;繳庫支出;支出合計;超過三萬元之支出總額;金錢支出總額;非金錢支出總額;結算日專戶存款餘額;(加)購買金錢以外之財產;(減)變賣前期金錢以外之財產;(減)變賣本期金錢以外財產;本期餘額;製表人;結算日期;申報日期;更正日期,監察院
立法委員選舉第3次賸餘政治獻金會計報告書,105年立法委員選舉第3次賸餘政治獻金會計報告書,129223,監察院政治獻金公開查閱平臺選舉查詢-105年立法委員選舉第3次賸餘政治獻金會計報告書,序號;擬參選人／政黨;選舉名稱;申報序號／年度;交易日期;收支科目;捐贈者／支出對象;身分證／統一編號;收入金額;支出金額;支出用途;金錢類;地址;聯絡電話;資料更正日期;擬參選人;申報序號;前期賸餘;收支結存內金錢餘額;金錢以外之財產;其他收入;利息收入;變賣金錢以外之財產現金收入;支付當選後與其公務有關之費用;捐贈政治團體或其所屬政黨支出;捐贈教育、文化、公益、慈善機構或團體支出;參加公職人員選舉使用支出;返還捐贈支出;繳庫支出;支出合計;超過三萬元之支出總額;金錢支出總額;非金錢支出總額;結算日專戶存款餘額;(加)購買金錢以外之財產;(減)變賣前期金錢以外之財產;(減)變賣本期金錢以外財產;本期餘額;製表人;結算日期;申報日期;更正日期,監察院
立法委員選舉第4次賸餘政治獻金會計報告書,105年立法委員選舉第4次賸餘政治獻金會計報告書,129503,105年立法委員選舉第4次賸餘政治獻金會計報告書,序號;擬參選人／政黨;選舉名稱;申報序號／年度;交易日期;收支科目;捐贈者／支出對象;身分證／統一編號;收入金額;支出金額;支出用途;金錢類;地址;聯絡電話;資料更正日期;擬參選人;申報序號;前期賸餘;收支結存內金錢餘額;金錢以外之財產;其他收入;利息收入;變賣金錢以外之財產現金收入;支付當選後與其公務有關之費用;捐贈政治團體或其所屬政黨支出;捐贈教育、文化、公益、慈善機構或團體支出;參加公職人員選舉使用支出;返還捐贈支出;繳庫支出;支出合計;超過三萬元之支出總額;金錢支出總額;非金錢支出總額;結算日專戶存款餘額;(加)購買金錢以外之財產;(減)變賣前期金錢以外之財產;(減)變賣本期金錢以外財產;本期餘額;製表人;結算日期;申報日期;更正日期,監察院
立法委員選舉第5次賸餘政治獻金會計報告書,105年立法委員選舉第5次賸餘政治獻金會計報告書,129512,監察院政治獻金公開查閱平臺選舉查詢-105年立法委員選舉第5次賸餘政治獻金會計報告書,序號;擬參選人／政黨;選舉名稱;申報序號／年度;交易日期;收支科目;捐贈者／支出對象;身分證／統一編號;收入金額;支出金額;支出用途;金錢類;地址;聯絡電話;資料更正日期;擬參選人;申報序號;前期賸餘;收支結存內金錢餘額;金錢以外之財產;其他收入;利息收入;變賣金錢以外之財產現金收入;支付當選後與其公務有關之費用;捐贈政治團體或其所屬政黨支出;捐贈教育、文化、公益、慈善機構或團體支出;參加公職人員選舉使用支出;返還捐贈支出;繳庫支出;支出合計;超過三萬元之支出總額;金錢支出總額;非金錢支出總額;結算日專戶存款餘額;(加)購買金錢以外之財產;(減)變賣前期金錢以外之財產;(減)變賣本期金錢以外財產;本期餘額;製表人;結算日期;申報日期;更正日期,監察院
第10屆立法委員選舉政治獻金會計報告書(首次申報),第10屆立法委員選舉政治獻金會計報告書(首次申報),129495,監察院政治獻金公開查閱平臺選舉查詢-第10屆立法委員選舉政治獻金會計報告書(首次申報),序號;擬參選人／政黨;選舉名稱;申報序號／年度;交易日期;收支科目;捐贈者／支出對象;身分證／統一編號;收入金額;支出金額;支出用途;金錢類;地址;聯絡電話;資料更正日期;擬參選人;申報序號;個人捐贈收入;營利事業捐贈收入;政黨捐贈收入;人民團體捐贈收入;匿名捐贈收入;其他收入;收入小計;超過三萬元之收入總額;金錢收入總額;非金錢收入總額;人事費用支出;宣傳支出;租用宣傳車輛支出;租用競選辦事處支出;集會支出;交通旅運支出;雜支支出;返還捐贈支出;繳庫支出;公共關係費用支出;支出小計;超過三萬元之支出總額;金錢支出總額;非金錢支出總額;結算日專戶存款餘額;(加)購買金錢以外之財產;(減)變賣金錢以外之財產;餘額;收支結存內金錢餘額;金錢以外之財產;會計師事務所全名;會計師姓名;製表人;結算日期;申報日期;更正日期,監察院
第15任總統、副總統選舉政治獻金會計報告書(首次申報),第15任總統、副總統選舉政治獻金會計報告書(首次申報),129494,監察院政治獻金公開查閱平臺選舉查詢-第15任總統、副總統選舉政治獻金會計報告書(首次申報),序號;擬參選人／政黨;選舉名稱;申報序號／年度;交易日期;收支科目;捐贈者／支出對象;身分證／統一編號;收入金額;支出金額;支出用途;金錢類;地址;聯絡電話;資料更正日期;擬參選人;申報序號;個人捐贈收入;營利事業捐贈收入;政黨捐贈收入;人民團體捐贈收入;匿名捐贈收入;其他收入;收入小計;超過三萬元之收入總額;金錢收入總額;非金錢收入總額;人事費用支出;宣傳支出;租用宣傳車輛支出;租用競選辦事處支出;集會支出;交通旅運支出;雜支支出;返還捐贈支出;繳庫支出;公共關係費用支出;支出小計;超過三萬元之支出總額;金錢支出總額;非金錢支出總額;結算日專戶存款餘額;(加)購買金錢以外之財產;(減)變賣金錢以外之財產;餘額;收支結存內金錢餘額;金錢以外之財產;會計師事務所全名;會計師姓名;製表人;結算日期;申報日期;更正日期,監察院
第17屆花蓮縣花蓮市市長補選第3次賸餘政治獻金會計報告書,第17屆花蓮縣花蓮市市長補選第3次賸餘政治獻金會計報告書,129224,監察院政治獻金公開查閱平臺選舉查詢-第17屆花蓮縣花蓮市市長補選第3次賸餘政治獻金會計報告書,序號;擬參選人／政黨;選舉名稱;申報序號／年度;交易日期;收支科目;捐贈者／支出對象;身分證／統一編號;收入金額;支出金額;支出用途;金錢類;地址;聯絡電話;資料更正日期;擬參選人;申報序號;前期賸餘;收支結存內金錢餘額;金錢以外之財產;其他收入;利息收入;變賣金錢以外之財產現金收入;支付當選後與其公務有關之費用;捐贈政治團體或其所屬政黨支出;捐贈教育、文化、公益、慈善機構或團體支出;參加公職人員選舉使用支出;返還捐贈支出;繳庫支出;支出合計;超過三萬元之支出總額;金錢支出總額;非金錢支出總額;結算日專戶存款餘額;(加)購買金錢以外之財產;(減)變賣前期金錢以外之財產;(減)變賣本期金錢以外財產;本期餘額;製表人;結算日期;申報日期;更正日期,監察院
第17屆花蓮縣花蓮市市長補選第4次賸餘政治獻金會計報告書,第17屆花蓮縣花蓮市市長補選第4次賸餘政治獻金會計報告書,129505,監察院政治獻金公開查閱平臺選舉查詢-第17屆花蓮縣花蓮市市長補選第4次賸餘政治獻金會計報告書,序號;擬參選人／政黨;選舉名稱;申報序號／年度;交易日期;收支科目;捐贈者／支出對象;身分證／統一編號;收入金額;支出金額;支出用途;金錢類;地址;聯絡電話;資料更正日期;擬參選人;申報序號;前期賸餘;收支結存內金錢餘額;金錢以外之財產;其他收入;利息收入;變賣金錢以外之財產現金收入;支付當選後與其公務有關之費用;捐贈政治團體或其所屬政黨支出;捐贈教育、文化、公益、慈善機構或團體支出;參加公職人員選舉使用支出;返還捐贈支出;繳庫支出;支出合計;超過三萬元之支出總額;金錢支出總額;非金錢支出總額;結算日專戶存款餘額;(加)購買金錢以外之財產;(減)變賣前期金錢以外之財產;(減)變賣本期金錢以外財產;本期餘額;製表人;結算日期;申報日期;更正日期,監察院
第18屆新竹縣竹東鎮鎮長補選政治獻金會計報告書(首次申報),第18屆新竹縣竹東鎮鎮長補選政治獻金會計報告書(首次申報),129497,監察院政治獻金公開查閱平臺選舉查詢-第18屆新竹縣竹東鎮鎮長補選政治獻金會計報告書(首次申報),序號;擬參選人／政黨;選舉名稱;申報序號／年度;交易日期;收支科目;捐贈者／支出對象;身分證／統一編號;收入金額;支出金額;支出用途;金錢類;地址;聯絡電話;資料更正日期;擬參選人;申報序號;個人捐贈收入;營利事業捐贈收入;政黨捐贈收入;人民團體捐贈收入;匿名捐贈收入;其他收入;收入小計;超過三萬元之收入總額;金錢收入總額;非金錢收入總額;人事費用支出;宣傳支出;租用宣傳車輛支出;租用競選辦事處支出;集會支出;交通旅運支出;雜支支出;返還捐贈支出;繳庫支出;公共關係費用支出;支出小計;超過三萬元之支出總額;金錢支出總額;非金錢支出總額;結算日專戶存款餘額;(加)購買金錢以外之財產;(減)變賣金錢以外之財產;餘額;收支結存內金錢餘額;金錢以外之財產;會計師事務所全名;會計師姓名;製表人;結算日期;申報日期;更正日期,監察院
第18屆花蓮縣豐濱鄉鄉長補選政治獻金會計報告書(首次申報),第18屆花蓮縣豐濱鄉鄉長補選政治獻金會計報告書(首次申報),129499,監察院政治獻金公開查閱平臺選舉查詢-第18屆花蓮縣豐濱鄉鄉長補選政治獻金會計報告書(首次申報),序號;擬參選人／政黨;選舉名稱;申報序號／年度;交易日期;收支科目;捐贈者／支出對象;身分證／統一編號;收入金額;支出金額;支出用途;金錢類;地址;聯絡電話;資料更正日期;擬參選人;申報序號;個人捐贈收入;營利事業捐贈收入;政黨捐贈收入;人民團體捐贈收入;匿名捐贈收入;其他收入;收入小計;超過三萬元之收入總額;金錢收入總額;非金錢收入總額;人事費用支出;宣傳支出;租用宣傳車輛支出;租用競選辦事處支出;集會支出;交通旅運支出;雜支支出;返還捐贈支出;繳庫支出;公共關係費用支出;支出小計;超過三萬元之支出總額;金錢支出總額;非金錢支出總額;結算日專戶存款餘額;(加)購買金錢以外之財產;(減)變賣金錢以外之財產;餘額;收支結存內金錢餘額;金錢以外之財產;會計師事務所全名;會計師姓名;製表人;結算日期;申報日期;更正日期,監察院
第19屆花蓮縣議員補選政治獻金會計報告書(首次申報),第19屆花蓮縣議員補選政治獻金會計報告書(首次申報),129496,監察院政治獻金公開查閱平臺選舉查詢-第19屆花蓮縣議員補選政治獻金會計報告書(首次申報),序號;擬參選人／政黨;選舉名稱;申報序號／年度;交易日期;收支科目;捐贈者／支出對象;身分證／統一編號;收入金額;支出金額;支出用途;金錢類;地址;聯絡電話;資料更正日期;擬參選人;申報序號;個人捐贈收入;營利事業捐贈收入;政黨捐贈收入;人民團體捐贈收入;匿名捐贈收入;其他收入;收入小計;超過三萬元之收入總額;金錢收入總額;非金錢收入總額;人事費用支出;宣傳支出;租用宣傳車輛支出;租用競選辦事處支出;集會支出;交通旅運支出;雜支支出;返還捐贈支出;繳庫支出;公共關係費用支出;支出小計;超過三萬元之支出總額;金錢支出總額;非金錢支出總額;結算日專戶存款餘額;(加)購買金錢以外之財產;(減)變賣金錢以外之財產;餘額;收支結存內金錢餘額;金錢以外之財產;會計師事務所全名;會計師姓名;製表人;結算日期;申報日期;更正日期,監察院
第3屆新北市三重區光正里里長補選政治獻金會計報告書(首次申報),第3屆新北市三重區光正里里長補選政治獻金會計報告書(首次申報),129231,監察院政治獻金公開查閱平臺選舉查詢-第3屆新北市三重區光正里里長補選政治獻金會計報告書(首次申報),序號;擬參選人／政黨;選舉名稱;申報序號／年度;交易日期;收支科目;捐贈者／支出對象;身分證／統一編號;收入金額;支出金額;支出用途;金錢類;地址;聯絡電話;資料更正日期;擬參選人;申報序號;個人捐贈收入;營利事業捐贈收入;政黨捐贈收入;人民團體捐贈收入;匿名捐贈收入;其他收入;收入小計;超過三萬元之收入總額;金錢收入總額;非金錢收入總額;人事費用支出;宣傳支出;租用宣傳車輛支出;租用競選辦事處支出;集會支出;交通旅運支出;雜支支出;返還捐贈支出;繳庫支出;公共關係費用支出;支出小計;超過三萬元之支出總額;金錢支出總額;非金錢支出總額;結算日專戶存款餘額;(加)購買金錢以外之財產;(減)變賣金錢以外之財產;餘額;收支結存內金錢餘額;金錢以外之財產;會計師事務所全名;會計師姓名;製表人;結算日期;申報日期;更正日期,監察院
第3屆高雄市苓雅區林靖里里長補選政治獻金會計報告書(首次申報),第3屆高雄市苓雅區林靖里里長補選政治獻金會計報告書(首次申報),129498,監察院政治獻金公開查閱平臺選舉查詢-第3屆高雄市苓雅區林靖里里長補選政治獻金會計報告書(首次申報),序號;擬參選人／政黨;選舉名稱;申報序號／年度;交易日期;收支科目;捐贈者／支出對象;身分證／統一編號;收入金額;支出金額;支出用途;金錢類;地址;聯絡電話;資料更正日期;擬參選人;申報序號;個人捐贈收入;營利事業捐贈收入;政黨捐贈收入;人民團體捐贈收入;匿名捐贈收入;其他收入;收入小計;超過三萬元之收入總額;金錢收入總額;非金錢收入總額;人事費用支出;宣傳支出;租用宣傳車輛支出;租用競選辦事處支出;集會支出;交通旅運支出;雜支支出;返還捐贈支出;繳庫支出;公共關係費用支出;支出小計;超過三萬元之支出總額;金錢支出總額;非金錢支出總額;結算日專戶存款餘額;(加)購買金錢以外之財產;(減)變賣金錢以外之財產;餘額;收支結存內金錢餘額;金錢以外之財產;會計師事務所全名;會計師姓名;製表人;結算日期;申報日期;更正日期,監察院
第9屆彰化縣立法委員補選政治獻金會計報告書(首次申報),第9屆彰化縣立法委員補選政治獻金會計報告書(首次申報),129228,監察院政治獻金公開查閱平臺選舉查詢-第9屆彰化縣立法委員補選政治獻金會計報告書(首次申報),序號;擬參選人／政黨;選舉名稱;申報序號／年度;交易日期;收支科目;捐贈者／支出對象;身分證／統一編號;收入金額;支出金額;支出用途;金錢類;地址;聯絡電話;資料更正日期;擬參選人;申報序號;個人捐贈收入;營利事業捐贈收入;政黨捐贈收入;人民團體捐贈收入;匿名捐贈收入;其他收入;收入小計;超過三萬元之收入總額;金錢收入總額;非金錢收入總額;人事費用支出;宣傳支出;租用宣傳車輛支出;租用競選辦事處支出;集會支出;交通旅運支出;雜支支出;返還捐贈支出;繳庫支出;公共關係費用支出;支出小計;超過三萬元之支出總額;金錢支出總額;非金錢支出總額;結算日專戶存款餘額;(加)購買金錢以外之財產;(減)變賣金錢以外之財產;餘額;收支結存內金錢餘額;金錢以外之財產;會計師事務所全名;會計師姓名;製表人;結算日期;申報日期;更正日期,監察院
第9屆新北市立法委員補選政治獻金會計報告書(首次申報),第9屆新北市立法委員補選政治獻金會計報告書(首次申報),129230,監察院政治獻金公開查閱平臺選舉查詢-第9屆新北市立法委員補選政治獻金會計報告書(首次申報),序號;擬參選人／政黨;選舉名稱;申報序號／年度;交易日期;收支科目;捐贈者／支出對象;身分證／統一編號;收入金額;支出金額;支出用途;金錢類;地址;聯絡電話;資料更正日期;擬參選人;申報序號;個人捐贈收入;營利事業捐贈收入;政黨捐贈收入;人民團體捐贈收入;匿名捐贈收入;其他收入;收入小計;超過三萬元之收入總額;金錢收入總額;非金錢收入總額;人事費用支出;宣傳支出;租用宣傳車輛支出;租用競選辦事處支出;集會支出;交通旅運支出;雜支支出;返還捐贈支出;繳庫支出;公共關係費用支出;支出小計;超過三萬元之支出總額;金錢支出總額;非金錢支出總額;結算日專戶存款餘額;(加)購買金錢以外之財產;(減)變賣金錢以外之財產;餘額;收支結存內金錢餘額;金錢以外之財產;會計師事務所全名;會計師姓名;製表人;結算日期;申報日期;更正日期,監察院
第9屆臺中市立法委員補選政治獻金會計報告書(首次申報),第9屆臺中市立法委員補選政治獻金會計報告書(首次申報),129226,監察院政治獻金公開查閱平臺選舉查詢-第9屆臺中市立法委員補選政治獻金會計報告書(首次申報),序號;擬參選人／政黨;選舉名稱;申報序號／年度;交易日期;收支科目;捐贈者／支出對象;身分證／統一編號;收入金額;支出金額;支出用途;金錢類;地址;聯絡電話;資料更正日期;擬參選人;申報序號;個人捐贈收入;營利事業捐贈收入;政黨捐贈收入;人民團體捐贈收入;匿名捐贈收入;其他收入;收入小計;超過三萬元之收入總額;金錢收入總額;非金錢收入總額;人事費用支出;宣傳支出;租用宣傳車輛支出;租用競選辦事處支出;集會支出;交通旅運支出;雜支支出;返還捐贈支出;繳庫支出;公共關係費用支出;支出小計;超過三萬元之支出總額;金錢支出總額;非金錢支出總額;結算日專戶存款餘額;(加)購買金錢以外之財產;(減)變賣金錢以外之財產;餘額;收支結存內金錢餘額;金錢以外之財產;會計師事務所全名;會計師姓名;製表人;結算日期;申報日期;更正日期,監察院
第9屆臺北市立法委員補選政治獻金會計報告書(首次申報),第9屆臺北市立法委員補選政治獻金會計報告書(首次申報),129225,監察院政治獻金公開查閱平臺選舉查詢-第9屆臺北市立法委員補選政治獻金會計報告書(首次申報),序號;擬參選人／政黨;選舉名稱;申報序號／年度;交易日期;收支科目;捐贈者／支出對象;身分證／統一編號;收入金額;支出金額;支出用途;金錢類;地址;聯絡電話;資料更正日期;擬參選人;申報序號;個人捐贈收入;營利事業捐贈收入;政黨捐贈收入;人民團體捐贈收入;匿名捐贈收入;其他收入;收入小計;超過三萬元之收入總額;金錢收入總額;非金錢收入總額;人事費用支出;宣傳支出;租用宣傳車輛支出;租用競選辦事處支出;集會支出;交通旅運支出;雜支支出;返還捐贈支出;繳庫支出;公共關係費用支出;支出小計;超過三萬元之支出總額;金錢支出總額;非金錢支出總額;結算日專戶存款餘額;(加)購買金錢以外之財產;(減)變賣金錢以外之財產;餘額;收支結存內金錢餘額;金錢以外之財產;會計師事務所全名;會計師姓名;製表人;結算日期;申報日期;更正日期,監察院
第9屆臺南市立法委員補選政治獻金會計報告書(首次申報),第9屆臺南市立法委員補選政治獻金會計報告書(首次申報),129227,監察院政治獻金公開查閱平臺選舉查詢-第9屆臺南市立法委員補選政治獻金會計報告書(首次申報),序號;擬參選人／政黨;選舉名稱;申報序號／年度;交易日期;收支科目;捐贈者／支出對象;身分證／統一編號;收入金額;支出金額;支出用途;金錢類;地址;聯絡電話;資料更正日期;擬參選人;申報序號;個人捐贈收入;營利事業捐贈收入;政黨捐贈收入;人民團體捐贈收入;匿名捐贈收入;其他收入;收入小計;超過三萬元之收入總額;金錢收入總額;非金錢收入總額;人事費用支出;宣傳支出;租用宣傳車輛支出;租用競選辦事處支出;集會支出;交通旅運支出;雜支支出;返還捐贈支出;繳庫支出;公共關係費用支出;支出小計;超過三萬元之支出總額;金錢支出總額;非金錢支出總額;結算日專戶存款餘額;(加)購買金錢以外之財產;(減)變賣金錢以外之財產;餘額;收支結存內金錢餘額;金錢以外之財產;會計師事務所全名;會計師姓名;製表人;結算日期;申報日期;更正日期,監察院
第9屆金門縣立法委員補選政治獻金會計報告書(首次申報),第9屆金門縣立法委員補選政治獻金會計報告書(首次申報),129229,監察院政治獻金公開查閱平臺選舉查詢-第9屆金門縣立法委員補選政治獻金會計報告書(首次申報),序號;擬參選人／政黨;選舉名稱;申報序號／年度;交易日期;收支科目;捐贈者／支出對象;身分證／統一編號;收入金額;支出金額;支出用途;金錢類;地址;聯絡電話;資料更正日期;擬參選人;申報序號;個人捐贈收入;營利事業捐贈收入;政黨捐贈收入;人民團體捐贈收入;匿名捐贈收入;其他收入;收入小計;超過三萬元之收入總額;金錢收入總額;非金錢收入總額;人事費用支出;宣傳支出;租用宣傳車輛支出;租用競選辦事處支出;集會支出;交通旅運支出;雜支支出;返還捐贈支出;繳庫支出;公共關係費用支出;支出小計;超過三萬元之支出總額;金錢支出總額;非金錢支出總額;結算日專戶存款餘額;(加)購買金錢以外之財產;(減)變賣金錢以外之財產;餘額;收支結存內金錢餘額;金錢以外之財產;會計師事務所全名;會計師姓名;製表人;結算日期;申報日期;更正日期,監察院
縣(市)議員政治獻金會計報告書(首次申報),107年縣(市)議員政治獻金會計報告書(首次申報),128930,監察院政治獻金公開查閱平臺選舉查詢-107年縣(市)議員政治獻金會計報告書,序號;擬參選人／政黨;選舉名稱;申報序號／年度;交易日期;收支科目;捐贈者／支出對象;身分證／統一編號;收入金額;支出金額;支出用途;金錢類;地址;聯絡電話;資料更正日期;擬參選人;申報序號;個人捐贈收入;營利事業捐贈收入;政黨捐贈收入;人民團體捐贈收入;匿名捐贈收入;其他收入;收入小計;超過三萬元之收入總額;金錢收入總額;非金錢收入總額;人事費用支出;宣傳支出;租用宣傳車輛支出;租用競選辦事處支出;集會支出;交通旅運支出;雜支支出;返還捐贈支出;繳庫支出;公共關係費用支出;支出小計;超過三萬元之支出總額;金錢支出總額;非金錢支出總額;結算日專戶存款餘額;(加)購買金錢以外之財產;(減)變賣金錢以外之財產;餘額;收支結存內金錢餘額;金錢以外之財產;會計師事務所全名;會計師姓名;製表人;結算日期;申報日期;更正日期,監察院
縣(市)議員選舉第1次賸餘政治獻金會計報告書,107年縣(市)議員選舉第1次賸餘政治獻金會計報告書,129509,監察院政治獻金公開查閱平臺選舉查詢-107年縣(市)議員選舉第1次賸餘政治獻金會計報告書,序號;擬參選人／政黨;選舉名稱;申報序號／年度;交易日期;收支科目;捐贈者／支出對象;身分證／統一編號;收入金額;支出金額;支出用途;金錢類;地址;聯絡電話;資料更正日期;擬參選人;申報序號;前期賸餘;收支結存內金錢餘額;金錢以外之財產;其他收入;利息收入;變賣金錢以外之財產現金收入;支付當選後與其公務有關之費用;捐贈政治團體或其所屬政黨支出;捐贈教育、文化、公益、慈善機構或團體支出;參加公職人員選舉使用支出;返還捐贈支出;繳庫支出;支出合計;超過三萬元之支出總額;金錢支出總額;非金錢支出總額;結算日專戶存款餘額;(加)購買金錢以外之財產;(減)變賣前期金錢以外之財產;(減)變賣本期金錢以外財產;本期餘額;製表人;結算日期;申報日期;更正日期,監察院
縣(市)議員選舉第4次賸餘政治獻金會計報告書,103年縣(市)議員選舉第4次賸餘政治獻金會計報告書,129221,監察院政治獻金公開查閱平臺選舉查詢-103年縣(市)議員選舉第4次賸餘政治獻金會計報告書,序號;擬參選人／政黨;選舉名稱;申報序號／年度;交易日期;收支科目;捐贈者／支出對象;身分證／統一編號;收入金額;支出金額;支出用途;金錢類;地址;聯絡電話;資料更正日期;擬參選人;申報序號;前期賸餘;收支結存內金錢餘額;金錢以外之財產;其他收入;利息收入;變賣金錢以外之財產現金收入;支付當選後與其公務有關之費用;捐贈政治團體或其所屬政黨支出;捐贈教育、文化、公益、慈善機構或團體支出;參加公職人員選舉使用支出;返還捐贈支出;繳庫支出;支出合計;超過三萬元之支出總額;金錢支出總額;非金錢支出總額;結算日專戶存款餘額;(加)購買金錢以外之財產;(減)變賣前期金錢以外之財產;(減)變賣本期金錢以外財產;本期餘額;製表人;結算日期;申報日期;更正日期,監察院
縣(市)議員選舉第5次賸餘政治獻金會計報告書,103年縣(市)議員選舉第5次賸餘政治獻金會計報告書,129500,監察院政治獻金公開查閱平臺選舉查詢-103年縣(市)議員選舉第5次賸餘政治獻金會計報告書,序號;擬參選人／政黨;選舉名稱;申報序號／年度;交易日期;收支科目;捐贈者／支出對象;身分證／統一編號;收入金額;支出金額;支出用途;金錢類;地址;聯絡電話;資料更正日期;擬參選人;申報序號;前期賸餘;收支結存內金錢餘額;金錢以外之財產;其他收入;利息收入;變賣金錢以外之財產現金收入;支付當選後與其公務有關之費用;捐贈政治團體或其所屬政黨支出;捐贈教育、文化、公益、慈善機構或團體支出;參加公職人員選舉使用支出;返還捐贈支出;繳庫支出;支出合計;超過三萬元之支出總額;金錢支出總額;非金錢支出總額;結算日專戶存款餘額;(加)購買金錢以外之財產;(減)變賣前期金錢以外之財產;(減)變賣本期金錢以外財產;本期餘額;製表人;結算日期;申報日期;更正日期,監察院
縣(市)長政治獻金會計報告書(首次申報),107年縣(市)長政治獻金會計報告書(首次申報),128921,監察院政治獻金公開查閱平臺選舉查詢-107年縣(市)長政治獻金會計報告書,序號;擬參選人／政黨;選舉名稱;申報序號／年度;交易日期;收支科目;捐贈者／支出對象;身分證／統一編號;收入金額;支出金額;支出用途;金錢類;地址;聯絡電話;資料更正日期;擬參選人;申報序號;個人捐贈收入;營利事業捐贈收入;政黨捐贈收入;人民團體捐贈收入;匿名捐贈收入;其他收入;收入小計;超過三萬元之收入總額;金錢收入總額;非金錢收入總額;人事費用支出;宣傳支出;租用宣傳車輛支出;租用競選辦事處支出;集會支出;交通旅運支出;雜支支出;返還捐贈支出;繳庫支出;公共關係費用支出;支出小計;超過三萬元之支出總額;金錢支出總額;非金錢支出總額;結算日專戶存款餘額;(加)購買金錢以外之財產;(減)變賣金錢以外之財產;餘額;收支結存內金錢餘額;金錢以外之財產;會計師事務所全名;會計師姓名;製表人;結算日期;申報日期;更正日期,監察院
縣(市)長選舉第4次賸餘政治獻金會計報告書,103年縣(市)長選舉第4次賸餘政治獻金會計報告書,129219,監察院政治獻金公開查閱平臺選舉查詢-103年縣(市)長選舉第4次賸餘政治獻金會計報告書,序號;擬參選人／政黨;選舉名稱;申報序號／年度;交易日期;收支科目;捐贈者／支出對象;身分證／統一編號;收入金額;支出金額;支出用途;金錢類;地址;聯絡電話;資料更正日期;擬參選人;申報序號;前期賸餘;收支結存內金錢餘額;金錢以外之財產;其他收入;利息收入;變賣金錢以外之財產現金收入;支付當選後與其公務有關之費用;捐贈政治團體或其所屬政黨支出;捐贈教育、文化、公益、慈善機構或團體支出;參加公職人員選舉使用支出;返還捐贈支出;繳庫支出;支出合計;超過三萬元之支出總額;金錢支出總額;非金錢支出總額;結算日專戶存款餘額;(加)購買金錢以外之財產;(減)變賣前期金錢以外之財產;(減)變賣本期金錢以外財產;本期餘額;製表人;結算日期;申報日期;更正日期,監察院
總統、副總統選舉第3次賸餘政治獻金會計報告書,105年總統、副總統選舉第3次賸餘政治獻金會計報告書,129222,監察院政治獻金公開查閱平臺選舉查詢-105年總統、副總統選舉第3次賸餘政治獻金會計報告書,序號;擬參選人／政黨;選舉名稱;申報序號／年度;交易日期;收支科目;捐贈者／支出對象;身分證／統一編號;收入金額;支出金額;支出用途;金錢類;地址;聯絡電話;資料更正日期;擬參選人;申報序號;前期賸餘;收支結存內金錢餘額;金錢以外之財產;其他收入;利息收入;變賣金錢以外之財產現金收入;支付當選後與其公務有關之費用;捐贈政治團體或其所屬政黨支出;捐贈教育、文化、公益、慈善機構或團體支出;參加公職人員選舉使用支出;返還捐贈支出;繳庫支出;支出合計;超過三萬元之支出總額;金錢支出總額;非金錢支出總額;結算日專戶存款餘額;(加)購買金錢以外之財產;(減)變賣前期金錢以外之財產;(減)變賣本期金錢以外財產;本期餘額;製表人;結算日期;申報日期;更正日期,監察院
總統、副總統選舉第4次賸餘政治獻金會計報告書,105年總統、副總統選舉第4次賸餘政治獻金會計報告書,129502,監察院政治獻金公開查閱平臺選舉查詢-105年總統、副總統選舉第4次賸餘政治獻金會計報告書,序號;擬參選人／政黨;選舉名稱;申報序號／年度;交易日期;收支科目;捐贈者／支出對象;身分證／統一編號;收入金額;支出金額;支出用途;金錢類;地址;聯絡電話;資料更正日期;擬參選人;申報序號;前期賸餘;收支結存內金錢餘額;金錢以外之財產;其他收入;利息收入;變賣金錢以外之財產現金收入;支付當選後與其公務有關之費用;捐贈政治團體或其所屬政黨支出;捐贈教育、文化、公益、慈善機構或團體支出;參加公職人員選舉使用支出;返還捐贈支出;繳庫支出;支出合計;超過三萬元之支出總額;金錢支出總額;非金錢支出總額;結算日專戶存款餘額;(加)購買金錢以外之財產;(減)變賣前期金錢以外之財產;(減)變賣本期金錢以外財產;本期餘額;製表人;結算日期;申報日期;更正日期,監察院
鄉(鎮、市)民代表政治獻金會計報告書(首次申報),107年鄉(鎮、市)民代表政治獻金會計報告書(首次申報),128932,監察院政治獻金公開查閱平臺選舉查詢-107年鄉(鎮、市)民代表政治獻金會計報告書,序號;擬參選人／政黨;選舉名稱;申報序號／年度;交易日期;收支科目;捐贈者／支出對象;身分證／統一編號;收入金額;支出金額;支出用途;金錢類;地址;聯絡電話;資料更正日期;擬參選人;申報序號;個人捐贈收入;營利事業捐贈收入;政黨捐贈收入;人民團體捐贈收入;匿名捐贈收入;其他收入;收入小計;超過三萬元之收入總額;金錢收入總額;非金錢收入總額;人事費用支出;宣傳支出;租用宣傳車輛支出;租用競選辦事處支出;集會支出;交通旅運支出;雜支支出;返還捐贈支出;繳庫支出;公共關係費用支出;支出小計;超過三萬元之支出總額;金錢支出總額;非金錢支出總額;結算日專戶存款餘額;(加)購買金錢以外之財產;(減)變賣金錢以外之財產;餘額;收支結存內金錢餘額;金錢以外之財產;會計師事務所全名;會計師姓名;製表人;結算日期;申報日期;更正日期,監察院
鄉(鎮、市)長政治獻金會計報告書(首次申報),107年鄉(鎮、市)長政治獻金會計報告書(首次申報),128931,監察院政治獻金公開查閱平臺選舉查詢-107年鄉(鎮、市)長政治獻金會計報告書,序號;擬參選人／政黨;選舉名稱;申報序號／年度;交易日期;收支科目;捐贈者／支出對象;身分證／統一編號;收入金額;支出金額;支出用途;金錢類;地址;聯絡電話;資料更正日期;擬參選人;申報序號;個人捐贈收入;營利事業捐贈收入;政黨捐贈收入;人民團體捐贈收入;匿名捐贈收入;其他收入;收入小計;超過三萬元之收入總額;金錢收入總額;非金錢收入總額;人事費用支出;宣傳支出;租用宣傳車輛支出;租用競選辦事處支出;集會支出;交通旅運支出;雜支支出;返還捐贈支出;繳庫支出;公共關係費用支出;支出小計;超過三萬元之支出總額;金錢支出總額;非金錢支出總額;結算日專戶存款餘額;(加)購買金錢以外之財產;(減)變賣金錢以外之財產;餘額;收支結存內金錢餘額;金錢以外之財產;會計師事務所全名;會計師姓名;製表人;結算日期;申報日期;更正日期,監察院
鄉(鎮、市)長選舉第1次賸餘政治獻金會計報告書,107年鄉(鎮、市)長選舉第1次賸餘政治獻金會計報告書,129510,監察院政治獻金公開查閱平臺選舉查詢-107年鄉(鎮、市)長選舉第1次賸餘政治獻金會計報告書,序號;擬參選人／政黨;選舉名稱;申報序號／年度;交易日期;收支科目;捐贈者／支出對象;身分證／統一編號;收入金額;支出金額;支出用途;金錢類;地址;聯絡電話;資料更正日期;擬參選人;申報序號;前期賸餘;收支結存內金錢餘額;金錢以外之財產;其他收入;利息收入;變賣金錢以外之財產現金收入;支付當選後與其公務有關之費用;捐贈政治團體或其所屬政黨支出;捐贈教育、文化、公益、慈善機構或團體支出;參加公職人員選舉使用支出;返還捐贈支出;繳庫支出;支出合計;超過三萬元之支出總額;金錢支出總額;非金錢支出總額;結算日專戶存款餘額;(加)購買金錢以外之財產;(減)變賣前期金錢以外之財產;(減)變賣本期金錢以外財產;本期餘額;製表人;結算日期;申報日期;更正日期,監察院
鑒察院會計月報,鑒察院105年12月會計月報,42903,監察院105年12月會計月報,監察院105年12月會計月報,監察院
