資料集名稱,資料集識別碼,資料集描述,主要欄位說明,提供機關
考試院104年度單位預算案書表,12304,歲入來源別預算表、歲出機關別預算表、歲入項目說明提要表、歲出計畫提要及分支計畫概況表、各項費用彙計表、歲出一級用途別科目分析表、資本支出分析表、人事費分析表、預算員額明細表、公務車輛明細表、現有辦公房舍明細表、捐助經費分析表、派員出國計畫預算總表、派員出國計畫類別表-考察、視察、訪問、歲出按職能及經濟性綜合分類表、委辦經費分析表,歲入來源別預算表;歲出機關別預算表;歲入項目說明提要表;歲出計畫提要及分支計畫概況表;各項費用彙計表;歲出一級用途別科目分析表;資本支出分析表;人事費分析表;預算員額明細表;公務車輛明細表;現有辦公房舍明細表;捐助經費分析表;派員出國計畫預算總表;派員出國計畫類別表-考察;視察;訪問;歲出按職能及經濟性綜合分類表;委辦經費分析表,考試院
考試院104年度單位法定預算書表,12306,歲入來源別預算表、歲出機關別預算表、歲入項目說明提要表、歲出計畫提要及分支計畫概況表、各項費用彙計表、歲出一級用途別科目分析表、資本支出分析表、人事費分析表、預算員額明細表、公務車輛明細表、現有辦公房舍明細表、捐助經費分析表、派員出國計畫預算總表、派員出國計畫類別表-考察、視察、訪問、歲出按職能及經濟性綜合分類表、委辦經費分析表,歲入來源別預算表;歲出機關別預算表;歲入項目說明提要表;歲出計畫提要及分支計畫概況表;各項費用彙計表;歲出一級用途別科目分析表;資本支出分析表;人事費分析表;預算員額明細表;公務車輛明細表;現有辦公房舍明細表;捐助經費分析表;派員出國計畫預算總表;派員出國計畫類別表-考察;視察;訪問;歲出按職能及經濟性綜合分類表;委辦經費分析表,考試院
國家文官學院及所屬104年度單位預算案書表,12401,歲入來源別預算表、歲出機關別預算表、歲入項目說明提要表、歲出計畫提要及分支計畫概況表、各項費用彙計表、歲出一級用途別科目分析表、資本支出分析表、人事費分析表、預算員額明細表、公務車輛明細表、現有辦公房舍明細表、捐助經費分析表、派員出國計畫預算總表、派員出國計畫預算類別表－開會、談判、派員出國計畫預算類別表－進修、研究、實習、歲出按職能及經濟性綜合分類表,歲入來源別預算表;歲出機關別預算表;歲入項目說明提要表;歲出計畫提要及分支計畫概況表;各項費用彙計表;歲出一級用途別科目分析表;資本支出分析表;人事費分析表;預算員額明細表;公務車輛明細表;現有辦公房舍明細表;捐助經費分析表;派員出國計畫預算總表;派員出國計畫預算類別表－開會;談判;派員出國計畫預算類別表－進修;研究;實習;歲出按職能及經濟性綜合分類表,國家文官學院
國家文官學院及所屬104年度單位法定預算書表,12416,歲入來源別預算表、歲出機關別預算表、歲入項目說明提要表、歲出計畫提要及分支計畫概況表、各項費用彙計表、歲出一級用途別科目分析表、資本支出分析表、人事費分析表、預算員額明細表、公務車輛明細表、現有辦公房舍明細表、捐助經費分析表、派員出國計畫預算總表、派員出國計畫預算類別表－開會、談判、派員出國計畫預算類別表－進修、研究、實習、歲出按職能及經濟性綜合分類表,歲入來源別預算表;歲出機關別預算表;歲入項目說明提要表;歲出計畫提要及分支計畫概況表;各項費用彙計表;歲出一級用途別科目分析表;資本支出分析表;人事費分析表;預算員額明細表;公務車輛明細表;現有辦公房舍明細表;捐助經費分析表;派員出國計畫預算總表;派員出國計畫預算類別表－開會;談判;派員出國計畫預算類別表－進修;研究;實習;歲出按職能及經濟性綜合分類表,國家文官學院
104年度考選業務基金預算案,12454,104年度考選業務基金預算案,104年度考選業務基金預算案,考選部
公務人員退撫基金監理委員會104年度法定預算,12459,歲入來源別預算表、歲出機關別預算表、歲出計畫提要及分支計畫概況表、各項費用彙計表、歲出一級用途別科目分析表、資本支出分析表、人事費分析表、預算員額明細表、公務車輛明細表、現有辦公房舍明細表、捐助經費分析表、派員出國計畫預算總表、派員出國計畫類別表-考察、歲出按職能及經濟性綜合分類表,歲入來源別預算表;歲出機關別預算表;歲出計畫提要及分支計畫概況表;各項費用彙計表;歲出一級用途別科目分析表;資本支出分析表;人事費分析表;預算員額明細表;公務車輛明細表;現有辦公房舍明細表;捐助經費分析表;派員出國計畫預算總表;派員出國計畫類別表-考察;歲出按職能及經濟性綜合分類表,公務人員退休撫卹基金監理委員會
公務人員退撫基金監理委員會104年度單位預算案,12462,歲入來源別預算表、歲出機關別預算表、歲出計畫提要及分支計畫概況表、各項費用彙計表、歲出一級用途別科目分析表、資本支出分析表、人事費分析表、預算員額明細表、公務車輛明細表、現有辦公房舍明細表、捐助經費分析表、派員出國計畫預算總表、派員出國計畫類別表-考察、歲出按職能及經濟性綜合分類表,歲入來源別預算表;歲出機關別預算表;歲出計畫提要及分支計畫概況表;各項費用彙計表;歲出一級用途別科目分析表;資本支出分析表;人事費分析表;預算員額明細表;公務車輛明細表;現有辦公房舍明細表;捐助經費分析表;派員出國計畫預算總表;派員出國計畫類別表-考察;歲出按職能及經濟性綜合分類表,公務人員退休撫卹基金監理委員會
104年度考選部單位預算,12464,104年度考選部單位預算,104年度考選部單位預算,考選部
銓敘部104年度法定預算,12585,銓敘部104年度法定預算,,銓敘部
公務人員退休撫卹基金管理委員會-104法定預算(XML),12596,公務人員退休撫卹基金管理委員會-104法定預算,公務人員退休撫卹基金管理委員會-104法定預算,公務人員退休撫卹基金管理委員會
銓敘部104年度預算案,12606,銓敘部104年度預算案,,銓敘部
公務人員退休撫卹基金管理委員會104年度單位預算案,12611,公務人員退休撫卹基金管理委員會104年度單位預算案,公務人員退休撫卹基金管理委員會104年度單位預算案,公務人員退休撫卹基金管理委員會
公務人員保障暨培訓委員會104年度預算案,12753,歲入來源別預算表、歲出機關別預算表、歲入項目說明提要表、歲出計畫提要及分支計畫概況表、各項費用彙計表、歲出一級用途別科目分析表、資本支出分析表、人事費分析表、預算員額明細表、公務車輛明細表、現有辦公房舍明細表、捐助經費分析表、派員出國計畫預算總表、派員出國計畫類別表-考察、視察、訪問、派員出國計畫類別表-開會、談判、派員赴大陸計畫預算類別表、歲出按職能及經濟性綜合分類表、委辦經費分析表,,公務人員保障暨培訓委員會
公務人員保障暨培訓委員會104年度法定預算,12756,歲入來源別預算表、歲出機關別預算表、歲入項目說明提要表、歲出計畫提要及分支計畫概況表、各項費用彙計表、歲出一級用途別科目分析表、資本支出分析表、人事費分析表、預算員額明細表、公務車輛明細表、現有辦公房舍明細表、捐助經費分析表、派員出國計畫預算總表、派員出國計畫類別表-考察、視察、訪問、派員出國計畫類別表-開會、談判、派員赴大陸計畫預算類別表、歲出按職能及經濟性綜合分類表、委辦經費分析表,,公務人員保障暨培訓委員會
考選部104年公務人員初等考試統計報表,13824,報考人數暨錄取或及格率按類科分、各考區報考人數統計表、報考人員年齡按類科分、報考人員教育程度按類科分、報考人員資料分析表(民族別)、到考人員年齡按類科分、到考人員教育程度按類科分、錄取或及格人員年齡按類科分、錄取或及格人員教育程度按類科分、錄取或及格人員資料分析表(民族別),類科別;到考人數;需用人數;錄取標準;錄取或及格人數;到考率,考選部
考選部104年第一次專門職業及技術人員高等暨普通考試航海人員考試【舊案補考】統計報表,13831,報考人數暨錄取或及格率按類科分、各考區報考人數統計表、報考人員年齡按類科分、報考人員教育程度按類科分、到考人員年齡按類科分、到考人員教育程度按類科分、錄取或及格人員年齡按類科分、錄取或及格人員教育程度按類科分,報考人數;到考人數;錄取或及格人數;到考率;錄取或及格率,考選部
考選部104年第一次專技高等考試牙醫師藥師考試分階段考試、藥師、醫事檢驗師、醫事放射師、助產師、物理治療師、職能治療師、呼吸治療師、獸醫師考試統計報表,13832,報考人數暨錄取或及格率按類科分、各考區報考人數統計表、報考人員年齡按類科分、報考人員教育程度按類科分、到考人員年齡按類科分、到考人員教育程度按類科分、錄取或及格人員年齡按類科分、錄取或及格人員教育程度按類科分,報考人數;到考人數;錄取或及格人數;到考率;錄取或及格率,考選部
考選部103年公務人員初等考試統計報表,13865,報考人數暨錄取或及格率按類科分、各考區報考人數統計表、報考人員年齡按類科分、報考人員教育程度按類科分、報考人員資料分析表(民族別)、到考人員年齡按類科分、到考人員教育程度按類科分、錄取或及格人員年齡按類科分、錄取或及格人員教育程度按類科分、錄取或及格人員資料分析表(民族別),類科別;報考人數;到考人數;需用人數;錄取標準;錄取或及格人數;到考率;錄取或及格率,考選部
考選部103年第一次專門職業及技術人員高等暨普通考試航海人員考試【舊案補考】 統計報表,13872,報考人數暨錄取或及格率按類科分、各考區報考人數統計表、報考人員年齡按類科分、報考人員教育程度按類科分、到考人員年齡按類科分、到考人員教育程度按類科分、錄取或及格人員年齡按類科分、錄取或及格人員教育程度按類科分,報考人數;到考人數;錄取或及格人數;到考率;錄取或及格率,考選部
考選部103年第一次專技人員高等考試牙醫師考試分階段考試、藥師、醫事檢驗師、醫事放射師、助產師、物理治療師、職能治療師、呼吸治療師、獸醫師考試統計報表,13873,報考人數暨錄取或及格率按類科分、報考人數統計表、報考人員年齡按類科分、報考人員教育程度按類科分、到考人員年齡按類科分、到考人員教育程度按類科分、錄取或及格人員年齡按類科分、錄取或及格人員教育程度按類科分,報考人數;到考人數;錄取或及格人數;到考率;錄取或及格率,考選部
考選部103年第一次專門職業及技術人員高等考試醫師中醫師考試分階段考試、中醫師、營養師、心理師、護理師、社會工作師考試 統計報表,13877,報考人數暨錄取或及格率按類科分、各考區報考人數統計表、報考人員年齡按類科分、報考人員教育程度按類科分、報考人員資料分析表(民族別)、到考人員年齡按類科分、到考人員教育程度按類科分、錄取或及格人員年齡按類科分、錄取或及格人員教育程度按類科分、錄取或及格人員資料分析表(民族別),類科別;報考人數;到考人數;錄取或及格人數;到考率;錄取或及格率,考選部
考選部103年專門職業及技術人員普通考試導遊人員考試（第二試）統計報表,13878,報考人數暨錄取或及格率按類科分、報考人數暨錄取或及格率按類科分、錄取或及格人員年齡按類科分、錄取或及格人員教育程度按類科分、錄取或及格人員資料分析表(民族別),類科別;錄取或及格人數;錄取或及格率,考選部
考選部103年專門職業及技術人員普通考試導遊人員、領隊人員考試統計報表,13880,報考人數暨錄取或及格率按類科分、各考區報考人數統計表、報考人員年齡按類科分、報考人員教育程度按類科分、報考人員資料分析表(民族別)、到考人員年齡按類科分、到考人員教育程度按類科分、錄取或及格人員年齡按類科分、錄取或及格人員教育程度按類科分、錄取或及格人員資料分析表(民族別),類科別;報考人數;到考人數;錄取或及格人數;到考率;錄取或及格率,考選部
考選部103年公務人員特種考試關務人員考試、103年公務人員特種考試身心障礙人員考試及103年國軍上校以上軍官轉任公務人員考試統計報表,13886,報考人數暨錄取或及格率按類科分、各考區報考人數統計表、報考人員年齡按類科分、報考人員教育程度按類科分、報考人員資料分析表(民族別)、到考人員年齡按類科分、到考人員教育程度按類科分、錄取或及格人員年齡按類科分、錄取或及格人員教育程度按類科分、錄取或及格人員資料分析表(民族別),類科別;報考人數;到考人數;需用人數;錄取標準;錄取或及格人數;到考率;錄取或及格率,考選部
考選部103年專門職業及技術人員高等考試驗船師、第一次食品技師考試、高等暨普通考試消防設備人員考試、普通考試地政士、專責報關人員、保險代理人保險經紀人及保險公證人考試統計報表,13906,報考人數暨錄取或及格率按類科分、各考區報考人數統計表、報考人員年齡按類科分、報考人員教育程度按類科分、報考人員資料分析表(民族別)、到考人員年齡按類科分、到考人員教育程度按類科分、錄取或及格人員年齡按類科分、錄取或及格人員教育程度按類科分、錄取或及格人員資料分析表(民族別),類科別;報考人數;到考人數;錄取標準;錄取或及格人數;到考率;錄取或及格率,考選部
考選部103年公務人員特種考試司法官考試（第一試）、103年專門職業及技術人員高等考試律師考試（第一試）統計報表,13909,報考人數暨錄取或及格率按類科分、各考區報考人數統計表、報考人員年齡按類科分、報考人員教育程度按類科分、報考人員資料分析表(民族別)、到考人員年齡按類科分、到考人員教育程度按類科分、錄取或及格人員年齡按類科分、錄取或及格人員教育程度按類科分、錄取或及格人員資料分析表(民族別),類科別;報考人數;到考人數;錄取標準;錄取或及格人數;到考率;錄取或及格率,考選部
考選部103年特種考試地方政府公務人員考試統計報表,13919,報考人數暨錄取或及格率按類科分、報考人數暨錄取或及格率按類科分、錄取人員基本統計表、各考區報考人數統計表、報考人員年齡按類科分、報考人員教育程度按類科分、報考人員資料分析表(民族別)、到考人員年齡按類科分、到考人員教育程度按類科分、錄取或及格人員年齡按類科分、錄取或及格人員教育程度按類科分、錄取或及格人員資料分析表(民族別),報考人數;到考人數;錄取或及格人數;到考率;錄取或及格率,考選部
考選部103年專門職業及技術人員高等考試建築師、技師、第二次食品技師考試暨普通考試不動產經紀人、記帳士考試統計報表,13920,報考人數暨錄取或及格率按類科分、各考區報考人數統計表、報考人員年齡按類科分、報考人員教育程度按類科分、報考人員資料分析表(民族別)、到考人員年齡按類科分、到考人員教育程度按類科分、錄取或及格人員年齡按類科分、錄取或及格人員教育程度按類科分、錄取或及格人員資料分析表(民族別)、應考人應試科目及格數暨及格人數統計表、應考人應試科目別及格統計表,報考人數;到考人數;錄取標準;錄取或及格人數;到考率;錄取或及格率,考選部
考選部103年警察人員升官等考試、103年交通事業鐵路人員升資考試統計報表,13921,報考人數暨錄取或及格率按類科分、各考區報考人數統計表、報考人員年齡按類科分、報考人員教育程度按類科分、報考人員資料分析表(民族別)、到考人員年齡按類科分、到考人員教育程度按類科分、錄取或及格人員年齡按類科分、錄取或及格人員教育程度按類科分、錄取或及格人員資料分析表(民族別),類科別;報考人數;到考人數;需用人數;錄取標準;錄取或及格人數;到考率;錄取或及格率,考選部
考選部103年公務人員特種考試警察人員考試(三等水上警察重新考試)統計報表,13922,報考人數暨錄取或及格率按類科分、各考區報考人數統計表、報考人員年齡按類科分、報考人員教育程度按類科分、報考人員資料分析表(民族別)、到考人員年齡按類科分、到考人員教育程度按類科分、錄取或及格人員年齡按類科分、錄取或及格人員教育程度按類科分、錄取或及格人員資料分析表(民族別),類科別;報考人數;到考人數;需用人數;錄取標準;錄取或及格人數;到考率;錄取或及格率,考選部
考選部 103年公務人員特種考試司法官考試（第二試）統計報表,13923,報考人數暨錄取或及格率按類科分、各考區報考人數統計表、報考人員年齡按類科分、報考人員教育程度按類科分、報考人員資料分析表(民族別)、到考人員年齡按類科分、到考人員教育程度按類科分、錄取或及格人員年齡按類科分、錄取或及格人員教育程度按類科分、錄取或及格人員資料分析表(民族別),類科別;報考人數;到考人數;需用人數;錄取標準;錄取或及格人數;到考率;錄取或及格率,考選部
考選部103年公務人員高等考試二級考試（第二試）統計報表,13924,報考人數暨錄取或及格率按類科分、錄取或及格人員年齡按類科分、錄取或及格人員教育程度按類科分、錄取或及格人員資料分析表(民族別),類科別;報考人數;到考人數;錄取或及格人數;到考率;錄取或及格率;需用名額,考選部
考選部103年專門職業及技術人員高等考試律師考試（第二試）統計報表,13925,報考人數暨錄取或及格率按類科分、各考區報考人數統計表、報考人員年齡按類科分、報考人員教育程度按類科分、報考人員資料分析表(民族別)、到考人員年齡按類科分、到考人員教育程度按類科分、錄取或及格人員年齡按類科分、錄取或及格人員教育程度按類科分、錄取或及格人員資料分析表(民族別),類科別;報考人數;到考人數;錄取標準;錄取或及格人數;到考率;錄取或及格率,考選部
考選部103年公務人員特種考試司法官考試（第三試口試）統計報表,13926,報考人數暨錄取或及格率按類科分、錄取或及格人員年齡按類科分、錄取或及格人員教育程度按類科分、錄取或及格人員資料分析表(民族別),類科別;報考人數;到考人數;需用人數;錄取標準;錄取或及格人數;到考率;錄取或及格率,考選部
考選部103年公務人員高等考試一級暨二級考試（第一試）統計報表,13927,報考人數暨錄取或及格率按類科分、各考區報考人數統計表、報考人員年齡按類科分、報考人員教育程度按類科分、報考人員資料分析表(民族別)、到考人員年齡按類科分、到考人員教育程度按類科分、錄取或及格人員年齡按類科分、錄取或及格人員教育程度按類科分、錄取或及格人員資料分析表(民族別),類科別;報考人數;到考人數;需用人數;錄取標準;錄取或及格人數;到考率;錄取或及格率,考選部
考選部103年公務人員高等考試一級考試（第三試）統計報表,13928,報考人數暨錄取或及格率按類科分、錄取或及格人員年齡按類科分、錄取或及格人員教育程度按類科分、錄取或及格人員資料分析表(民族別),類科別;報考人數;到考人數;錄取或及格人數;到考率;錄取或及格率;需用名額;需用人數;錄取標準;總計,考選部
考選部103年公務人員特種考試外交領事人員等四項考試第二試統計報表,13929,報考人數暨錄取或及格率按類科分、錄取或及格人員年齡按類科分、錄取或及格人員教育程度按類科分、錄取或及格人員資料分析表(民族別),報考人數;到考人數;錄取或及格人數;到考率;錄取或及格率,考選部
考選部103年公務人員特種考試外交領事人員等四項考試第一試及原住民族考試統計報表,13930,報考人數暨錄取或及格率按類科分、各考區報考人數統計表、報考人員年齡按類科分、報考人員教育程度按類科分、報考人員資料分析表(民族別)、到考人員年齡按類科分、到考人員教育程度按類科分、錄取或及格人員年齡按類科分、錄取或及格人員教育程度按類科分、錄取或及格人員資料分析表(民族別),報考人數;到考人數;需用人數;錄取標準;錄取或及格人數;錄取或及格率;到考率,考選部
考選部104年第一次專門職業及技術人員高等考試醫師中醫師考試分階段考試、中醫師、營養師、心理師、護理師、社會工作師考試統計報表,13933,報考人數暨錄取或及格率按類科分、各考區報考人數統計表、報考人員年齡按類科分、報考人員教育程度按類科分、報考人員資料分析表(民族別)、到考人員年齡按類科分、到考人員教育程度按類科分、錄取或及格人員年齡按類科分、錄取或及格人員教育程度按類科分、錄取或及格人員資料分析表(民族別),類科別;報考人數;到考人數;錄取或及格人數;到考率;錄取或及格率,考選部
考選部103年第二次專門職業及技術人員高等暨普通考試航海人員考試【舊案補考】 統計報表,13935,報考人數暨錄取或及格率按類科分、各考區報考人數統計表、報考人員年齡按類科分、報考人員教育程度按類科分、到考人員年齡按類科分、到考人員教育程度按類科分、錄取或及格人員年齡按類科分、錄取或及格人員教育程度按類科分,報考人數;到考人數;錄取或及格人數;到考率;錄取或及格率,考選部
考選部103年第二次專門職業及技術人員高等考試牙醫師藥師考試分階段考試、藥師、醫事檢驗師、醫事放射師、助產師、物理治療師、職能治療師、呼吸治療師、獸醫師考試統計報表,13936,報考人數暨錄取或及格率按類科分、各考區報考人數統計表、報考人員年齡按類科分、報考人員教育程度按類科分、到考人員年齡按類科分、到考人員教育程度按類科分、錄取或及格人員年齡按類科分、錄取或及格人員教育程度按類科分,報考人數;到考人數;錄取或及格人數;到考率;錄取或及格率,考選部
考選部103年第二次專技人員高等考試醫師中醫師考試分階段考試、中醫師、營養師、心理師、護理師、社會工作師考試、103年專技人員高等考試法醫師、語言治療師、聽力師、牙體技術師考試 統計報表,13938,報考人數暨錄取或及格率按類科分、各考區報考人數統計表、報考人員年齡按類科分、報考人員教育程度按類科分、報考人員資料分析表(民族別)、到考人員年齡按類科分、到考人員教育程度按類科分、錄取或及格人員年齡按類科分、錄取或及格人員教育程度按類科分、錄取或及格人員資料分析表(民族別),類科別;報考人數;到考人數;錄取或及格人數;到考率;錄取或及格率,考選部
考選部103年公務人員高等考試三級考試公職類科（第二試）統計報表,13939,報考人數暨錄取或及格率按類科分、錄取或及格人員年齡按類科分、錄取或及格人員教育程度按類科分、錄取或及格人員資料分析表(民族別),報考人數;到考人數;錄取或及格人數;到考率;錄取或及格率;需用名額,考選部
考選部103年公務人員高等考試三級考試暨普通考試統計報表,13944,報考人數暨錄取或及格率按類科分、錄取人員基本統計表、各考區報考人數統計表、報考人員年齡按類科分、報考人員教育程度按類科分、報考人員資料分析表(民族別)、到考人員年齡按類科分、到考人員教育程度按類科分、錄取或及格人員年齡按類科分、錄取或及格人員教育程度按類科分、錄取或及格人員資料分析表(民族別),類科別;報考人數;到考人數;需用人數;錄取標準;錄取或及格人數;到考率;錄取或及格率,考選部
考選部103年公務人員特種考試警察人員考試、103年公務人員特種考試一般警察人員考試、103年特種考試交通事業鐵路人員考試統計報表,13961,報考人數暨錄取或及格率按類科分、第一試報考人數暨錄取或及格率按類科分、第二試報考人數暨錄取或及格率按類科分、第一試各考區報考人數統計表、第一試報考人員年齡按類科分、第一試報考人員教育程度按類科分、第一試報考人員資料分析表(民族別)、第一試到考人員年齡按類科分、第一試到考人員教育程度按類科分、第一試錄取或及格人員年齡按類科分、第一試錄取或及格人員教育程度按類科分、錄取或及格人員資料分析表(民族別)、第二試錄取或及格人員年齡按類科分、第二試錄取或及格人員教育程度按類科分、錄取或及格人員資料分析表(民族別),類科別;錄取或及格人數;錄取或及格率;需用名額,考選部
考選部103年專門職業及技術人員高等考試會計師、不動產估價師、專利師、民間之公證人考試統計報表,13962,報考人數暨錄取或及格率按類科分、各考區報考人數統計表、報考人員年齡按類科分、報考人員教育程度按類科分、報考人員資料分析表(民族別)、到考人員年齡按類科分、到考人員教育程度按類科分、錄取或及格人員年齡按類科分、錄取或及格人員教育程度按類科分、錄取或及格人員資料分析表(民族別)、會計師考試應考人應試科目及格數暨及格人數、會計師考試應考人應試科目別及格統計表、會計師考試國文及格分數一覽表,類科別;報考人數;到考人數;錄取或及格人數;到考率;錄取或及格率,考選部
考選部103年公務人員特種考試司法人員考試、法務部調查局調查人員考試、國家安全局國家安全情報人員考試、海岸巡防人員考試、移民行政人員考試口試統計報表,13963,報考人數暨錄取或及格率按類科分、錄取或及格人員年齡按類科分、錄取或及格人員教育程度按類科分、錄取或及格人員資料分析表(民族別),類科別;報考人數;到考人數;錄取或及格人數;錄取或及格率;需用名額,考選部
考選部103年司法人員考試四等法警與移民行政人員考試三等、四等體能測驗統計報表,13964,報考人數暨錄取或及格率按類科分、錄取或及格人員年齡按類科分、錄取或及格人員教育程度按類科分、錄取或及格人員資料分析表(民族別),類科別;報考人數;到考人數;錄取或及格人數;到考率;錄取或及格率;需用名額,考選部
考選部103年公務人員特種考試司法人員考試、法務部調查局調查人員考試、國家安全局國家安全情報人員考試、海岸巡防人員考試、移民行政人員考試第一試統計報表,13965,報考人數暨錄取或及格率按類科分、各考區報考人數統計表、報考人員年齡按類科分、報考人員教育程度按類科分、報考人員資料分析表(民族別)、到考人員年齡按類科分、到考人員教育程度按類科分、錄取或及格人員年齡按類科分、錄取或及格人員教育程度按類科分、錄取或及格人員資料分析表(民族別),類科別;報考人數;到考人數;需用人數;錄取標準;錄取或及格人數;到考率;錄取或及格率,考選部
考選部考選業務基金103年度決算,17058,考選業務基金103年度決算,收支餘絀決算表;餘絀撥補表;現金流量決算表及平衡表,考選部
公務人員退休撫卹基金監理委員會103年度單位決算,18213,103年度單位決算,內含歲入來源別決算表;歲入類平衡表;歲出政事別決算表;歲出機關別決算表;經費類平衡表,公務人員退休撫卹基金監理委員會
公務人員退休撫卹基金監理委員會104年1月份會計月報,18218,104年1月份會計月報,,公務人員退休撫卹基金監理委員會
公務人員退休撫卹基金監理委員會104年2月份會計月報,18219,104年2月份會計月報,內含經費類平衡表;經費類現金出納表;經費累計表,公務人員退休撫卹基金監理委員會
公務人員退休撫卹基金監理委員會104年3月份會計月報,18220,104年3月份會計月報,內含經費類平衡表;經費類現金出納表;經費累計表,公務人員退休撫卹基金監理委員會
公務人員退休撫卹基金監理委員會104年4月份會計月報,18221,104年4月份會計月報,內含經費類平衡表;經費類現金出納表;經費累計表,公務人員退休撫卹基金監理委員會
公務人員退休撫卹基金監理委員會104年5月份會計月報,18222,104年5月份會計月報,內含經費類平衡表;經費類現金出納表;經費累計表,公務人員退休撫卹基金監理委員會
公務人員退休撫卹基金監理委員會104年6月份會計月報,18223,104年6月份會計月報,內含經費類平衡表;經費類現金出納表;經費累計表,公務人員退休撫卹基金監理委員會
考試院103年度單位決算書表,18685,以前年度歲入來源別轉入數決算表、以前年度歲出政事別轉入數決算表、以前年度歲出機關別轉入數決算表、歲入來源別決算表、歲入類平衡表、歲出政事別決算表、歲出機關別決算表、經費類平衡表,,考試院
考試院104年度會計報告,18710,以前年度歲入保留數餘額表、以前年度歲出保留數餘額表、歲入累計表、歲入類平衡表、歲入類現金出納表、經費累計表、經費類平衡表、經費類現金出納表,,考試院
公務人員退休撫卹基金管理委員會104年度會計報表,18770,公務人員退休撫卹基金管理委員會104年度會計報表,公務人員退休撫卹基金管理委員會104年度會計報表,公務人員退休撫卹基金管理委員會
公務人員退休撫卹基金管理委員會103年單位決算書,18776,公務人員退休撫卹基金管理委員會103年單位決算書,公務人員退休撫卹基金管理委員會103年單位決算書,公務人員退休撫卹基金管理委員會
公務人員退休撫卹基金監理委員會104年度會計月報,18853,以前年度歲入保留數餘額表、以前年度歲出保留數餘額表、歲入累計表、歲入類平衡表、歲入類現金出納表、經費累計表、經費類平衡表、經費類現金出納表,以前年度歲入保留數餘額表;以前年度歲出保留數餘額表;歲入累計表;歲入類平衡表;歲入類現金出納表;經費累計表;經費類平衡表;經費類現金出納表,公務人員退休撫卹基金監理委員會
銓敘部103年度單位決算,19125,銓敘部103年度單位決算,銓敘部103年度單位決算,銓敘部
公務人員保障暨培訓委員會103年度決算書,19338,以前年度歲入來源別轉入數決算表、以前年度歲出政事別轉入數決算表、以前年度歲出機關別轉入數決算表、歲入來源別決算表、歲入類平衡表、歲出政事別決算表、歲出機關別決算表、經費類平衡表,,公務人員保障暨培訓委員會
考選部103年度單位決算,19727,考選部103年度單位決算相關報表,考選部103年度單位決算,考選部
國家文官學院及所屬會計月報,19821,歲入類平衡表、歲入類現金出納表、歲入累計表、經費類平衡表、經費類現金出納表、經費累計表,會計年度;月份;款;項;目;節;預算年度;預算科目編號;預算科目名稱;細目編號;細目名稱;原預算數;追加減數;截至本月止累計分配數_1;本月實現數;截至本月止累計實現數_2;應收收入數_3;分配數預算餘額_4;分支計畫編號;分支計畫名稱;用途別編號;用途別名稱;第一預備金;第二預備金;經費流用數;預算調整數;應付數;已分配尚未執行數;備註_預暫付數;基金別;會計分類;使用機關別;科目分類;會計科目編號;會計科目名稱;金額;科目名稱;取得成本;以前年度累計折舊_長期投資評價;本年度資本資產成本變動_增加數;本年度資本資產成本變動_減少數;本年度累計折舊_長期投資評價變動數;期末帳面金額;備註;業務計畫或工作計畫;經資門;執行數;項目;收入實現數;減項_收入待納庫數;加項_以前年度待納庫繳庫數;加項_以前年度撥款於本年度繳還數_材料;加項_以前年度撥款於本年度繳還數_存出保證金;加項_以前年度撥款於本年度繳還數_其他應收款;加項_預收款;加項_剔除經費;繳付公庫數;一級用途別編號;一級用途別名稱;支出實現數;加項_預付款;加項_材料;加項_存出保證金;加項_零用金;加項_退還收入預收款;加項_其他應收款;減項_以前年度撥款於本年度實現數;公庫撥入數;公庫分配數餘額;金額_本月數;金額_累計數,國家文官學院
公務人員保障暨培訓委員會會計月報,19859,以前年度歲入保留數餘額表、以前年度歲出保留數餘額表、歲入累計表、歲入類平衡表、歲入類現金出納表、經費累計表、經費類平衡表、經費類現金出納表,,公務人員保障暨培訓委員會
國家文官學院及所屬103年度單位決算,19870,國家文官學院及所屬103年度決算書,,國家文官學院
考選部104年6月份單位預算會計月報(XML),19877,選部104年6月份單位預算會計月報,考選部104年6月份單位預算會計月報,考選部
考選部考選業務基金104年2月份會計月報-收支餘絀表XML,20006,考選部考選業務基金104年2月份會計月報-收支餘絀表XML,考選部考選業務基金104年2月份會計月報-收支餘絀表XML,考選部
考選部考選業務基金104年2月份會計月報-購建固定資產計畫執行情形明細表XML,20016,考選部考選業務基金104年2月份會計月報-購建固定資產計畫執行情形明細表XML,考選部考選業務基金104年2月份會計月報-購建固定資產計畫執行情形明細表XML,考選部
考選部考選業務基金104年2月份會計月報-平衡表XML,20018,考選部考選業務基金104年2月份會計月報-平衡表XML,考選部考選業務基金104年2月份會計月報-平衡表XML,考選部
考選部考選業務基金104年3月份會計月報-收支餘絀表,20019,考選部考選業務基金104年3月份會計月報-收支餘絀表,考選部考選業務基金104年3月份會計月報-收支餘絀表,考選部
考選部考選業務基金104年3月份會計月報-購建固定資產計畫執行情形明細表XML,20020,考選部考選業務基金104年3月份會計月報-購建固定資產計畫執行情形明細表XML,考選部考選業務基金104年3月份會計月報-購建固定資產計畫執行情形明細表XML,考選部
考選部考選業務基金104年3月份會計月報-平衡表XML,20021,考選部考選業務基金104年3月份會計月報-平衡表XML,考選部考選業務基金104年3月份會計月報-平衡表XML,考選部
考選部考選業務基金104年4月份會計月報-收支餘絀表,20022,考選部考選業務基金104年4月份會計月報-收支餘絀表,考選部考選業務基金104年4月份會計月報-收支餘絀表,考選部
考選部考選業務基金104年4月份會計月報-購建固定資產計畫執行情形明細表XML,20023,考選部考選業務基金104年4月份會計月報-購建固定資產計畫執行情形明細表XML,考選部考選業務基金104年4月份會計月報-購建固定資產計畫執行情形明細表XML,考選部
考選部考選業務基金104年4月份會計月報-平衡表XML,20025,考選部考選業務基金104年4月份會計月報-平衡表XML,考選部考選業務基金104年4月份會計月報-平衡表XML,考選部
考選部考選業務基金104年5月份會計月報-收支餘絀表,20026,考選部考選業務基金104年5月份會計月報-收支餘絀表,考選部考選業務基金104年5月份會計月報-收支餘絀表,考選部
考選部考選業務基金104年5月份會計月報-購建固定資產計畫執行情形明細表XML,20027,考選部考選業務基金104年5月份會計月報-購建固定資產計畫執行情形明細表XML,考選部考選業務基金104年5月份會計月報-購建固定資產計畫執行情形明細表XML,考選部
考選部考選業務基金104年5月份會計月報-平衡表XML,20030,考選部考選業務基金104年5月份會計月報-平衡表XML,考選部考選業務基金104年5月份會計月報-平衡表XML,考選部
考選部考選業務基金104年6月份會計月報-收支餘絀表,20031,考選部考選業務基金104年6月份會計月報-收支餘絀表,考選部考選業務基金104年6月份會計月報-收支餘絀表,考選部
考選部考選業務基金104年6月份會計月報-購建固定資產計畫執行情形明細表XML,20032,考選部考選業務基金104年6月份會計月報-購建固定資產計畫執行情形明細表XML,考選部考選業務基金104年6月份會計月報-購建固定資產計畫執行情形明細表XML,考選部
考選部考選業務基金104年6月份會計月報-平衡表XML,20034,考選部考選業務基金104年6月份會計月報-平衡表XML,考選部考選業務基金104年6月份會計月報-平衡表XML,考選部
考選部考選業務基金104年7月份會計月報-收支餘絀表,20035,考選部考選業務基金104年7月份會計月報-收支餘絀表,考選部考選業務基金104年7月份會計月報-收支餘絀表,考選部
考選部考選業務基金104年7月份會計月報-購建固定資產計畫執行情形明細表XML,20037,考選部考選業務基金104年7月份會計月報-購建固定資產計畫執行情形明細表XML,考選部考選業務基金104年7月份會計月報-購建固定資產計畫執行情形明細表XML,考選部
考選部考選業務基金104年7月份會計月報-平衡表XML,20039,考選部考選業務基金104年7月份會計月報-平衡表XML,考選部考選業務基金104年7月份會計月報-平衡表XML,考選部
銓敘部104年會計報告,20200,歲入類平衡表.歲入現金出納表.歲入累計表.以前年度歲入保留數餘額表 經費類平衡表.經費類現金出納表.經費累計表.以前年度歲出保留數餘額表,歲入類平衡表.歲入現金出納表.歲入累計表.以前年度歲入保留數餘額表經費類平衡表.經費類現金出納表.經費累計表.以前年度歲出保留數餘額表,銓敘部
考選部考選業務基金104年1月份會計月報XML,20204,考選部考選業務基金104年1月份會計月報XML,考選部考選業務基金104年1月份會計月報XML,考選部
104年度考選部考選業務基金預算(XML),20239,104年度考選部考選業務基金預算(XML),104年度考選部考選業務基金預算,考選部
105年度考選業務基金預算案,20480,105年度考選業務基金預算案,105年度考選業務基金預算案,考選部
公務人員退休撫卹基金管理委員會105年度單位預算案,20645,公務人員退休撫卹基金管理委員會105年度單位預算案,公務人員退休撫卹基金管理委員會105年度單位預算案,公務人員退休撫卹基金管理委員會
考選部考選業務基金104年8月份會計月報,20989,考選部考選業務基金104年8月份會計月報,考選部考選業務基金104年8月份會計月報,考選部
國家文官學院及所屬105年度單位預算案書表,20990,歲入來源別預算表、歲出機關別預算表、歲入項目說明提要表、歲出計畫提要及分支計畫概況表、各項費用彙計表、歲出一級用途別科目分析表、資本支出分析表、人事費分析表、預算員額明細表、公務車輛明細表、現有辦公房舍明細表、捐助經費分析表、派員出國計畫預算總表、派員出國計畫預算類別表－開會、談判、派員出國計畫預算類別表－進修、研究、實習、歲出按職能及經濟性綜合分類表,,國家文官學院
考試院105年度單位預算案書表,21086,歲入來源別預算表、歲出機關別預算表、歲入項目說明提要表、歲出計畫提要及分支計畫概況表、各項費用彙計表、歲出一級用途別科目分析表、資本支出分析表、人事費分析表、預算員額明細表、公務車輛明細表、現有辦公房舍明細表、捐助經費分析表、派員出國計畫預算總表、派員出國計畫類別表-考察、視察、訪問、歲出按職能及經濟性綜合分類表、委辦經費分析表,款;項;目;節;科目名稱;預算科目編號;人事費;業務費_經;奬補助費_經;債務費;預備金_經;經常支出小計;業務費_資;設備及投資;奬補助費_資;預備金_資;資本支出小計;合計;職能別分類經濟性分類;消費支出_經;債務利息_經;補助地方_經;移轉民間_經;小計_經;資本形成_資;土地購入_資;增資_資;補助地方_資;移轉民間_資;小計_資;總計,考試院
104年1月份會計報告,21147,104年1月份會計報告,104年1月份會計報告,考選部
考選部104年2月份會計報告,21148,考選部104年2月份會計報告,考選部104年2月份會計報告,考選部
考選部104年3月份會計報告,21149,考選部104年3月份會計報告,考選部104年3月份會計報告,考選部
考選部104年4月份會計報告,21150,考選部104年4月份會計報告,考選部104年4月份會計報告,考選部
考選部104年5月份會計報告,21151,考選部104年5月份會計報告,考選部104年5月份會計報告,考選部
考選部104年6月份會計報告,21153,考選部104年6月份會計報告,考選部104年6月份會計報告,考選部
考選部104年7月份會計報告,21155,考選部104年7月份會計報告,考選部104年7月份會計報告,考選部
考選部104年8月份會計報告,21156,考選部104年8月份會計報告,考選部104年8月份會計報告,考選部
考選部105年度單位預算案書表,21162,歲入來源別預算表、歲出機關別預算表、歲入項目說明提要表、歲出計畫提要及分支計畫概況表、各項費用彙計表、歲出一級用途別科目分析表、資本支出分析表、人事費分析表、預算員額明細表、公務車輛明細表、現有辦公房舍明細表、捐助經費分析表、派員出國計畫預算總表、派員出國計畫類別表-考察、視察、訪問、歲出按職能及經濟性綜合分類表,歲入來源別預算表;歲出機關別預算表;歲入項目說明提要表;歲出計畫提要及分支計畫概況表;各項費用彙計表;歲出一級用途別科目分析表;資本支出分析表;人事費分析表;預算員額明細表;公務車輛明細表;現有辦公房舍明細表;捐助經費分析表;派員出國計畫預算總表;派員出國計畫類別表-考察;視察;訪問;歲出按職能及經濟性綜合分類表,考選部
考選部103年單位決算,21201,考選部103年單位決算,考選部103年單位決算,考選部
公務人員退休撫卹基金監理委員會105年度單位預算案,21428,歲入來源別預算表、歲出機關別預算表、歲出計畫提要及分支計畫概況表、各項費用彙計表、歲出一級用途別科目分析表、資本支出分析表、人事費分析表、預算員額明細表、公務車輛明細表、現有辦公房舍明細表、捐助經費分析表、派員出國計畫預算總表、派員出國計畫類別表-考察、歲出按職能及經濟性綜合分類表,歲入來源別預算表;歲出機關別預算表;歲出計畫提要及分支計畫概況表;各項費用彙計表;歲出一級用途別科目分析表;資本支出分析表;人事費分析表;預算員額明細表;公務車輛明細表;現有辦公房舍明細表;捐助經費分析表;派員出國計畫預算總表;派員出國計畫類別表-考察;歲出按職能及經濟性綜合分類表,公務人員退休撫卹基金監理委員會
銓敘部105年度預算案,21662,銓敘部105年度預算案,銓敘部105年度預算案,銓敘部
公務人員保障暨培訓委員會105年度預算案,21752,歲入來源別預算表、歲出機關別預算表、歲入項目說明提要表、歲出計畫提要及分支計畫概況表、各項費用彙計表、歲出一級用途別科目分析表、資本支出分析表、人事費分析表、預算員額明細表、公務車輛明細表、現有辦公房舍明細表、捐助經費分析表、派員出國計畫預算總表、派員出國計畫類別表-考察、視察、訪問、派員出國計畫類別表-開會、談判、派員赴大陸計畫預算類別表、歲出按職能及經濟性綜合分類表、委辦經費分析表,,公務人員保障暨培訓委員會
104年9月份考選部考選業務基金會計月報,22901,104年9月份考選部考選業務基金會計月報,104年9月份考選部考選業務基金會計月報,考選部
考選部104年度9月份會計報告,22952,以前年度歲入保留數餘額表、以前年度歲出保留數餘額表、歲入累計表、歲入類平衡表、歲入類現金出納表、經費累計表、經費類平衡表、經費類現金出納表,以前年度歲入保留數餘額表;以前年度歲出保留數餘額表;歲入累計表;歲入類平衡表;歲入類現金出納表;經費累計表;經費類平衡表;經費類現金出納表,考選部
考選部104年度10月份會計報告,24406,以前年度歲入保留數餘額表、以前年度歲出保留數餘額表、歲入累計表、歲入類平衡表、歲入類現金出納表、經費累計表、經費類平衡表、經費類現金出納表,以前年度歲入保留數餘額表;以前年度歲出保留數餘額表;歲入累計表;歲入類平衡表;歲入類現金出納表;經費累計表;經費類平衡表;經費類現金出納表,考選部
考選部考選業務基金10月份會計月報,24420,考選部考選業務基金10月份會計月報,考選部考選業務基金10月份會計月報,考選部
考選部104年度11月份會計報告,25112,以前年度歲入保留數餘額表、以前年度歲出保留數餘額表、歲入累計表、歲入類平衡表、歲入類現金出納表、經費累計表、經費類平衡表、經費類現金出納表,以前年度歲入保留數餘額表;以前年度歲出保留數餘額表;歲入累計表;歲入類平衡表;歲入類現金出納表;經費累計表;經費類平衡表;經費類現金出納表,考選部
考選部考選業務基金104年11月份會計月報,25207,考選部考選業務基金104年11月份會計月報,考選部考選業務基金104年11月份會計月報,考選部
國家文官學院及所屬105年度單位法定預算書表,26467,歲入來源別預算表、歲出機關別預算表、歲入項目說明提要表、歲出計畫提要及分支計畫概況表、各項費用彙計表、歲出一級用途別科目分析表、資本支出分析表、人事費分析表、預算員額明細表、公務車輛明細表、現有辦公房舍明細表、捐助經費分析表、派員出國計畫預算總表、派員出國計畫預算類別表－開會、談判、派員出國計畫預算類別表－進修、研究、實習、歲出按職能及經濟性綜合分類表,,國家文官學院
考選部105年度單位預算(法定),26748,歲入來源別預算表、歲出機關別預算表、歲入項目說明提要表、歲出計畫提要及分支計畫概況表、各項費用彙計表、歲出一級用途別科目分析表、資本支出分析表、人事費分析表、預算員額明細表、公務車輛明細表、現有辦公房舍明細表、捐助經費分析表、派員出國計畫預算總表、派員出國計畫類別表-考察、視察、訪問、歲出按職能及經濟性綜合分類表,歲入來源別預算表;歲出機關別預算表;歲入項目說明提要表;歲出計畫提要及分支計畫概況表;各項費用彙計表;歲出一級用途別科目分析表;資本支出分析表;人事費分析表;預算員額明細表;公務車輛明細表;現有辦公房舍明細表;捐助經費分析表;派員出國計畫預算總表;派員出國計畫類別表-考察;視察;訪問;歲出按職能及經濟性綜合分類表,考選部
考選部104年度12月份會計報告,26856,以前年度歲入保留數餘額表、以前年度歲出保留數餘額表、歲入累計表、歲入類平衡表、歲入類現金出納表、經費累計表、經費類平衡表、經費類現金出納表,以前年度歲入保留數餘額表;以前年度歲出保留數餘額表;歲入累計表;歲入類平衡表;歲入類現金出納表;經費累計表;經費類平衡表;經費類現金出納表,考選部
公務人員退休撫卹基金管理委員會105年度法定預算書,26893,公務人員退休撫卹基金管理委員會105年度法定預算書,公務人員退休撫卹基金管理委員會105年度法定預算書,公務人員退休撫卹基金管理委員會
公務人員保障暨培訓委員會105年度法定預算書,26898,歲入來源別預算表、歲出機關別預算表、歲入項目說明提要表、歲出計畫提要及分支計畫概況表、各項費用彙計表、歲出一級用途別科目分析表、資本支出分析表、人事費分析表、預算員額明細表、公務車輛明細表、現有辦公房舍明細表、捐助經費分析表、派員出國計畫預算總表、派員出國計畫類別表-考察、視察、訪問、派員出國計畫類別表-開會、談判、派員赴大陸計畫預算類別表、歲出按職能及經濟性綜合分類表、委辦經費分析表,,公務人員保障暨培訓委員會
考選部考選業務基金104年12月份會計月報,26977,考選部考選業務基金104年12月份會計月報,考選部考選業務基金104年12月份會計月報,考選部
銓敘部105年度單位預算書,27012,銓敘部105年度單位預算書,銓敘部105年度單位預算書,銓敘部
考試院105年度單位法定預算書表,27040,歲入來源別預算表、歲出機關別預算表、歲入項目說明提要表、歲出計畫提要及分支計畫概況表、各項費用彙計表、歲出一級用途別科目分析表、資本支出分析表、人事費分析表、預算員額明細表、公務車輛明細表、現有辦公房舍明細表、捐助經費分析表、派員出國計畫預算總表、派員出國計畫類別表-考察、視察、訪問、歲出按職能及經濟性綜合分類表、委辦經費分析表,款;項;目;節;科目名稱;預算科目編號;人事費;業務費_經;奬補助費_經;債務費;預備金_經;經常支出小計;業務費_資;設備及投資;奬補助費_資;預備金_資;資本支出小計;合計;職能別分類經濟性分類;消費支出_經;債務利息_經;補助地方_經;移轉民間_經;小計_經;資本形成_資;土地購入_資;增資_資;補助地方_資;移轉民間_資;小計_資;總計,考試院
考試院104年度單位決算書表,27602,以前年度歲入來源別轉入數決算表、以前年度歲出政事別轉入數決算表、以前年度歲出機關別轉入數決算表、歲入來源別決算表、歲入類平衡表、歲出政事別決算表、歲出機關別決算表、經費類平衡表,,考試院
銓敘部105年會計報告,27664,1、歲入累計表 2、經費累計表 3、以前年度歲入轉入數累計表 4、以前年度歲出轉入數累計表 5、平衡表,1;歲入累計表2;經費累計表3;以前年度歲入轉入數累計表4;以前年度歲出轉入數累計表5;平衡表,銓敘部
公務人員退休撫卹基金管理委員會105年度會計報表,27667,公務人員退休撫卹基金管理委員會105年度會計報表,公務人員退休撫卹基金管理委員會105年度會計報表,公務人員退休撫卹基金管理委員會
公務人員退休撫卹基金監理委員會104年度單位決算書表,27709,公務人員退休撫卹基金監理委員會104年度單位決算,歲出政事別決算表;歲出機關別決算表;經費類平衡表,公務人員退休撫卹基金監理委員會
公務人員退休撫卹基金監理委員會105年度會計月報,27710,公務人員退休撫卹基金監理委員會105年會計月報,,公務人員退休撫卹基金監理委員會
考試院105年度會計月報,27711,歲入累計表、經費累計表、以前年度歲出轉入數累計表,,考試院
公務人員退休撫卹基金監理委員會105年度單位法定預算,27713,公務人員退休撫卹基金監理委員會105年單位法定預算,歲入來源別預算表;歲出機關別預算表;歲出計畫提要及分支計畫概況表;各項費用彙計表;歲出一級用途別科目分析表;資本支出分析表;人事費分析表;預算員額明細表;公務車輛明細表;現有辦公房舍明細表;捐助經費分析表;派員出國計畫預算總表;派員出國計畫類別表-考察;歲出按職能及經濟性綜合分類表,公務人員退休撫卹基金監理委員會
公務人員保障暨培訓委員會105年度會計月報,27911,歲入累計表、經費累計表,,公務人員保障暨培訓委員會
考選部考選業務基金105年1月份會計月報,28219,考選部考選業務基金105年度1月份會計月報,考選部考選業務基金105年1月份會計月報,考選部
考選業務基金104年度決算,28220,考選業務基金104年度決算,收支餘絀決算表;餘絀撥補表;現金流量決算表及平衡表,考選部
考選部105年2月份會計報告,28518,考選部105年2月份會計報告,考選部105年2月份會計報告,考選部
考選部考選業務基金105年度會計月報,28649,考選部考選業務基金105年度會計月報,考選部考選業務基金105年度會計月報,考選部
銓敘部104年度單位決算,30268,歲入來源別決算表 歲出政事別決算表 歲出機關別決算表 以前年度歲入來源別轉入數決算表 以前年度歲出政事別轉入數決算表 以前年度歲出機關別轉入數決算表 歲入類平衡表 經費類平衡表,歲入來源別決算表歲出政事別決算表歲出機關別決算表以前年度歲入來源別轉入數決算表以前年度歲出政事別轉入數決算表以前年度歲出機關別轉入數決算表歲入類平衡表經費類平衡表,銓敘部
考選部105年3月份會計報告,30650,考選部105年3月份會計報告,考選部105年3月份會計報告,考選部
公務人員退休撫卹基金管理委員會104年單位決算書,31371,公務人員退休撫卹基金管理委員會104年單位決算書,公務人員退休撫卹基金管理委員會104年單位決算書,公務人員退休撫卹基金管理委員會
考選部105年4月份會計報告,31577,考選部105年4月份會計報告,考選部105年4月份會計報告,考選部
考選部105年5月份單位預算會計月報(XML),32851,考選部105年5月份單位預算會計月報,考選部105年5月份單位預算會計月報,考選部
考選部105年6月份會計報告,33329,考選部105年6月份會計報告,考選部105年6月份會計報告,考選部
國家文官學院及所屬104年度決算書,33702,歲入來源決算表、歲出政事、機關別決算表、歲入類、經費類平衡表,,國家文官學院
104年度決算書,33763,歲入來源別決算表、歲入類平衡表、歲出政事別決算表、歲出機關別決算表、經費類平衡表,,公務人員保障暨培訓委員會
公務人員退休撫卹基金管理委員會106年度單位預算案,34180,公務人員退休撫卹基金管理委員會106年度單位預算案,公務人員退休撫卹基金管理委員會106年度單位預算案,公務人員退休撫卹基金管理委員會
考選部106年度單位預算案書表,34203,歲入來源別預算表、歲出機關別預算表、歲入項目說明提要表、歲出計畫提要及分支計畫概況表、各項費用彙計表、歲出一級用途別科目分析表、資本支出分析表、人事費分析表、預算員額明細表、公務車輛明細表、現有辦公房舍明細表、捐助經費分析表、派員出國計畫預算總表、派員出國計畫類別表-考察、視察、訪問、歲出按職能及經濟性綜合分類表,歲入來源別預算表;歲出機關別預算表;歲入項目說明提要表;歲出計畫提要及分支計畫概況表;各項費用彙計表;歲出一級用途別科目分析表;資本支出分析表;人事費分析表;預算員額明細表;公務車輛明細表;現有辦公房舍明細表;捐助經費分析表;派員出國計畫預算總表;派員出國計畫類別表-考察;視察;訪問;歲出按職能及經濟性綜合分類表,考選部
銓敘部106年度單位預算案,34218,歲入來源別預算表 歲出機關別預算表 歲入項目說明提要表 歲出計畫提要及分支計畫概況表 各項費用彙計表 歲出一級用途別科目分析表 資本支出分析表 人事費分析表 預算員額明細表 公務車輛明細表 現有辦公房舍明細表 補助經費分析表 捐助經費分析表 派員出國計畫預算總表 派員出國計畫預算類別表－開會、談判 歲出按職能及經濟性綜合分類表 委辦經費分析表,銓敘部106年度單位預算案,銓敘部
考試院單位預算案書表,34475,歲入來源別預算表、歲出機關別預算表、歲入項目說明提要表、歲出計畫提要及分支計畫概況表、各項費用彙計表、歲出一級用途別科目分析表、資本支出分析表、人事費分析表、預算員額明細表、公務車輛明細表、現有辦公房舍明細表、捐助經費分析表、派員出國計畫預算總表、派員出國計畫類別表-考察、視察、訪問、歲出按職能及經濟性綜合分類表、委辦經費分析表,,考試院
國家文官學院及所屬106年度單位預算案書表,35277,歲入來源別預算表、歲出機關別預算表、歲入項目說明提要表、歲出計畫提要及分支計畫概況表、各項費用彙計表、歲出一級用途別科目分析表、資本支出分析表、人事費分析表、預算員額明細表、公務車輛明細表、現有辦公房舍明細表、捐助經費分析表、派員出國計畫預算總表、派員出國計畫預算類別表－考察、視察、訪問、派員出國計畫預算類別表－開會、談判、派員出國計畫預算類別表－進修、研究、實習、歲出按職能及經濟性綜合分類表,歲入來源別預算表;歲出機關別預算表;歲入項目說明提要表;歲出計畫提要及分支計畫概況表;各項費用彙計表;歲出一級用途別科目分析表;資本支出分析表;人事費分析表;預算員額明細表;公務車輛明細表;現有辦公房舍明細表;捐助經費分析表;派員出國計畫預算總表;派員出國計畫預算類別表－考察;視察;訪問;派員出國計畫預算類別表－開會;談判;派員出國計畫預算類別表－進修;研究;實習;歲出按職能及經濟性綜合分類表,國家文官學院
106年度考選業務基金預算案,35283,106年度考選業務基金預算案,106年度考選業務基金預算案,考選部
考試院單位法定預算書表,35319,歲入來源別預算表、歲出機關別預算表、歲入項目說明提要表、歲出計畫提要及分支計畫概況表、各項費用彙計表、歲出一級用途別科目分析表、資本支出分析表、人事費分析表、預算員額明細表、公務車輛明細表、現有辦公房舍明細表、捐助經費分析表、派員出國計畫預算總表、派員出國計畫類別表-考察、視察、訪問、歲出按職能及經濟性綜合分類表、委辦經費分析表,,考試院
公務人員退休撫卹基金監理委員會單位預算案,35390,公務人員退休撫卹基金監理委員會單位預算案,,公務人員退休撫卹基金監理委員會
公務人員退休撫卹基金監理委員會單位法定預算,35397,公務人員退休撫卹基金監理委員會單位法定預算,,公務人員退休撫卹基金監理委員會
公務人員退休撫卹基金監理委員會單位決算,35399,公務人員退休撫卹基金監理委員會單位決算,,公務人員退休撫卹基金監理委員會
考選部105年8月份單位預算會計月報,35871,考選部105年8月份單位預算會計月報(XML),考選部105年8月份單位預算會計月報,考選部
考選部104年單位決算,35872,考選部104年單位決算,考選部104年單位決算,考選部
公務人員保障暨培訓委員會106年度預算案,37265,歲入來源別預算表、歲出機關別預算表、歲入項目說明提要表、歲出計畫提要及分支計畫概況表、各項費用彙計表、歲出一級用途別科目分析表、資本支出分析表、人事費分析表、預算員額明細表、公務車輛明細表、現有辦公房舍明細表、捐助經費分析表、派員出國計畫預算總表、派員出國計畫類別表-考察、視察、訪問、派員出國計畫類別表-開會、談判、歲出按職能及經濟性綜合分類表、委辦經費分析表,,公務人員保障暨培訓委員會
考選部105年9月份會計月報,37361,公共考選部105年9月份會計月報,考選部105年9月份會計月報,考選部
銓敘部105年度第4季對國內團體捐助,43010,銓敘部對國內團體捐助,補助對象;補助事項;本季撥款金額;截至本季止累計撥款金額;所在地之直轄市;核准日期文號,銓敘部
公務人員退休撫卹基金監理委員會106年度會計月報,43064,公務人員退休撫卹基金監理委員會106年會計月報,,公務人員退休撫卹基金監理委員會
考選部105年度第4季對國內團體捐助,43072,考選部105年度第4季對國內團體捐助,考選部105年度第4季對國內團體捐助,考選部
考試院106年度會計月報,43084,歲入(經費)累計表、以前年度歲入(出)轉入數累計表、平衡表、資本資產表及其變動表、歲出用途別累計表、收入實現數與繳付公庫數分析表、支出實現數與公庫撥入數分析表、收入支出彙計表,,考試院
銓敘部106年會計報告,43179,歲入累計表、經費累計表、以前年度歲入轉入數累計表、以前年度歲出轉入數累計表、平衡表、資本資產表、資本資產變動表、歲出用途別累計表、收入實現數與繳付公庫數分析表、支出實現數與公庫撥入數分析表、收入支出彙計表,,銓敘部
公務人員退休撫卹基金管理委員會106年度會計月報,43194,公務人員退休撫卹基金管理委員會106年度會計月報,,公務人員退休撫卹基金管理委員會
考選部考選業務基金106年度會計月報,43416,考選部考選業務基金106年度會計月報,,考選部
考選部105年12月份單位預算會計月報(XML),43417,考選部105年12月份單位預算會計月報,考選部104年12月份單位預算會計月報,考選部
考選部106年1月份會計月報,43418,考選部106年1月份會計月報,考選部106年1月份會計月報,考選部
考選部單位預算案,43472,歲入來源別預算表、歲出機關別預算表、歲入項目說明提要表、歲出計畫提要及分支計畫概況表、各項費用彙計表、歲出一級用途別科目分析表、資本支出分析表、人事費分析表、預算員額明細表、公務車輛明細表、現有辦公房舍明細表、捐助經費分析表、派員出國計畫預算總表、派員出國計畫類別表-考察、視察、訪問、歲出按職能及經濟性綜合分類表、委辦經費分析表,,考選部
考選部單位法定預算,43474,歲入來源別預算表、歲出機關別預算表、歲入項目說明提要表、歲出計畫提要及分支計畫概況表、各項費用彙計表、歲出一級用途別科目分析表、資本支出分析表、人事費分析表、預算員額明細表、公務車輛明細表、現有辦公房舍明細表、捐助經費分析表、派員出國計畫預算總表、派員出國計畫類別表-考察、視察、訪問、歲出按職能及經濟性綜合分類表,,考選部
國家文官學院及所屬106年度單位法定預算書表,43503,歲入來源別預算表、歲出機關別預算表、歲入項目說明提要表、歲出計畫提要及分支計畫概況表、各項費用彙計表、歲出一級用途別科目分析表、資本支出分析表、人事費分析表、預算員額明細表、公務車輛明細表、現有辦公房舍明細表、捐助經費分析表、派員出國計畫預算總表、派員出國計畫預算類別表－考察、視察、訪問、派員出國計畫預算類別表－開會、談判、派員出國計畫預算類別表－進修、研究、實習、歲出按職能及經濟性綜合分類表,歲入來源別預算表;歲出機關別預算表;歲入項目說明提要表;歲出計畫提要及分支計畫概況表;各項費用彙計表;歲出一級用途別科目分析表;資本支出分析表;人事費分析表;預算員額明細表;公務車輛明細表;現有辦公房舍明細表;捐助經費分析表;派員出國計畫預算總表;派員出國計畫預算類別表－考察;視察;訪問;派員出國計畫預算類別表－開會;談判;派員出國計畫預算類別表－進修;研究;實習;歲出按職能及經濟性綜合分類表,國家文官學院
考選業務基金105年度法定預算,43950,考選業務基金105年度法定預算,考選業務基金105年度法定預算,考選部
公務人員保障暨培訓委員會106年度單位預算書表,44011,歲入來源別預算表、歲出機關別預算表、歲入項目說明提要表、歲出計畫提要及分支計畫概況表、各項費用彙計表、歲出一級用途別科目分析表、資本支出分析表、人事費分析表、預算員額明細表、公務車輛明細表、現有辦公房舍明細表、捐助經費分析表、派員出國計畫預算總表、派員出國計畫類別表-考察、視察、訪問、派員出國計畫類別表-開會、談判、歲出按職能及經濟性綜合分類表、委辦經費分析表,,公務人員保障暨培訓委員會
公務人員保障暨培訓委員會106年度會計月報,44013,歲入累計表、經費累計表、以前年度歲出轉入數累計表、平衡表、資本資產及其變動表、歲出用途別科目累計表、收入實現數與繳付公庫數分析表、支出實現數與公庫撥入數分析表、收入支出彙計表,,公務人員保障暨培訓委員會
考選部106年2月份會計報告,44014,考選部106年2月份會計報告,考選部106年2月份會計報告,考選部
銓敘部106年度單位預算,44061,銓敘部106年度單位預算各表件,銓敘部106年度單位預算各表件,銓敘部
考選部105年單位決算,44801,考選部105年單位決算公,考選部105年單位決算,考選部
考試院105年度單位決算書表,44803,以前年度歲入來源別轉入數決算表、以前年度歲出政事別轉入數決算表、以前年度歲出機關別轉入數決算表、歲入來源別決算表、歲出政事別決算表、歲出機關別決算表、平衡表,,考試院
銓敘部106年度對國內團體補助,44807,銓敘部對國內團體補助,,銓敘部
公務人員退休撫卹基金管理委員會105年單位決算書,44808,公共資訊: 係指各種財政統計報表、政策新聞、資訊服務、法律等相關資料集,公務人員退休撫卹基金管理委員會105年單位決算書,公務人員退休撫卹基金管理委員會
考選部106年3月份會計報告,44826,考選部106年3月份會計報告,考選部106年3月份會計報告,考選部
考選部106年度對國內團體捐助,44993,考選部106年度對國內團體捐助,考選部106年度對國內團體捐助,考選部
銓敘部105年度單位決算,45027,銓敘部105年度單位決算主要表,銓敘部105年度單位決算主要表,銓敘部
公務人員保障暨培訓委員會105年度單位決算書,45223,歲入來源別決算表、歲出政事別決算表、歲出機關別決算表、平衡表,,公務人員保障暨培訓委員會
國家文官學院及所屬105年度單位決算書,45497,歲入來源決算表、歲出政事別決算表、歲出機關別決算表、平衡表,,國家文官學院
考選部106年度4月份會計報告,45582,考選部106年度4月份會計報告,考選部106年度4月份會計報告,考選部
考選部106年度5月份會計報告,46183,考選部106年度5月份會計報告,考選部106年度5月份會計報告,考選部
公務人員退休撫卹基金管理委員會106年度單位預算書,46651,公共資訊: 係指各種財政統計報表、政策新聞、資訊服務、法律等相關資料集,公務人員退休撫卹基金管理委員會106年度單位預算書,公務人員退休撫卹基金管理委員會
公務人員退休撫卹基金管理委員會107年度單位預算案,52737,公務人員退休撫卹基金管理委員會107年度單位預算案,,公務人員退休撫卹基金管理委員會
銓敘部107年度單位預算案,52776,107年度單位預算案各預算書表,,銓敘部
國家文官學院及所屬107年度單位預算案書表,52778,歲入來源別預算表、歲出機關別預算表、歲入項目說明提要表、歲出計畫提要及分支計畫概況表、各項費用彙計表、歲出一級用途別科目分析表、資本支出分析表、人事費分析表、預算員額明細表、公務車輛明細表、現有辦公房舍明細表、捐助經費分析表、派員出國計畫預算總表、派員出國計畫預算類別表－開會、談判、派員出國計畫預算類別表－進修、研究、實習、歲出按職能及經濟性綜合分類表,,國家文官學院
考選業務基金105年度決算,53691,考選業務基金105年度決算,,考選部
考選部106年8月份會計月報,54350,考選部106年8月份會計月報,,考選部
考選部106年7月份會計月報,54383,考選部106年7月份會計月報,,考選部
107年度單位預算案,54594,107年度單位預算案表件,,銓敘部
公務人員保障暨培訓委員會107年度預算案,55741,歲入來源別預算表、歲出機關別預算表、歲入項目說明提要表、歲出計畫提要及分支計畫概況表、各項費用彙計表、歲出一級用途別科目分析表、資本支出分析表、人事費分析表、預算員額明細表、公務車輛明細表、現有辦公房舍明細表、捐助經費分析表、派員出國計畫預算總表、派員出國計畫類別表-考察、視察、訪問、派員出國計畫類別表-開會、談判、歲出按職能及經濟性綜合分類表、委辦經費分析表,,公務人員保障暨培訓委員會
考選部106年9月份會計月報,56451,考選部106年9月份會計月報,,考選部
106年10月份會計月報,72492,106年10月份會計月報,,考選部
考選部106年11月份會計月報,72546,考選部106年11月份會計月報,,考選部
考選部考選業務基金107年度會計月報,75513,考選部考選業務基金107年度會計月報,SEQNO;LEVEL;BOLD;項目;本年度法定預算數;本月份實際數;本月份預算數;本月份比較增減;本月份比較增減-百分比;本年度截至本月份累計實際數;本年度截至本月份累計預算數;本年度截至本月份累計比較增減;本年度截至本月份累計比較增減-百分比;金額;百分比;以前年度保留數;本年度奉准先行辦理數;調整數;本年度可用預算數;累計預算分配數;實際執行數-實支數;實際執行數-應付未付數;實際執行數;實際執行數-百分比;比較增減;比較增減-百分比;契約責任數;結餘款;累計工程進度-預估;累計工程進度-實際,考選部
106年12月份會計月報-考選部,75522,106年12月份會計月報-考選部,,考選部
106年9月份會計月報-考選部,75999,106年9月份會計月報-考選部,,考選部
銓敘部107年會計報告,76184,會計報告-歲入累計表、經費累計表、以前年度歲入轉入數累計表、以前年度歲出轉入數累計表、平衡表、資本資產表、資本資產變動表、歲出用途別累計表、收入實現數與繳付公庫數分析表、支出實現數與公庫撥入數分析表、收入支出彙計表,,銓敘部
公務人員退休撫卹基金管理委員會107年度會計月報,76260,公務人員退休撫卹基金管理委員會107年度會計月報,會計年度;月份;款;項;目;節;預算年度;預算科目編號;預算科目名稱;細目編號;細目名稱;原預算數;追加減數;截至本月止累計分配數_1;本月實現數;截至本月止累計實現數_2;應收收入數_3;分配數預算餘額_4;分支計畫編號;分支計畫名稱;用途別編號;用途別名稱;第一預備金;第二預備金;經費流用數;預算調整數;應付數;已分配尚未執行數;備註_預暫付數;以前年度轉入數;保留數;減免;截至本月止累計實現數;調整數;尚未執行數;基金別;會計分類;使用機關別;科目分類;會計科目編號;會計科目名稱;金額;科目名稱;取得成本;以前年度累計折舊_長期投資評價;本年度資本資產成本變動_增加數;本年度資本資產成本變動_減少數;本年度累計折舊_長期投資評價變動數;期末帳面金額;備註;業務計畫或工作計畫;經資門;執行數;項目;收入實現數;減項_收入待納庫數;加項_以前年度待納庫繳庫數;加項_以前年度撥款於本年度繳還數_材料;加項_以前年度撥款於本年度繳還數_存出保證金;加項_以前年度撥款於本年度繳還數_其他應收款;加項_預收款;加項_剔除經費;繳付公庫數;一級用途別編號;一級用途別名稱;支出實現數;加項_預付款;加項_材料;加項_存出保證金;加項_零用金;加項_退還收入預收款;加項_其他應收款;減項_以前年度撥款於本年度實現數;公庫撥入數;公庫分配數餘額;金額_本月數;金額_累計數,公務人員退休撫卹基金管理委員會
國家文官學院及所屬單位預算,76326,歲入來源別預算表、歲出機關別預算表、歲入項目說明提要表、歲出計畫提要及分支計畫概況表、各項費用彙計表、歲出一級用途別科目分析表、資本支出分析表、人事費分析表、預算員額明細表、公務車輛明細表、現有辦公房舍明細表、捐助經費分析表、派員出國計畫預算總表、派員出國計畫預算類別表－開會、談判、派員出國計畫預算類別表－進修、研究、實習、歲出按職能及經濟性綜合分類表,,國家文官學院
考試院107年度會計月報,76513,歲入(經費)累計表、以前年度歲入(出)轉入數累計表、平衡表、資本資產表及其變動表、歲出用途別累計表、收入實現數與繳付公庫數分析表、支出實現數與公庫撥入數分析表、收入支出彙計表,會計年度;月份;款;項;目;節;預算年度;預算科目編號;預算科目名稱;細目編號;細目名稱;原預算數;追加減數;截至本月止累計分配數_1;本月實現數;截至本月止累計實現數_2;應收收入數_3;分配數預算餘額_4;分支計畫編號;分支計畫名稱;用途別編號;用途別名稱;第一預備金;第二預備金;經費流用數;預算調整數;應付數;已分配尚未執行數;備註_預暫付數;以前年度轉入數;保留數;減免;截至本月止累計實現數;調整數;尚未執行數;基金別;會計分類;使用機關別;科目分類;會計科目編號;會計科目名稱;金額;科目名稱;取得成本;以前年度累計折舊_長期投資評價;本年度資本資產成本變動_增加數;本年度資本資產成本變動_減少數;本年度累計折舊_長期投資評價變動數;期末帳面金額;備註;業務計畫或工作計畫;經資門;執行數;項目;收入實現數;減項_收入待納庫數;加項_以前年度待納庫繳庫數;加項_以前年度撥款於本年度繳還數_材料;加項_以前年度撥款於本年度繳還數_存出保證金;加項_以前年度撥款於本年度繳還數_其他應收款;加項_預收款;加項_剔除經費;繳付公庫數;一級用途別編號;一級用途別名稱;支出實現數;加項_預付款;加項_材料;加項_存出保證金;加項_零用金;加項_退還收入預收款;加項_其他應收款;減項_以前年度撥款於本年度實現數;公庫撥入數;公庫分配數餘額;金額_本月數;金額_累計數,考試院
考試院單位決算書表,76619,以前年度歲入來源別轉入數決算表、以前年度歲出政事別轉入數決算表、以前年度歲出機關別轉入數決算表、歲入來源別決算表、歲出政事別決算表、歲出機關別決算表、平衡表,會計年度;款;項;目;節;預算科目編號;預算科目名稱;細目編號;細目名稱;預算數_原預算數;預算數_預算增減數;預算數_合計1;決算數_實現數;決算數_應收數;決算數_保留數;決算數_合計2;預決算比較增減數;決算數占預算數之比率;分計畫編號;分計畫名稱;用途別編號;用途別名稱;原預算數;預算追加減數;動支第一預備金數;動支第二預備金數;經費流用數;預算調整數;預算增減數小計;預算數合計1;實現數;應付數;保留數;決算數合計2;預算年度;以前年度轉入數_應付數;以前年度轉入數_保留數;本年度減免註銷數_應付數;本年度減免註銷數_保留數;本年度實現數_應付數;本年度實現數_保留數;本年度調整數_應付數;本年度調整數_保留數;本年度未結清數_應付數;本年度未結清數_保留數;月份;基金別;會計分類;使用機關別;科目分類;會計科目編號;會計科目名稱;金額,考試院
考選部107年1月份會計月報,77740,考選部107年1月份會計月報,會計年度;月份;款;項;目;節;預算年度;預算科目編號;預算科目名稱;細目編號;細目名稱;原預算數;追加減數;截至本月止累計分配數_1;本月實現數;截至本月止累計實現數_2;應收收入數_3;分配數預算餘額_4;分支計畫編號;分支計畫名稱;用途別編號;用途別名稱;第一預備金;第二預備金;經費流用數;預算調整數;應付數;已分配尚未執行數;備註_預暫付數;基金別;會計分類;使用機關別;科目分類;會計科目編號;會計科目名稱;金額;科目名稱;取得成本;以前年度累計折舊_長期投資評價;本年度資本資產成本變動_增加數;本年度資本資產成本變動_減少數;本年度累計折舊_長期投資評價變動數;期末帳面金額;備註;業務計畫或工作計畫;經資門;執行數;項目;收入實現數;減項_收入待納庫數;加項_以前年度待納庫繳庫數;加項_以前年度撥款於本年度繳還數_材料;加項_以前年度撥款於本年度繳還數_存出保證金;加項_以前年度撥款於本年度繳還數_其他應收款;加項_預收款;加項_剔除經費;繳付公庫數;一級用途別編號;一級用途別名稱;支出實現數;加項_預付款;加項_材料;加項_存出保證金;加項_零用金;加項_退還收入預收款;加項_其他應收款;減項_以前年度撥款於本年度實現數;公庫撥入數;公庫分配數餘額;金額_本月數;金額_累計數,考選部
考選部107年2月份會計月報,77743,考選部107年2月份會計月報,會計年度;月份;款;項;目;節;預算年度;預算科目編號;預算科目名稱;細目編號;細目名稱;原預算數;追加減數;截至本月止累計分配數_1;本月實現數;截至本月止累計實現數_2;應收收入數_3;分配數預算餘額_4;分支計畫編號;分支計畫名稱;用途別編號;用途別名稱;第一預備金;第二預備金;經費流用數;預算調整數;應付數;已分配尚未執行數;備註_預暫付數;基金別;會計分類;使用機關別;科目分類;會計科目編號;會計科目名稱;金額;科目名稱;取得成本;以前年度累計折舊_長期投資評價;本年度資本資產成本變動_增加數;本年度資本資產成本變動_減少數;本年度累計折舊_長期投資評價變動數;期末帳面金額;備註;業務計畫或工作計畫;經資門;執行數;項目;收入實現數;減項_收入待納庫數;加項_以前年度待納庫繳庫數;加項_以前年度撥款於本年度繳還數_材料;加項_以前年度撥款於本年度繳還數_存出保證金;加項_以前年度撥款於本年度繳還數_其他應收款;加項_預收款;加項_剔除經費;繳付公庫數;一級用途別編號;一級用途別名稱;支出實現數;加項_預付款;加項_材料;加項_存出保證金;加項_零用金;加項_退還收入預收款;加項_其他應收款;減項_以前年度撥款於本年度實現數;公庫撥入數;公庫分配數餘額;金額_本月數;金額_累計數,考選部
考選部單位預算107年度2月份會計月報,77747,考選部單位預算107年度2月份會計月報,,考選部
銓敘部107年度單位預算,77919,107年度單位預算內容及表件,款;項;目;節;科目名稱;預算科目編號;人事費;業務費_經;奬補助費_經;債務費;預備金_經;經常支出小計;業務費_資;設備及投資;奬補助費_資;預備金_資;資本支出小計;合計;職能別分類經濟性分類;消費支出_經;債務利息_經;補助地方_經;移轉民間_經;小計_經;資本形成_資;土地購入_資;增資_資;補助地方_資;移轉民間_資;小計_資;總計,銓敘部
銓敘部106年度單位決算,78175,銓敘部106年度單位決算主要表,,銓敘部
公務人員退休撫卹基金管理委員會107年度單位預算書,78685,公務人員退休撫卹基金管理委員會107年度單位預算書,款;項;目;節;科目名稱;預算科目編號;人事費;業務費_經;奬補助費_經;債務費;預備金_經;經常支出小計;業務費_資;設備及投資;奬補助費_資;預備金_資;資本支出小計;合計;職能別分類經濟性分類;消費支出_經;債務利息_經;補助地方_經;移轉民間_經;小計_經;資本形成_資;土地購入_資;增資_資;補助地方_資;移轉民間_資;小計_資;總計,公務人員退休撫卹基金管理委員會
公務人員保障暨培訓委員會107年度法定預算,78844,歲入來源別預算表、歲出機關別預算表、歲入項目說明提要表、歲出計畫提要及分支計畫概況表、各項費用彙計表、歲出一級用途別科目分析表、資本支出分析表、人事費分析表、預算員額明細表、公務車輛明細表、現有辦公房舍明細表、捐助經費分析表、派員出國計畫預算總表、派員出國計畫類別表-考察、視察、訪問、派員出國計畫類別表-開會、談判、歲出按職能及經濟性綜合分類表、委辦經費分析表,,公務人員保障暨培訓委員會
公務人員保障暨培訓委員會107年1月會計月報,78846,歲入累計表、經費累計表、平衡表、資本資產及其變動表、歲出用途別科目累計表、收入實現數與繳付公庫數分析表、支出實現數與公庫撥入數分析表、收入支出彙計表,,公務人員保障暨培訓委員會
公務人員保障暨培訓委員會107年2月會計月報,78856,歲入累計表、經費累計表、平衡表、資本資產及其變動表、歲出用途別科目累計表、收入實現數與繳付公庫數分析表、支出實現數與公庫撥入數分析表、收入支出彙計表,,公務人員保障暨培訓委員會
公務人員保障暨培訓委員會106年度單位決算,78862,以前年度歲出政事別轉入數決算表、以前年度歲出機關別轉入數決算表、歲入來源別決算表、歲出政事別決算表、歲出機關別決算表、平衡表、資本資產表,,公務人員保障暨培訓委員會
公務人員退休撫卹基金管理委員會106年單位決算書,78871,公務人員退休撫卹基金管理委員會106年單位決算書,會計年度;款;項;目;節;預算科目編號;預算科目名稱;細目編號;細目名稱;預算數_原預算數;預算數_預算增減數;預算數_合計1;決算數_實現數;決算數_應收數;決算數_保留數;決算數_合計2;預決算比較增減數;決算數占預算數之比率;分計畫編號;分計畫名稱;用途別編號;用途別名稱;原預算數;預算追加減數;動支第一預備金數;動支第二預備金數;經費流用數;預算調整數;預算增減數小計;預算數合計1;實現數;應付數;保留數;決算數合計2;預算年度;以前年度轉入數_應付數;以前年度轉入數_保留數;本年度減免註銷數_應付數;本年度減免註銷數_保留數;本年度實現數_應付數;本年度實現數_保留數;本年度調整數_應付數;本年度調整數_保留數;本年度未結清數_應付數;本年度未結清數_保留數;月份;基金別;會計分類;使用機關別;科目分類;會計科目編號;會計科目名稱;金額,公務人員退休撫卹基金管理委員會
公務人員保障暨培訓委員會107年3月會計月報,78978,歲入累計表、經費累計表、平衡表、資本資產及其變動表、歲出用途別科目累計表、收入實現數與繳付公庫數分析表、支出實現數與公庫撥入數分析表、收入支出彙計表,,公務人員保障暨培訓委員會
考選部107年3月份會計月報,79019,考選部107年3月份會計月報,會計年度;月份;款;項;目;節;預算年度;預算科目編號;預算科目名稱;細目編號;細目名稱;原預算數;追加減數;截至本月止累計分配數_1;本月實現數;截至本月止累計實現數_2;應收收入數_3;分配數預算餘額_4;分支計畫編號;分支計畫名稱;用途別編號;用途別名稱;第一預備金;第二預備金;經費流用數;預算調整數;應付數;已分配尚未執行數;備註_預暫付數;基金別;會計分類;使用機關別;科目分類;會計科目編號;會計科目名稱;金額;科目名稱;取得成本;以前年度累計折舊_長期投資評價;本年度資本資產成本變動_增加數;本年度資本資產成本變動_減少數;本年度累計折舊_長期投資評價變動數;期末帳面金額;備註;業務計畫或工作計畫;經資門;執行數;項目;收入實現數;減項_收入待納庫數;加項_以前年度待納庫繳庫數;加項_以前年度撥款於本年度繳還數_材料;加項_以前年度撥款於本年度繳還數_存出保證金;加項_以前年度撥款於本年度繳還數_其他應收款;加項_預收款;加項_剔除經費;繳付公庫數;一級用途別編號;一級用途別名稱;支出實現數;加項_預付款;加項_材料;加項_存出保證金;加項_零用金;加項_退還收入預收款;加項_其他應收款;減項_以前年度撥款於本年度實現數;公庫撥入數;公庫分配數餘額;金額_本月數;金額_累計數,考選部
銓敘部107年度對國內團體補助,79169,銓敘部對國內團體補助,,銓敘部
考選部107年4月份會計月報,80545,考選部107年4月份會計月報,會計年度;月份;款;項;目;節;預算年度;預算科目編號;預算科目名稱;分支計畫編號;分支計畫名稱;用途別編號;用途別名稱;原預算數;追加減數;第一預備金;第二預備金;經費流用數;預算調整數;截至本月止累計分配數_1;本月實現數;截至本月止累計實現數_2;應付數;已分配尚未執行數;備註_預暫付數;基金別;會計分類;使用機關別;科目分類;會計科目編號;會計科目名稱;金額;科目名稱;取得成本;以前年度累計折舊_長期投資評價;本年度資本資產成本變動_增加數;本年度資本資產成本變動_減少數;本年度累計折舊_長期投資評價變動數;期末帳面金額;備註;業務計畫或工作計畫;經資門;執行數;項目;收入實現數;減項_收入待納庫數;加項_以前年度待納庫繳庫數;加項_以前年度撥款於本年度繳還數_材料;加項_以前年度撥款於本年度繳還數_存出保證金;加項_以前年度撥款於本年度繳還數_其他應收款;加項_預收款;加項_剔除經費;繳付公庫數;一級用途別編號;一級用途別名稱;支出實現數;加項_預付款;加項_材料;加項_存出保證金;加項_零用金;加項_退還收入預收款;加項_其他應收款;減項_以前年度撥款於本年度實現數;公庫撥入數;公庫分配數餘額;金額_本月數;金額_累計數,考選部
公務人員保障暨培訓委員會107年4月會計月報,81127,歲入累計表、經費累計表、平衡表、資本資產及其變動表、歲出用途別科目累計表、收入實現數與繳付公庫數分析表、支出實現數與公庫撥入數分析表、收入支出彙計表,會計年度;月份;款;項;目;節;預算年度;預算科目編號;預算科目名稱;細目編號;細目名稱;原預算數;追加減數;截至本月止累計分配數_1;本月實現數;截至本月止累計實現數_2;應收收入數_3;分配數預算餘額_4;分支計畫編號;分支計畫名稱;用途別編號;用途別名稱;第一預備金;第二預備金;經費流用數;預算調整數;應付數;已分配尚未執行數;備註_預暫付數;基金別;會計分類;使用機關別;科目分類;會計科目編號;會計科目名稱;金額;科目名稱;取得成本;以前年度累計折舊_長期投資評價;本年度資本資產成本變動_增加數;本年度資本資產成本變動_減少數;本年度累計折舊_長期投資評價變動數;期末帳面金額;備註;業務計畫或工作計畫;經資門;執行數;項目;收入實現數;減項_收入待納庫數;加項_以前年度待納庫繳庫數;加項_以前年度撥款於本年度繳還數_材料;加項_以前年度撥款於本年度繳還數_存出保證金;加項_以前年度撥款於本年度繳還數_其他應收款;加項_預收款;加項_剔除經費;繳付公庫數;一級用途別編號;一級用途別名稱;支出實現數;加項_預付款;加項_材料;加項_存出保證金;加項_零用金;加項_退還收入預收款;加項_其他應收款;減項_以前年度撥款於本年度實現數;公庫撥入數;公庫分配數餘額;金額_本月數;金額_累計數,公務人員保障暨培訓委員會
國家文官學院及所屬106年度單位決算書,82686,以前年度歲出政事別轉入數決算表、以前年度歲出機關別轉入數決算表、歲入來源別決算表、歲出政事別決算表、歲出機關別決算表、平衡表、資本資產表,會計年度;款;項;目;節;預算科目編號;預算科目名稱;細目編號;細目名稱;預算數_原預算數;預算數_預算增減數;預算數_合計1;決算數_實現數;決算數_應收數;決算數_保留數;決算數_合計2;預決算比較增減數;決算數占預算數之比率;分計畫編號;分計畫名稱;用途別編號;用途別名稱;原預算數;預算追加減數;動支第一預備金數;動支第二預備金數;經費流用數;預算調整數;預算增減數小計;預算數合計1;實現數;應付數;保留數;決算數合計2;預算年度;以前年度轉入數_應付數;以前年度轉入數_保留數;本年度減免註銷數_應付數;本年度減免註銷數_保留數;本年度實現數_應付數;本年度實現數_保留數;本年度調整數_應付數;本年度調整數_保留數;本年度未結清數_應付數;本年度未結清數_保留數;月份;基金別;會計分類;使用機關別;科目分類;會計科目編號;會計科目名稱;金額,國家文官學院
考選部107年5月份會計月報,85398,考選部107年5月份會計月報,會計年度;月份;款;項;目;節;預算年度;預算科目編號;預算科目名稱;細目編號;細目名稱;原預算數;追加減數;截至本月止累計分配數_1;本月實現數;截至本月止累計實現數_2;應收收入數_3;分配數預算餘額_4;分支計畫編號;分支計畫名稱;用途別編號;用途別名稱;第一預備金;第二預備金;經費流用數;預算調整數;應付數;已分配尚未執行數;備註_預暫付數;以前年度轉入數;應收數;保留數;減免;截至本月止累計實現數;調整數;尚未執行數;基金別;會計分類;使用機關別;科目分類;會計科目編號;會計科目名稱;金額;科目名稱;取得成本;以前年度累計折舊_長期投資評價;本年度資本資產成本變動_增加數;本年度資本資產成本變動_減少數;本年度累計折舊_長期投資評價變動數;期末帳面金額;備註;業務計畫或工作計畫;經資門;執行數;項目;收入實現數;減項_收入待納庫數;加項_以前年度待納庫繳庫數;加項_以前年度撥款於本年度繳還數_材料;加項_以前年度撥款於本年度繳還數_存出保證金;加項_以前年度撥款於本年度繳還數_其他應收款;加項_預收款;加項_剔除經費;繳付公庫數;一級用途別編號;一級用途別名稱;支出實現數;加項_預付款;加項_材料;加項_存出保證金;加項_零用金;加項_退還收入預收款;加項_其他應收款;減項_以前年度撥款於本年度實現數;公庫撥入數;公庫分配數餘額;金額_本月數;金額_累計數,考選部
公務人員保障暨培訓委員會107年5月會計月報,86031,歲入累計表、經費累計表、平衡表、資本資產及其變動表、歲出用途別科目累計表、收入實現數與繳付公庫數分析表、支出實現數與公庫撥入數分析表、收入支出彙計表,會計年度;月份;款;項;目;節;預算年度;預算科目編號;預算科目名稱;細目編號;細目名稱;原預算數;追加減數;截至本月止累計分配數_1;本月實現數;截至本月止累計實現數_2;應收收入數_3;分配數預算餘額_4;分支計畫編號;分支計畫名稱;用途別編號;用途別名稱;第一預備金;第二預備金;經費流用數;預算調整數;應付數;已分配尚未執行數;備註_預暫付數;基金別;會計分類;使用機關別;科目分類;會計科目編號;會計科目名稱;金額;科目名稱;取得成本;以前年度累計折舊_長期投資評價;本年度資本資產成本變動_增加數;本年度資本資產成本變動_減少數;本年度累計折舊_長期投資評價變動數;期末帳面金額;備註;業務計畫或工作計畫;經資門;執行數;項目;收入實現數;減項_收入待納庫數;加項_以前年度待納庫繳庫數;加項_以前年度撥款於本年度繳還數_材料;加項_以前年度撥款於本年度繳還數_存出保證金;加項_以前年度撥款於本年度繳還數_其他應收款;加項_預收款;加項_剔除經費;繳付公庫數;一級用途別編號;一級用途別名稱;支出實現數;加項_預付款;加項_材料;加項_存出保證金;加項_零用金;加項_退還收入預收款;加項_其他應收款;減項_以前年度撥款於本年度實現數;公庫撥入數;公庫分配數餘額;金額_本月數;金額_累計數,公務人員保障暨培訓委員會
考選部107年6月份會計月報,87347,考選部107年6月份會計月報,會計年度;月份;款;項;目;節;預算年度;預算科目編號;預算科目名稱;細目編號;細目名稱;原預算數;追加減數;截至本月止累計分配數_1;本月實現數;截至本月止累計實現數_2;應收收入數_3;分配數預算餘額_4;分支計畫編號;分支計畫名稱;用途別編號;用途別名稱;第一預備金;第二預備金;經費流用數;預算調整數;應付數;已分配尚未執行數;備註_預暫付數;以前年度轉入數;應收數;保留數;減免;截至本月止累計實現數;調整數;尚未執行數;基金別;會計分類;使用機關別;科目分類;會計科目編號;會計科目名稱;金額;科目名稱;取得成本;以前年度累計折舊_長期投資評價;本年度資本資產成本變動_增加數;本年度資本資產成本變動_減少數;本年度累計折舊_長期投資評價變動數;期末帳面金額;備註;業務計畫或工作計畫;經資門;執行數;項目;收入實現數;減項_收入待納庫數;加項_以前年度待納庫繳庫數;加項_以前年度撥款於本年度繳還數_材料;加項_以前年度撥款於本年度繳還數_存出保證金;加項_以前年度撥款於本年度繳還數_其他應收款;加項_預收款;加項_剔除經費;繳付公庫數;一級用途別編號;一級用途別名稱;支出實現數;加項_預付款;加項_材料;加項_存出保證金;加項_零用金;加項_退還收入預收款;加項_其他應收款;減項_以前年度撥款於本年度實現數;公庫撥入數;公庫分配數餘額;金額_本月數;金額_累計數,考選部
公務人員保障暨培訓委員會107年6月會計月報,87983,歲入累計表、經費累計表、平衡表、資本資產及其變動表、歲出用途別科目累計表、收入實現數與繳付公庫數分析表、支出實現數與公庫撥入數分析表、收入支出彙計表,會計年度;月份;款;項;目;節;預算年度;預算科目編號;預算科目名稱;細目編號;細目名稱;原預算數;追加減數;截至本月止累計分配數_1;本月實現數;截至本月止累計實現數_2;應收收入數_3;分配數預算餘額_4;分支計畫編號;分支計畫名稱;用途別編號;用途別名稱;第一預備金;第二預備金;經費流用數;預算調整數;應付數;已分配尚未執行數;備註_預暫付數;基金別;會計分類;使用機關別;科目分類;會計科目編號;會計科目名稱;金額;科目名稱;取得成本;以前年度累計折舊_長期投資評價;本年度資本資產成本變動_增加數;本年度資本資產成本變動_減少數;本年度累計折舊_長期投資評價變動數;期末帳面金額;備註;業務計畫或工作計畫;經資門;執行數;項目;收入實現數;減項_收入待納庫數;加項_以前年度待納庫繳庫數;加項_以前年度撥款於本年度繳還數_材料;加項_以前年度撥款於本年度繳還數_存出保證金;加項_以前年度撥款於本年度繳還數_其他應收款;加項_預收款;加項_剔除經費;繳付公庫數;一級用途別編號;一級用途別名稱;支出實現數;加項_預付款;加項_材料;加項_存出保證金;加項_零用金;加項_退還收入預收款;加項_其他應收款;減項_以前年度撥款於本年度實現數;公庫撥入數;公庫分配數餘額;金額_本月數;金額_累計數,公務人員保障暨培訓委員會
考選部107年單位預算會計月報,89428,考選部107年單位預算會計月報,會計年度;月份;款;項;目;節;預算年度;預算科目編號;預算科目名稱;細目編號;細目名稱;原預算數;追加減數;截至本月止累計分配數_1;本月實現數;截至本月止累計實現數_2;應收收入數_3;分配數預算餘額_4;分支計畫編號;分支計畫名稱;用途別編號;用途別名稱;第一預備金;第二預備金;經費流用數;預算調整數;應付數;已分配尚未執行數;備註_預暫付數;以前年度轉入數;應收數;保留數;減免;截至本月止累計實現數;調整數;尚未執行數;基金別;會計分類;使用機關別;科目分類;會計科目編號;會計科目名稱;金額;科目名稱;取得成本;以前年度累計折舊_長期投資評價;本年度資本資產成本變動_增加數;本年度資本資產成本變動_減少數;本年度累計折舊_長期投資評價變動數;期末帳面金額;備註;業務計畫或工作計畫;經資門;執行數;項目;收入實現數;減項_收入待納庫數;加項_以前年度待納庫繳庫數;加項_以前年度撥款於本年度繳還數_材料;加項_以前年度撥款於本年度繳還數_存出保證金;加項_以前年度撥款於本年度繳還數_其他應收款;加項_預收款;加項_剔除經費;繳付公庫數;一級用途別編號;一級用途別名稱;支出實現數;加項_預付款;加項_材料;加項_存出保證金;加項_零用金;加項_退還收入預收款;加項_其他應收款;減項_以前年度撥款於本年度實現數;公庫撥入數;公庫分配數餘額;金額_本月數;金額_累計數,考選部
公務人員保障暨培訓委員會107年7月會計月報,89808,歲入累計表、經費累計表、平衡表、資本資產及其變動表、歲出用途別科目累計表、收入實現數與繳付公庫數分析表、支出實現數與公庫撥入數分析表、收入支出彙計表,會計年度;月份;款;項;目;節;預算年度;預算科目編號;預算科目名稱;細目編號;細目名稱;原預算數;追加減數;截至本月止累計分配數_1;本月實現數;截至本月止累計實現數_2;應收收入數_3;分配數預算餘額_4;分支計畫編號;分支計畫名稱;用途別編號;用途別名稱;第一預備金;第二預備金;經費流用數;預算調整數;應付數;已分配尚未執行數;備註_預暫付數;基金別;會計分類;使用機關別;科目分類;會計科目編號;會計科目名稱;金額;科目名稱;取得成本;以前年度累計折舊_長期投資評價;本年度資本資產成本變動_增加數;本年度資本資產成本變動_減少數;本年度累計折舊_長期投資評價變動數;期末帳面金額;備註;業務計畫或工作計畫;經資門;執行數;項目;收入實現數;減項_收入待納庫數;加項_以前年度待納庫繳庫數;加項_以前年度撥款於本年度繳還數_材料;加項_以前年度撥款於本年度繳還數_存出保證金;加項_以前年度撥款於本年度繳還數_其他應收款;加項_預收款;加項_剔除經費;繳付公庫數;一級用途別編號;一級用途別名稱;支出實現數;加項_預付款;加項_材料;加項_存出保證金;加項_零用金;加項_退還收入預收款;加項_其他應收款;減項_以前年度撥款於本年度實現數;公庫撥入數;公庫分配數餘額;金額_本月數;金額_累計數,公務人員保障暨培訓委員會
銓敘部108年度單位預算案,90404,銓敘部108年度單位預算案,,銓敘部
公務人員退休撫卹基金管理委員會108年度單位預算案,90469,公務人員退休撫卹基金管理委員會108年度單位預算案,,公務人員退休撫卹基金管理委員會
公務人員保障暨培訓委員會108年度預算案,90996,歲入來源別預算表、歲出機關別預算表、歲入項目說明提要表、歲出計畫提要及分支計畫概況表、各項費用彙計表、歲出一級用途別科目分析表、資本支出分析表、人事費分析表、預算員額明細表、公務車輛明細表、現有辦公房舍明細表、捐助經費分析表、派員出國計畫預算總表、派員出國計畫類別表-考察、視察、訪問、派員出國計畫類別表-開會、談判、歲出按職能及經濟性綜合分類表、委辦經費分析表,,公務人員保障暨培訓委員會
公務人員保障暨培訓委員會107年8月會計月報,90999,歲入累計表、經費累計表、平衡表、資本資產及其變動表、歲出用途別科目累計表、收入實現數與繳付公庫數分析表、支出實現數與公庫撥入數分析表、收入支出彙計表,會計年度;月份;款;項;目;節;預算年度;預算科目編號;預算科目名稱;細目編號;細目名稱;原預算數;追加減數;截至本月止累計分配數_1;本月實現數;截至本月止累計實現數_2;應收收入數_3;分配數預算餘額_4;分支計畫編號;分支計畫名稱;用途別編號;用途別名稱;第一預備金;第二預備金;經費流用數;預算調整數;應付數;已分配尚未執行數;備註_預暫付數;基金別;會計分類;使用機關別;科目分類;會計科目編號;會計科目名稱;金額;科目名稱;取得成本;以前年度累計折舊_長期投資評價;本年度資本資產成本變動_增加數;本年度資本資產成本變動_減少數;本年度累計折舊_長期投資評價變動數;期末帳面金額;備註;業務計畫或工作計畫;經資門;執行數;項目;收入實現數;減項_收入待納庫數;加項_以前年度待納庫繳庫數;加項_以前年度撥款於本年度繳還數_材料;加項_以前年度撥款於本年度繳還數_存出保證金;加項_以前年度撥款於本年度繳還數_其他應收款;加項_預收款;加項_剔除經費;繳付公庫數;一級用途別編號;一級用途別名稱;支出實現數;加項_預付款;加項_材料;加項_存出保證金;加項_零用金;加項_退還收入預收款;加項_其他應收款;減項_以前年度撥款於本年度實現數;公庫撥入數;公庫分配數餘額;金額_本月數;金額_累計數,公務人員保障暨培訓委員會
考選業務基金106年度決算(審定),91437,考選業務基金106年度決算(審定),,考選部
考選部106年度單位決算,91460,考選部106年度單位決算,會計年度;款;項;目;節;預算科目編號;預算科目名稱;細目編號;細目名稱;預算數_原預算數;預算數_預算增減數;預算數_合計1;決算數_實現數;決算數_應收數;決算數_保留數;決算數_合計2;預決算比較增減數;決算數占預算數之比率;分計畫編號;分計畫名稱;用途別編號;用途別名稱;原預算數;預算追加減數;動支第一預備金數;動支第二預備金數;經費流用數;預算調整數;預算增減數小計;預算數合計1;實現數;應付數;保留數;決算數合計2;預算年度;以前年度轉入數_應收數;以前年度轉入數_保留數;本年度減免註銷數_應收數;本年度減免註銷數_保留數;本年度實現數_應收數;本年度實現數_保留數;本年度調整數_應收數;本年度調整數_保留數;本年度未結清數_應收數;本年度未結清數_保留數;以前年度轉入數_應付數;本年度減免註銷數_應付數;本年度實現數_應付數;本年度調整數_應付數;本年度未結清數_應付數;月份;基金別;會計分類;使用機關別;科目分類;會計科目編號;會計科目名稱;金額,考選部
公務人員保障暨培訓委員會107年9月會計月報,93221,歲入累計表、經費累計表、平衡表、資本資產及其變動表、歲出用途別科目累計表、收入實現數與繳付公庫數分析表、支出實現數與公庫撥入數分析表、收入支出彙計表,會計年度;月份;款;項;目;節;預算年度;預算科目編號;預算科目名稱;細目編號;細目名稱;原預算數;追加減數;截至本月止累計分配數_1;本月實現數;截至本月止累計實現數_2;應收收入數_3;分配數預算餘額_4;分支計畫編號;分支計畫名稱;用途別編號;用途別名稱;第一預備金;第二預備金;經費流用數;預算調整數;應付數;已分配尚未執行數;備註_預暫付數;基金別;會計分類;使用機關別;科目分類;會計科目編號;會計科目名稱;金額;科目名稱;取得成本;以前年度累計折舊_長期投資評價;本年度資本資產成本變動_增加數;本年度資本資產成本變動_減少數;本年度累計折舊_長期投資評價變動數;期末帳面金額;備註;業務計畫或工作計畫;經資門;執行數;項目;收入實現數;減項_收入待納庫數;加項_以前年度待納庫繳庫數;加項_以前年度撥款於本年度繳還數_材料;加項_以前年度撥款於本年度繳還數_存出保證金;加項_以前年度撥款於本年度繳還數_其他應收款;加項_預收款;加項_剔除經費;繳付公庫數;一級用途別編號;一級用途別名稱;支出實現數;加項_預付款;加項_材料;加項_存出保證金;加項_零用金;加項_退還收入預收款;加項_其他應收款;減項_以前年度撥款於本年度實現數;公庫撥入數;公庫分配數餘額;金額_本月數;金額_累計數,公務人員保障暨培訓委員會
公務人員保障暨培訓委員會107年10月會計月報,94875,歲入累計表、經費累計表、平衡表、資本資產及其變動表、歲出用途別科目累計表、收入實現數與繳付公庫數分析表、支出實現數與公庫撥入數分析表、收入支出彙計表,會計年度;月份;款;項;目;節;預算年度;預算科目編號;預算科目名稱;細目編號;細目名稱;原預算數;追加減數;截至本月止累計分配數_1;本月實現數;截至本月止累計實現數_2;應收收入數_3;分配數預算餘額_4;分支計畫編號;分支計畫名稱;用途別編號;用途別名稱;第一預備金;第二預備金;經費流用數;預算調整數;應付數;已分配尚未執行數;備註_預暫付數;基金別;會計分類;使用機關別;科目分類;會計科目編號;會計科目名稱;金額;科目名稱;取得成本;以前年度累計折舊_長期投資評價;本年度資本資產成本變動_增加數;本年度資本資產成本變動_減少數;本年度累計折舊_長期投資評價變動數;期末帳面金額;備註;業務計畫或工作計畫;經資門;執行數;項目;收入實現數;減項_收入待納庫數;加項_以前年度待納庫繳庫數;加項_以前年度撥款於本年度繳還數_材料;加項_以前年度撥款於本年度繳還數_存出保證金;加項_以前年度撥款於本年度繳還數_其他應收款;加項_預收款;加項_剔除經費;繳付公庫數;一級用途別編號;一級用途別名稱;支出實現數;加項_預付款;加項_材料;加項_存出保證金;加項_零用金;加項_退還收入預收款;加項_其他應收款;減項_以前年度撥款於本年度實現數;公庫撥入數;公庫分配數餘額;金額_本月數;金額_累計數,公務人員保障暨培訓委員會
公務人員保障暨培訓委員會107年11月會計月報,96126,歲入累計表、經費累計表、平衡表、資本資產及其變動表、歲出用途別科目累計表、收入實現數與繳付公庫數分析表、支出實現數與公庫撥入數分析表、收入支出彙計表,會計年度;月份;款;項;目;節;預算年度;預算科目編號;預算科目名稱;細目編號;細目名稱;原預算數;追加減數;截至本月止累計分配數_1;本月實現數;截至本月止累計實現數_2;應收收入數_3;分配數預算餘額_4;分支計畫編號;分支計畫名稱;用途別編號;用途別名稱;第一預備金;第二預備金;經費流用數;預算調整數;應付數;已分配尚未執行數;備註_預暫付數;基金別;會計分類;使用機關別;科目分類;會計科目編號;會計科目名稱;金額;科目名稱;取得成本;以前年度累計折舊_長期投資評價;本年度資本資產成本變動_增加數;本年度資本資產成本變動_減少數;本年度累計折舊_長期投資評價變動數;期末帳面金額;備註;業務計畫或工作計畫;經資門;執行數;項目;收入實現數;減項_收入待納庫數;加項_以前年度待納庫繳庫數;加項_以前年度撥款於本年度繳還數_材料;加項_以前年度撥款於本年度繳還數_存出保證金;加項_以前年度撥款於本年度繳還數_其他應收款;加項_預收款;加項_剔除經費;繳付公庫數;一級用途別編號;一級用途別名稱;支出實現數;加項_預付款;加項_材料;加項_存出保證金;加項_零用金;加項_退還收入預收款;加項_其他應收款;減項_以前年度撥款於本年度實現數;公庫撥入數;公庫分配數餘額;金額_本月數;金額_累計數,公務人員保障暨培訓委員會
銓敘部108年度對國內團體補助,97434,銓敘部對國內團體補助,,銓敘部
銓敘部108年會計報告,97437,會計報告-歲入累計表、經費累計表、以前年度歲入轉入數累計表、以前年度歲出轉入數累計表、平衡表、資本資產表、資本資產變動表、歲出用途別累計表、收入實現數與繳付公庫數分析表、支出實現數與公庫撥入數分析表、收入支出彙計表,會計年度;月份;款;項;目;節;預算年度;預算科目編號;預算科目名稱;細目編號;細目名稱;原預算數;追加減數;截至本月止累計分配數_1;本月實現數;截至本月止累計實現數_2;應收收入數_3;分配數預算餘額_4;分支計畫編號;分支計畫名稱;用途別編號;用途別名稱;第一預備金;第二預備金;經費流用數;預算調整數;應付數;已分配尚未執行數;備註_預暫付數;以前年度轉入數;應收數;保留數;減免;截至本月止累計實現數;調整數;尚未執行數;基金別;會計分類;使用機關別;科目分類;會計科目編號;會計科目名稱;金額;科目名稱;取得成本;以前年度累計折舊_長期投資評價;本年度資本資產成本變動_增加數;本年度資本資產成本變動_減少數;本年度累計折舊_長期投資評價變動數;期末帳面金額;備註;業務計畫或工作計畫;經資門;執行數;項目;收入實現數;減項_收入待納庫數;加項_以前年度待納庫繳庫數;加項_以前年度撥款於本年度繳還數_材料;加項_以前年度撥款於本年度繳還數_存出保證金;加項_以前年度撥款於本年度繳還數_其他應收款;加項_預收款;加項_剔除經費;繳付公庫數;一級用途別編號;一級用途別名稱;支出實現數;加項_預付款;加項_材料;加項_存出保證金;加項_零用金;加項_退還收入預收款;加項_其他應收款;減項_以前年度撥款於本年度實現數;公庫撥入數;公庫分配數餘額;金額_本月數;金額_累計數,銓敘部
公務人員保障暨培訓委員會107年12月會計月報,98346,歲入累計表、經費累計表、平衡表、資本資產及其變動表、歲出用途別科目累計表、收入實現數與繳付公庫數分析表、支出實現數與公庫撥入數分析表、收入支出彙計表,會計年度;月份;款;項;目;節;預算年度;預算科目編號;預算科目名稱;細目編號;細目名稱;原預算數;追加減數;截至本月止累計分配數_1;本月實現數;截至本月止累計實現數_2;應收收入數_3;分配數預算餘額_4;分支計畫編號;分支計畫名稱;用途別編號;用途別名稱;第一預備金;第二預備金;經費流用數;預算調整數;應付數;已分配尚未執行數;備註_預暫付數;基金別;會計分類;使用機關別;科目分類;會計科目編號;會計科目名稱;金額;科目名稱;取得成本;以前年度累計折舊_長期投資評價;本年度資本資產成本變動_增加數;本年度資本資產成本變動_減少數;本年度累計折舊_長期投資評價變動數;期末帳面金額;備註;業務計畫或工作計畫;經資門;執行數;項目;收入實現數;減項_收入待納庫數;加項_以前年度待納庫繳庫數;加項_以前年度撥款於本年度繳還數_材料;加項_以前年度撥款於本年度繳還數_存出保證金;加項_以前年度撥款於本年度繳還數_其他應收款;加項_預收款;加項_剔除經費;繳付公庫數;一級用途別編號;一級用途別名稱;支出實現數;加項_預付款;加項_材料;加項_存出保證金;加項_零用金;加項_退還收入預收款;加項_其他應收款;減項_以前年度撥款於本年度實現數;公庫撥入數;公庫分配數餘額;金額_本月數;金額_累計數,公務人員保障暨培訓委員會
考選部108年度單位預算會計月報,98867,考選部108年度單位預算會計月報,會計年度;月份;款;項;目;節;預算年度;預算科目編號;預算科目名稱;細目編號;細目名稱;原預算數;追加減數;截至本月止累計分配數_1;本月實現數;截至本月止累計實現數_2;應收收入數_3;分配數預算餘額_4;分支計畫編號;分支計畫名稱;用途別編號;用途別名稱;第一預備金;第二預備金;經費流用數;預算調整數;應付數;已分配尚未執行數;備註_預暫付數;以前年度轉入數;應收數;保留數;減免;截至本月止累計實現數;調整數;尚未執行數;基金別;會計分類;使用機關別;科目分類;會計科目編號;會計科目名稱;金額;科目名稱;取得成本;以前年度累計折舊_長期投資評價;本年度資本資產成本變動_增加數;本年度資本資產成本變動_減少數;本年度累計折舊_長期投資評價變動數;期末帳面金額;備註;業務計畫或工作計畫;經資門;執行數;項目;收入實現數;減項_收入待納庫數;加項_以前年度待納庫繳庫數;加項_以前年度撥款於本年度繳還數_材料;加項_以前年度撥款於本年度繳還數_存出保證金;加項_以前年度撥款於本年度繳還數_其他應收款;加項_預收款;加項_剔除經費;繳付公庫數;一級用途別編號;一級用途別名稱;支出實現數;加項_預付款;加項_材料;加項_存出保證金;加項_零用金;加項_退還收入預收款;加項_其他應收款;減項_以前年度撥款於本年度實現數;公庫撥入數;公庫分配數餘額;金額_本月數;金額_累計數,考選部
公務人員保障暨培訓委員會108年1月會計月報,98891,歲入累計表、經費累計表、以前年度歲出轉入數累計表、平衡表、資本資產及其變動表、歲出用途別科目累計表、收入實現數與繳付公庫數分析表、支出實現數與公庫撥入數分析表、收入支出彙計表,會計年度;月份;款;項;目;節;預算年度;預算科目編號;預算科目名稱;細目編號;細目名稱;原預算數;追加減數;截至本月止累計分配數_1;本月實現數;截至本月止累計實現數_2;應收收入數_3;分配數預算餘額_4;分支計畫編號;分支計畫名稱;用途別編號;用途別名稱;第一預備金;第二預備金;經費流用數;預算調整數;應付數;已分配尚未執行數;備註_預暫付數;以前年度轉入數;保留數;減免;截至本月止累計實現數;調整數;尚未執行數;基金別;會計分類;使用機關別;科目分類;會計科目編號;會計科目名稱;金額;科目名稱;取得成本;以前年度累計折舊_長期投資評價;本年度資本資產成本變動_增加數;本年度資本資產成本變動_減少數;本年度累計折舊_長期投資評價變動數;期末帳面金額;備註;業務計畫或工作計畫;經資門;執行數;項目;收入實現數;減項_收入待納庫數;加項_以前年度待納庫繳庫數;加項_以前年度撥款於本年度繳還數_材料;加項_以前年度撥款於本年度繳還數_存出保證金;加項_以前年度撥款於本年度繳還數_其他應收款;加項_預收款;加項_剔除經費;繳付公庫數;一級用途別編號;一級用途別名稱;支出實現數;加項_預付款;加項_材料;加項_存出保證金;加項_零用金;加項_退還收入預收款;加項_其他應收款;減項_以前年度撥款於本年度實現數;公庫撥入數;公庫分配數餘額;金額_本月數;金額_累計數,公務人員保障暨培訓委員會
公務人員退休撫卹基金管理委員會108年度會計月報,98926,公務人員退休撫卹基金管理委員會108年度會計月報,會計年度;月份;款;項;目;節;預算年度;預算科目編號;預算科目名稱;細目編號;細目名稱;原預算數;追加減數;截至本月止累計分配數_1;本月實現數;截至本月止累計實現數_2;應收收入數_3;分配數預算餘額_4;分支計畫編號;分支計畫名稱;用途別編號;用途別名稱;第一預備金;第二預備金;經費流用數;預算調整數;應付數;已分配尚未執行數;備註_預暫付數;以前年度轉入數;保留數;減免;截至本月止累計實現數;調整數;尚未執行數;基金別;會計分類;使用機關別;科目分類;會計科目編號;會計科目名稱;金額;科目名稱;取得成本;以前年度累計折舊_長期投資評價;本年度資本資產成本變動_增加數;本年度資本資產成本變動_減少數;本年度累計折舊_長期投資評價變動數;期末帳面金額;備註;業務計畫或工作計畫;經資門;執行數;項目;收入實現數;減項_收入待納庫數;加項_以前年度待納庫繳庫數;加項_以前年度撥款於本年度繳還數_材料;加項_以前年度撥款於本年度繳還數_存出保證金;加項_以前年度撥款於本年度繳還數_其他應收款;加項_預收款;加項_剔除經費;繳付公庫數;一級用途別編號;一級用途別名稱;支出實現數;加項_預付款;加項_材料;加項_存出保證金;加項_零用金;加項_退還收入預收款;加項_其他應收款;減項_以前年度撥款於本年度實現數;公庫撥入數;公庫分配數餘額;金額_本月數;金額_累計數,公務人員退休撫卹基金管理委員會
考試院108年度會計月報,99019,歲入(經費)累計表、以前年度歲入(出)轉入數累計表、平衡表、資本資產表及其變動表、歲出用途別累計表、收入實現數與繳付公庫數分析表、支出實現數與公庫撥入數分析表、收入支出彙計表,會計年度;月份;款;項;目;節;預算年度;預算科目編號;預算科目名稱;細目編號;細目名稱;原預算數;追加減數;截至本月止累計分配數_1;本月實現數;截至本月止累計實現數_2;應收收入數_3;分配數預算餘額_4;分支計畫編號;分支計畫名稱;用途別編號;用途別名稱;第一預備金;第二預備金;經費流用數;預算調整數;應付數;已分配尚未執行數;備註_預暫付數;以前年度轉入數;保留數;減免;截至本月止累計實現數;調整數;尚未執行數;基金別;會計分類;使用機關別;科目分類;會計科目編號;會計科目名稱;金額;科目名稱;取得成本;以前年度累計折舊_長期投資評價;本年度資本資產成本變動_增加數;本年度資本資產成本變動_減少數;本年度累計折舊_長期投資評價變動數;期末帳面金額;備註;業務計畫或工作計畫;經資門;執行數;項目;收入實現數;減項_收入待納庫數;加項_以前年度待納庫繳庫數;加項_以前年度撥款於本年度繳還數_材料;加項_以前年度撥款於本年度繳還數_存出保證金;加項_以前年度撥款於本年度繳還數_其他應收款;加項_預收款;加項_剔除經費;繳付公庫數;一級用途別編號;一級用途別名稱;支出實現數;加項_預付款;加項_材料;加項_存出保證金;加項_零用金;加項_退還收入預收款;加項_其他應收款;減項_以前年度撥款於本年度實現數;公庫撥入數;公庫分配數餘額;金額_本月數;金額_累計數,考試院
銓敘部108單位預算,99137,銓敘部108單位預算,,銓敘部
公務人員退休撫卹基金監理委員會107年度會計月報,99201,公務人員退休撫卹基金監理委員會107年度會計月報,,公務人員退休撫卹基金監理委員會
公務人員退休撫卹基金監理委員會108年度會計月報,99427,公務人員退休撫卹基金監理委員會108年度會計月報,,公務人員退休撫卹基金監理委員會
公務人員退休撫卹基金管理委員會108年度法定預算書表,99500,公務人員退休撫卹基金管理委員會108年度單位預算書,,公務人員退休撫卹基金管理委員會
公務人員保障暨培訓委員會108年2月會計月報,99735,歲入累計表、經費累計表、平衡表、以前年度歲出轉入數累計表、資本資產及其變動表、歲出用途別科目累計表、收入實現數與繳付公庫數分析表、支出實現數與公庫撥入數分析表、收入支出彙計表,會計年度;月份;款;項;目;節;預算年度;預算科目編號;預算科目名稱;細目編號;細目名稱;原預算數;追加減數;截至本月止累計分配數_1;本月實現數;截至本月止累計實現數_2;應收收入數_3;分配數預算餘額_4;分支計畫編號;分支計畫名稱;用途別編號;用途別名稱;第一預備金;第二預備金;經費流用數;預算調整數;應付數;已分配尚未執行數;備註_預暫付數;以前年度轉入數;保留數;減免;截至本月止累計實現數;調整數;尚未執行數;基金別;會計分類;使用機關別;科目分類;會計科目編號;會計科目名稱;金額;科目名稱;取得成本;以前年度累計折舊_長期投資評價;本年度資本資產成本變動_增加數;本年度資本資產成本變動_減少數;本年度累計折舊_長期投資評價變動數;期末帳面金額;備註;業務計畫或工作計畫;經資門;執行數;項目;收入實現數;減項_收入待納庫數;加項_以前年度待納庫繳庫數;加項_以前年度撥款於本年度繳還數_材料;加項_以前年度撥款於本年度繳還數_存出保證金;加項_以前年度撥款於本年度繳還數_其他應收款;加項_預收款;加項_剔除經費;繳付公庫數;一級用途別編號;一級用途別名稱;支出實現數;加項_預付款;加項_材料;加項_存出保證金;加項_零用金;加項_退還收入預收款;加項_其他應收款;減項_以前年度撥款於本年度實現數;公庫撥入數;公庫分配數餘額;金額_本月數;金額_累計數,公務人員保障暨培訓委員會
公務人員保障暨培訓委員會108年度法定預算,99743,歲入來源別預算表、歲出機關別預算表、歲入項目說明提要表、歲出計畫提要及分支計畫概況表、各項費用彙計表、歲出一級用途別科目分析表、資本支出分析表、人事費分析表、預算員額明細表、公務車輛明細表、現有辦公房舍明細表、捐助經費分析表、派員出國計畫預算總表、派員出國計畫類別表-考察、視察、訪問、派員出國計畫類別表-開會、談判、歲出按職能及經濟性綜合分類表、委辦經費分析表,,公務人員保障暨培訓委員會
銓敘部107年度單位決算,100531,銓敘部107年度單位決算主要表,,銓敘部
考選部考選業務基金108年度會計月報,100630,考選部考選業務基金108年度會計月報,SEQNO;LEVEL;BOLD;項目;本年度法定預算數;本月份實際數;本月份預算數;本月份比較增減;本月份比較增減-百分比;本年度截至本月份累計實際數;本年度截至本月份累計預算數;本年度截至本月份累計比較增減;本年度截至本月份累計比較增減-百分比;金額;百分比;以前年度保留數;本年度奉准先行辦理數;調整數;本年度可用預算數;累計預算分配數;實際執行數-實支數;實際執行數-應付未付數;實際執行數;實際執行數-百分比;比較增減;比較增減-百分比;契約責任數;結餘款;累計工程進度-預估;累計工程進度-實際,考選部
考選業務基金106年度法定預算,100632,考選業務基金106年度法定預算,,考選部
考選業務基金107年度法定預算,100634,考選業務基金107年度法定預算,,考選部
考選業務基金108年度預算案,100636,考選業務基金108年度預算案,,考選部
考選業務基金107年度決算,100638,考選業務基金107年度決算,,考選部
公務人員保障暨培訓委員會107年度單位決算,100737,歲入來源別決算表、歲出政事別決算表、歲出機關別決算表、平衡表、資本資產表,會計年度;款;項;目;節;預算科目編號;預算科目名稱;細目編號;細目名稱;預算數_原預算數;預算數_預算增減數;預算數_合計1;決算數_實現數;決算數_應收數;決算數_保留數;決算數_合計2;預決算比較增減數;決算數占預算數之比率;分計畫編號;分計畫名稱;用途別編號;用途別名稱;原預算數;預算追加減數;動支第一預備金數;動支第二預備金數;經費流用數;預算調整數;預算增減數小計;預算數合計1;實現數;應付數;保留數;決算數合計2;月份;基金別;會計分類;使用機關別;科目分類;會計科目編號;會計科目名稱;本年度金額;上年度金額,公務人員保障暨培訓委員會
公務人員保障暨培訓委員會108年3月會計月報,100740,歲入累計表、經費累計表、平衡表、以前年度歲出轉入數累計表、資本資產及其變動表、歲出用途別科目累計表、收入實現數與繳付公庫數分析表、支出實現數與公庫撥入數分析表、收入支出彙計表,會計年度;月份;款;項;目;節;預算年度;預算科目編號;預算科目名稱;細目編號;細目名稱;原預算數;追加減數;截至本月止累計分配數_1;本月實現數;截至本月止累計實現數_2;應收收入數_3;分配數預算餘額_4;分支計畫編號;分支計畫名稱;用途別編號;用途別名稱;第一預備金;第二預備金;經費流用數;預算調整數;應付數;已分配尚未執行數;備註_預暫付數;以前年度轉入數;保留數;減免;截至本月止累計實現數;調整數;尚未執行數;基金別;會計分類;使用機關別;科目分類;會計科目編號;會計科目名稱;金額;科目名稱;取得成本;以前年度累計折舊_長期投資評價;本年度資本資產成本變動_增加數;本年度資本資產成本變動_減少數;本年度累計折舊_長期投資評價變動數;期末帳面金額;備註;業務計畫或工作計畫;經資門;執行數;項目;收入實現數;減項_收入待納庫數;加項_以前年度待納庫繳庫數;加項_以前年度撥款於本年度繳還數_材料;加項_以前年度撥款於本年度繳還數_存出保證金;加項_以前年度撥款於本年度繳還數_其他應收款;加項_預收款;加項_剔除經費;繳付公庫數;一級用途別編號;一級用途別名稱;支出實現數;加項_預付款;加項_材料;加項_存出保證金;加項_零用金;加項_退還收入預收款;加項_其他應收款;減項_以前年度撥款於本年度實現數;公庫撥入數;公庫分配數餘額;金額_本月數;金額_累計數,公務人員保障暨培訓委員會
公務人員退休撫卹基金管理委員會107年單位決算書,101248,公務人員退休撫卹基金管理委員會107年單位決算書,會計年度;款;項;目;節;預算科目編號;預算科目名稱;細目編號;細目名稱;預算數_原預算數;預算數_預算增減數;預算數_合計1;決算數_實現數;決算數_應收數;決算數_保留數;決算數_合計2;預決算比較增減數;決算數占預算數之比率;分計畫編號;分計畫名稱;用途別編號;用途別名稱;原預算數;預算追加減數;動支第一預備金數;動支第二預備金數;經費流用數;預算調整數;預算增減數小計;預算數合計1;實現數;應付數;保留數;決算數合計2;預算年度;以前年度轉入數_應付數;以前年度轉入數_保留數;本年度減免註銷數_應付數;本年度減免註銷數_保留數;本年度實現數_應付數;本年度實現數_保留數;本年度調整數_應付數;本年度調整數_保留數;本年度未結清數_應付數;本年度未結清數_保留數;月份;基金別;會計分類;使用機關別;科目分類;會計科目編號;會計科目名稱;本年度金額;上年度金額;url_link,公務人員退休撫卹基金管理委員會
公務人員保障暨培訓委員會108年4月會計月報,102117,歲入累計表、經費累計表、平衡表、以前年度歲出轉入數累計表、資本資產及其變動表、歲出用途別科目累計表、收入實現數與繳付公庫數分析表、支出實現數與公庫撥入數分析表、收入支出彙計表,會計年度;月份;款;項;目;節;預算年度;預算科目編號;預算科目名稱;細目編號;細目名稱;原預算數;追加減數;截至本月止累計分配數_1;本月實現數;截至本月止累計實現數_2;應收收入數_3;分配數預算餘額_4;分支計畫編號;分支計畫名稱;用途別編號;用途別名稱;第一預備金;第二預備金;經費流用數;預算調整數;應付數;已分配尚未執行數;備註_預暫付數;以前年度轉入數;保留數;減免;截至本月止累計實現數;調整數;尚未執行數;基金別;會計分類;使用機關別;科目分類;會計科目編號;會計科目名稱;金額;科目名稱;取得成本;以前年度累計折舊_長期投資評價;本年度資本資產成本變動_增加數;本年度資本資產成本變動_減少數;本年度累計折舊_長期投資評價變動數;期末帳面金額;備註;業務計畫或工作計畫;經資門;執行數;項目;收入實現數;減項_收入待納庫數;加項_以前年度待納庫繳庫數;加項_以前年度撥款於本年度繳還數_材料;加項_以前年度撥款於本年度繳還數_存出保證金;加項_以前年度撥款於本年度繳還數_其他應收款;加項_預收款;加項_剔除經費;繳付公庫數;一級用途別編號;一級用途別名稱;支出實現數;加項_預付款;加項_材料;加項_存出保證金;加項_零用金;加項_退還收入預收款;加項_其他應收款;減項_以前年度撥款於本年度實現數;公庫撥入數;公庫分配數餘額;金額_本月數;金額_累計數,公務人員保障暨培訓委員會
國家文官學院及所屬107年度單位決算,102357,歲入來源別決算表、歲出政事別決算表、歲出機關別決算表、平衡表、資本資產表,會計年度;款;項;目;節;預算科目編號;預算科目名稱;細目編號;細目名稱;預算數_原預算數;預算數_預算增減數;預算數_合計1;決算數_實現數;決算數_應收數;決算數_保留數;決算數_合計2;預決算比較增減數;決算數占預算數之比率;分計畫編號;分計畫名稱;用途別編號;用途別名稱;原預算數;預算追加減數;動支第一預備金數;動支第二預備金數;經費流用數;預算調整數;預算增減數小計;預算數合計1;實現數;應付數;保留數;決算數合計2;月份;基金別;會計分類;使用機關別;科目分類;會計科目編號;會計科目名稱;本年度金額;上年度金額,國家文官學院
公務人員保障暨培訓委員會108年5月會計月報,103276,歲入累計表、經費累計表、平衡表、以前年度歲出轉入數累計表、資本資產及其變動表、歲出用途別科目累計表、收入實現數與繳付公庫數分析表、支出實現數與公庫撥入數分析表、收入支出彙計表,會計年度;月份;款;項;目;節;預算年度;預算科目編號;預算科目名稱;細目編號;細目名稱;原預算數;追加減數;截至本月止累計分配數_1;本月實現數;截至本月止累計實現數_2;應收收入數_3;分配數預算餘額_4;分支計畫編號;分支計畫名稱;用途別編號;用途別名稱;第一預備金;第二預備金;經費流用數;預算調整數;應付數;已分配尚未執行數;備註_預暫付數;以前年度轉入數;保留數;減免;截至本月止累計實現數;調整數;尚未執行數;基金別;會計分類;使用機關別;科目分類;會計科目編號;會計科目名稱;金額;科目名稱;取得成本;以前年度累計折舊_長期投資評價;本年度資本資產成本變動_增加數;本年度資本資產成本變動_減少數;本年度累計折舊_長期投資評價變動數;期末帳面金額;備註;業務計畫或工作計畫;經資門;執行數;項目;收入實現數;減項_收入待納庫數;加項_以前年度待納庫繳庫數;加項_以前年度撥款於本年度繳還數_材料;加項_以前年度撥款於本年度繳還數_存出保證金;加項_以前年度撥款於本年度繳還數_其他應收款;加項_預收款;加項_剔除經費;繳付公庫數;一級用途別編號;一級用途別名稱;支出實現數;加項_預付款;加項_材料;加項_存出保證金;加項_零用金;加項_退還收入預收款;加項_其他應收款;減項_以前年度撥款於本年度實現數;公庫撥入數;公庫分配數餘額;金額_本月數;金額_累計數,公務人員保障暨培訓委員會
公務人員保障暨培訓委員會108年6月會計月報,104853,歲入累計表、經費累計表、平衡表、以前年度歲出轉入數累計表、資本資產及其變動表、歲出用途別科目累計表、收入實現數與繳付公庫數分析表、支出實現數與公庫撥入數分析表、收入支出彙計表,會計年度;月份;款;項;目;節;預算年度;預算科目編號;預算科目名稱;細目編號;細目名稱;原預算數;追加減數;截至本月止累計分配數_1;本月實現數;截至本月止累計實現數_2;應收收入數_3;分配數預算餘額_4;分支計畫編號;分支計畫名稱;用途別編號;用途別名稱;第一預備金;第二預備金;經費流用數;預算調整數;應付數;已分配尚未執行數;備註_預暫付數;以前年度轉入數;保留數;減免;截至本月止累計實現數;調整數;尚未執行數;基金別;會計分類;使用機關別;科目分類;會計科目編號;會計科目名稱;金額;科目名稱;取得成本;以前年度累計折舊_長期投資評價;本年度資本資產成本變動_增加數;本年度資本資產成本變動_減少數;本年度累計折舊_長期投資評價變動數;期末帳面金額;備註;業務計畫或工作計畫;經資門;執行數;項目;收入實現數;減項_收入待納庫數;加項_以前年度待納庫繳庫數;加項_以前年度撥款於本年度繳還數_材料;加項_以前年度撥款於本年度繳還數_存出保證金;加項_以前年度撥款於本年度繳還數_其他應收款;加項_預收款;加項_剔除經費;繳付公庫數;一級用途別編號;一級用途別名稱;支出實現數;加項_預付款;加項_材料;加項_存出保證金;加項_零用金;加項_退還收入預收款;加項_其他應收款;減項_以前年度撥款於本年度實現數;公庫撥入數;公庫分配數餘額;金額_本月數;金額_累計數,公務人員保障暨培訓委員會
公務人員保障暨培訓委員會108年7月會計月報,106744,歲入累計表、經費累計表、平衡表、以前年度歲出轉入數累計表、資本資產及其變動表、歲出用途別科目累計表、收入實現數與繳付公庫數分析表、支出實現數與公庫撥入數分析表、收入支出彙計表,會計年度;月份;款;項;目;節;預算年度;預算科目編號;預算科目名稱;細目編號;細目名稱;原預算數;追加減數;截至本月止累計分配數_1;本月實現數;截至本月止累計實現數_2;應收收入數_3;分配數預算餘額_4;分支計畫編號;分支計畫名稱;用途別編號;用途別名稱;第一預備金;第二預備金;經費流用數;預算調整數;應付數;已分配尚未執行數;備註_預暫付數;以前年度轉入數;保留數;減免;截至本月止累計實現數;調整數;尚未執行數;基金別;會計分類;使用機關別;科目分類;會計科目編號;會計科目名稱;金額;科目名稱;取得成本;以前年度累計折舊_長期投資評價;本年度資本資產成本變動_增加數;本年度資本資產成本變動_減少數;本年度累計折舊_長期投資評價變動數;期末帳面金額;備註;業務計畫或工作計畫;經資門;執行數;項目;收入實現數;減項_收入待納庫數;加項_以前年度待納庫繳庫數;加項_以前年度撥款於本年度繳還數_材料;加項_以前年度撥款於本年度繳還數_存出保證金;加項_以前年度撥款於本年度繳還數_其他應收款;加項_預收款;加項_剔除經費;繳付公庫數;一級用途別編號;一級用途別名稱;支出實現數;加項_預付款;加項_材料;加項_存出保證金;加項_零用金;加項_退還收入預收款;加項_其他應收款;減項_以前年度撥款於本年度實現數;公庫撥入數;公庫分配數餘額;金額_本月數;金額_累計數,公務人員保障暨培訓委員會
銓敘部109年度單位預算案,107334,銓敘部109年度單位預算案,,銓敘部
公務人員保障暨培訓委員會109年度預算案,107403,歲入來源別預算表、歲出機關別預算表、歲入項目說明提要表、歲出計畫提要及分支計畫概況表、各項費用彙計表、歲出一級用途別科目分析表、資本支出分析表、人事費分析表、預算員額明細表、公務車輛明細表、現有辦公房舍明細表、捐助經費分析表、派員出國計畫預算總表、派員出國計畫類別表-考察、視察、訪問、派員出國計畫類別表-開會、談判、歲出按職能及經濟性綜合分類表、委辦經費分析表,,公務人員保障暨培訓委員會
公務人員退休撫卹基金管理委員會109年度單位預算案,107435,公務人員退休撫卹基金管理委員會108年度單位預算案,,公務人員退休撫卹基金管理委員會
公務人員保障暨培訓委員會108年8月會計月報,107788,歲入累計表、經費累計表、平衡表、以前年度歲出轉入數累計表、資本資產及其變動表、歲出用途別科目累計表、收入實現數與繳付公庫數分析表、支出實現數與公庫撥入數分析表、收入支出彙計表,會計年度;月份;款;項;目;節;預算年度;預算科目編號;預算科目名稱;細目編號;細目名稱;原預算數;追加減數;截至本月止累計分配數_1;本月實現數;截至本月止累計實現數_2;應收收入數_3;分配數預算餘額_4;分支計畫編號;分支計畫名稱;用途別編號;用途別名稱;第一預備金;第二預備金;經費流用數;預算調整數;應付數;已分配尚未執行數;備註_預暫付數;以前年度轉入數;保留數;減免;截至本月止累計實現數;調整數;尚未執行數;基金別;會計分類;使用機關別;科目分類;會計科目編號;會計科目名稱;金額;科目名稱;取得成本;以前年度累計折舊_長期投資評價;本年度資本資產成本變動_增加數;本年度資本資產成本變動_減少數;本年度累計折舊_長期投資評價變動數;期末帳面金額;備註;業務計畫或工作計畫;經資門;執行數;項目;收入實現數;減項_收入待納庫數;加項_以前年度待納庫繳庫數;加項_以前年度撥款於本年度繳還數_材料;加項_以前年度撥款於本年度繳還數_存出保證金;加項_以前年度撥款於本年度繳還數_其他應收款;加項_預收款;加項_剔除經費;繳付公庫數;一級用途別編號;一級用途別名稱;支出實現數;加項_預付款;加項_材料;加項_存出保證金;加項_零用金;加項_退還收入預收款;加項_其他應收款;減項_以前年度撥款於本年度實現數;公庫撥入數;公庫分配數餘額;金額_本月數;金額_累計數,公務人員保障暨培訓委員會
國家文官學院及所屬108年度會計月報,108504,歲入(經費)累計表、平衡表、資本資產表及其變動表、歲出用途別累計表、收入實現數與繳付公庫數分析表、支出實現數與公庫撥入數分析表、收入支出彙計表,會計年度;月份;款;項;目;節;預算年度;預算科目編號;預算科目名稱;細目編號;細目名稱;原預算數;追加減數;截至本月止累計分配數_1;本月實現數;截至本月止累計實現數_2;應收收入數_3;分配數預算餘額_4;分支計畫編號;分支計畫名稱;用途別編號;用途別名稱;第一預備金;第二預備金;經費流用數;預算調整數;應付數;已分配尚未執行數;備註_預暫付數;基金別;會計分類;使用機關別;科目分類;會計科目編號;會計科目名稱;金額;科目名稱;取得成本;以前年度累計折舊_長期投資評價;本年度資本資產成本變動_增加數;本年度資本資產成本變動_減少數;本年度累計折舊_長期投資評價變動數;期末帳面金額;備註;業務計畫或工作計畫;經資門;執行數;項目;收入實現數;減項_收入待納庫數;加項_以前年度待納庫繳庫數;加項_以前年度撥款於本年度繳還數_材料;加項_以前年度撥款於本年度繳還數_存出保證金;加項_以前年度撥款於本年度繳還數_其他應收款;加項_預收款;加項_剔除經費;繳付公庫數;一級用途別編號;一級用途別名稱;支出實現數;加項_預付款;加項_材料;加項_存出保證金;加項_零用金;加項_退還收入預收款;加項_其他應收款;減項_以前年度撥款於本年度實現數;公庫撥入數;公庫分配數餘額;金額_本月數;金額_累計數,國家文官學院
國家文官學院及所屬105年度會計月報,108509,歲入(經費)累計表、平衡表、資本資產表及其變動表、歲出用途別累計表、收入實現數與繳付公庫數分析表、支出實現數與公庫撥入數分析表、收入支出彙計表,會計年度;月份;款;項;目;節;預算年度;預算科目編號;預算科目名稱;分支計畫編號;分支計畫名稱;用途別編號;用途別名稱;原預算數;追加減數;第一預備金;第二預備金;經費流用數;預算調整數;截至本月止分配預算數_1;本月實現數;截至本月止累計實現數_2;應付數;已分配尚未執行數;備註_預暫付數;細目編號;細目名稱;應收收入數_3;分配數預算餘額_4,國家文官學院
國家文官學院及所屬106年度會計月報,108531,歲入(經費)累計表、平衡表、資本資產表及其變動表、歲出用途別累計表、收入實現數與繳付公庫數分析表、支出實現數與公庫撥入數分析表、收入支出彙計表,,國家文官學院
國家文官學院及所屬107年度會計月報,108532,歲入(經費)累計表、平衡表、資本資產表及其變動表、歲出用途別累計表、收入實現數與繳付公庫數分析表、支出實現數與公庫撥入數分析表、收入支出彙計表,會計年度;月份;款;項;目;節;預算年度;預算科目編號;預算科目名稱;細目編號;細目名稱;原預算數;追加減數;截至本月止累計分配數_1;本月實現數;截至本月止累計實現數_2;應收收入數_3;分配數預算餘額_4;分支計畫編號;分支計畫名稱;用途別編號;用途別名稱;第一預備金;第二預備金;經費流用數;預算調整數;應付數;已分配尚未執行數;備註_預暫付數;基金別;會計分類;使用機關別;科目分類;會計科目編號;會計科目名稱;金額;科目名稱;取得成本;以前年度累計折舊_長期投資評價;本年度資本資產成本變動_增加數;本年度資本資產成本變動_減少數;本年度累計折舊_長期投資評價變動數;期末帳面金額;備註;業務計畫或工作計畫;經資門;執行數;項目;收入實現數;減項_收入待納庫數;加項_以前年度待納庫繳庫數;加項_以前年度撥款於本年度繳還數_材料;加項_以前年度撥款於本年度繳還數_存出保證金;加項_以前年度撥款於本年度繳還數_其他應收款;加項_預收款;加項_剔除經費;繳付公庫數;一級用途別編號;一級用途別名稱;支出實現數;加項_預付款;加項_材料;加項_存出保證金;加項_零用金;加項_退還收入預收款;加項_其他應收款;減項_以前年度撥款於本年度實現數;公庫撥入數;公庫分配數餘額;金額_本月數;金額_累計數,國家文官學院
公務人員保障暨培訓委員會108年9月會計月報,108785,歲入累計表、經費累計表、平衡表、以前年度歲出轉入數累計表、資本資產及其變動表、歲出用途別科目累計表、收入實現數與繳付公庫數分析表、支出實現數與公庫撥入數分析表、收入支出彙計表,會計年度;月份;款;項;目;節;預算年度;預算科目編號;預算科目名稱;細目編號;細目名稱;原預算數;追加減數;截至本月止累計分配數_1;本月實現數;截至本月止累計實現數_2;應收收入數_3;分配數預算餘額_4;分支計畫編號;分支計畫名稱;用途別編號;用途別名稱;第一預備金;第二預備金;經費流用數;預算調整數;應付數;已分配尚未執行數;備註_預暫付數;以前年度轉入數;保留數;減免;截至本月止累計實現數;調整數;尚未執行數;基金別;會計分類;使用機關別;科目分類;會計科目編號;會計科目名稱;金額;科目名稱;取得成本;以前年度累計折舊_長期投資評價;本年度資本資產成本變動_增加數;本年度資本資產成本變動_減少數;本年度累計折舊_長期投資評價變動數;期末帳面金額;備註;業務計畫或工作計畫;經資門;執行數;項目;收入實現數;減項_收入待納庫數;加項_以前年度待納庫繳庫數;加項_以前年度撥款於本年度繳還數_材料;加項_以前年度撥款於本年度繳還數_存出保證金;加項_以前年度撥款於本年度繳還數_其他應收款;加項_預收款;加項_剔除經費;繳付公庫數;一級用途別編號;一級用途別名稱;支出實現數;加項_預付款;加項_材料;加項_存出保證金;加項_零用金;加項_退還收入預收款;加項_其他應收款;減項_以前年度撥款於本年度實現數;公庫撥入數;公庫分配數餘額;金額_本月數;金額_累計數,公務人員保障暨培訓委員會
公務人員保障暨培訓委員會108年10月會計月報,111464,歲入累計表、經費累計表、平衡表、以前年度歲出轉入數累計表、資本資產及其變動表、歲出用途別科目累計表、收入實現數與繳付公庫數分析表、支出實現數與公庫撥入數分析表、收入支出彙計表,會計年度;月份;款;項;目;節;預算年度;預算科目編號;預算科目名稱;細目編號;細目名稱;原預算數;追加減數;截至本月止累計分配數_1;本月實現數;截至本月止累計實現數_2;應收收入數_3;分配數預算餘額_4;分支計畫編號;分支計畫名稱;用途別編號;用途別名稱;第一預備金;第二預備金;經費流用數;預算調整數;應付數;已分配尚未執行數;備註_預暫付數;以前年度轉入數;保留數;減免;截至本月止累計實現數;調整數;尚未執行數;基金別;會計分類;使用機關別;科目分類;會計科目編號;會計科目名稱;金額;科目名稱;取得成本;以前年度累計折舊_長期投資評價;本年度資本資產成本變動_增加數;本年度資本資產成本變動_減少數;本年度累計折舊_長期投資評價變動數;期末帳面金額;備註;業務計畫或工作計畫;經資門;執行數;項目;收入實現數;減項_收入待納庫數;加項_以前年度待納庫繳庫數;加項_以前年度撥款於本年度繳還數_材料;加項_以前年度撥款於本年度繳還數_存出保證金;加項_以前年度撥款於本年度繳還數_其他應收款;加項_預收款;加項_剔除經費;繳付公庫數;一級用途別編號;一級用途別名稱;支出實現數;加項_預付款;加項_材料;加項_存出保證金;加項_零用金;加項_退還收入預收款;加項_其他應收款;減項_以前年度撥款於本年度實現數;公庫撥入數;公庫分配數餘額;金額_本月數;金額_累計數,公務人員保障暨培訓委員會
公務人員保障暨培訓委員會108年11月會計月報,112914,歲入累計表、經費累計表、平衡表、以前年度歲出轉入數累計表、資本資產及其變動表、歲出用途別科目累計表、收入實現數與繳付公庫數分析表、支出實現數與公庫撥入數分析表、收入支出彙計表,會計年度;月份;款;項;目;節;預算年度;預算科目編號;預算科目名稱;細目編號;細目名稱;原預算數;追加減數;截至本月止累計分配數_1;本月實現數;截至本月止累計實現數_2;應收收入數_3;分配數預算餘額_4;分支計畫編號;分支計畫名稱;用途別編號;用途別名稱;第一預備金;第二預備金;經費流用數;預算調整數;應付數;已分配尚未執行數;備註_預暫付數;以前年度轉入數;保留數;減免;截至本月止累計實現數;調整數;尚未執行數;基金別;會計分類;使用機關別;科目分類;會計科目編號;會計科目名稱;金額;科目名稱;取得成本;以前年度累計折舊_長期投資評價;本年度資本資產成本變動_增加數;本年度資本資產成本變動_減少數;本年度累計折舊_長期投資評價變動數;期末帳面金額;備註;業務計畫或工作計畫;經資門;執行數;項目;收入實現數;減項_收入待納庫數;加項_以前年度待納庫繳庫數;加項_以前年度撥款於本年度繳還數_材料;加項_以前年度撥款於本年度繳還數_存出保證金;加項_以前年度撥款於本年度繳還數_其他應收款;加項_預收款;加項_剔除經費;繳付公庫數;一級用途別編號;一級用途別名稱;支出實現數;加項_預付款;加項_材料;加項_存出保證金;加項_零用金;加項_退還收入預收款;加項_其他應收款;減項_以前年度撥款於本年度實現數;公庫撥入數;公庫分配數餘額;金額_本月數;金額_累計數,公務人員保障暨培訓委員會
銓敘部109年度對國內團體補助,115869,銓敘部對國內團體補助,,銓敘部
銓敘部109年會計報告,115870,歲入累計表、經費累計表、以前年度歲入轉入數累計表、以前年度歲出轉入數累計表、歲出用途別累計表、繳付公庫數分析表、公庫撥入數分析表、平衡表、收入支出表、長期投資、固定資產、遞耗資產及無形資產變動表、預算執行及會計收支對照表,會計年度;月份;款;項;目;節;預算年度;預算科目編號;預算科目名稱;細目編號;細目名稱;原預算數;追加減數;截至本月止累計分配數_1;本月實現數;截至本月止累計實現數_2;應收收入數_3;分配數預算餘額_4;分支計畫編號;分支計畫名稱;用途別編號;用途別名稱;第一預備金;第二預備金;經費流用數;預算調整數;應付數;已分配尚未執行數;備註_預暫付數;以前年度轉入數;應收數;保留數;減免;截至本月止累計實現數;調整數;尚未執行數;業務計畫或工作計畫;經資門;執行數;會計分類;項目;收入實現數;減項_收入待納庫數;加項_以前年度待納庫繳庫數;加項_以前年度撥款於本年度繳還數_材料;加項_以前年度撥款於本年度繳還數_存出保證金;加項_以前年度撥款於本年度繳還數_其他應收款;加項_預收款;加項_剔除經費;繳付公庫數;一級用途別編號;一級用途別名稱;支出實現數;加項_預付款;加項_材料;加項_存出保證金;加項_零用金;加項_退還收入預收款;加項_其他應收款;減項_以前年度撥款於本年度實現數;公庫撥入數;公庫分配數餘額;基金別;使用機關別;科目分類;會計科目編號;會計科目名稱;金額;金額_本月數;金額_累計數;科目名稱;取得成本;以前年度累計折舊_長期投資評價;本年度資本資產成本變動_增加數;本年度資本資產成本變動_減少數;本年度累計折舊_長期投資評價變動數;期末帳面金額;備註;預算項目;預算執行數;會計收支;會計科目,銓敘部
公務人員保障暨培訓委員會108年12月會計月報,116048,歲入累計表、經費累計表、平衡表、以前年度歲出轉入數累計表、資本資產及其變動表、歲出用途別科目累計表、收入實現數與繳付公庫數分析表、支出實現數與公庫撥入數分析表、收入支出彙計表,,公務人員保障暨培訓委員會
考試院109年度會計月報,117273,歲入(經費)累計表、歲出用途別累計表、繳付公庫數分析表、公庫撥入數分析表、平衡表、收入支出表、長期投資.固定資產.遞耗資產及無形資產變動表、預算執行與會計收支對照表,,考試院
公務人員保障暨培訓委員會109年1月會計月報,117325,歲入累計表、經費累計表、歲出用途別累計表、繳付公庫數分析表、公庫撥入數分析表、平衡表、收入支出表、長期投資、固定資產、遞耗資產及無形資產變動表,會計年度;月份;款;項;目;節;預算年度;預算科目編號;預算科目名稱;細目編號;細目名稱;原預算數;追加減數;截至本月止累計分配數_1;本月實現數;截至本月止累計實現數_2;應收收入數_3;分配數預算餘額_4;分支計畫編號;分支計畫名稱;用途別編號;用途別名稱;第一預備金;第二預備金;經費流用數;預算調整數;應付數;已分配尚未執行數;備註_預暫付數;基金別;會計分類;使用機關別;科目分類;會計科目編號;會計科目名稱;金額;科目名稱;取得成本;以前年度累計折舊_長期投資評價;本年度資本資產成本變動_增加數;本年度資本資產成本變動_減少數;本年度累計折舊_長期投資評價變動數;期末帳面金額;備註;業務計畫或工作計畫;經資門;執行數;項目;收入實現數;減項_收入待納庫數;加項_以前年度待納庫繳庫數;加項_以前年度撥款於本年度繳還數_材料;加項_以前年度撥款於本年度繳還數_存出保證金;加項_以前年度撥款於本年度繳還數_其他應收款;加項_預收款;加項_剔除經費;繳付公庫數;一級用途別編號;一級用途別名稱;支出實現數;加項_預付款;加項_材料;加項_存出保證金;加項_零用金;加項_退還收入預收款;加項_其他應收款;減項_以前年度撥款於本年度實現數;公庫撥入數;公庫分配數餘額;金額_本月數;金額_累計數,公務人員保障暨培訓委員會
國家文官學院及所屬109年度會計月報,117392,歲入累計表、經費累計表、歲出用途別累計表、繳付公庫數分析表、公庫撥入數分析表、平衡表、收入支出表、長期投資、固定資產、遞耗資產及無形資產變動表、預算執行與會計收支對照表,會計年度;月份;款;項;目;節;預算年度;預算科目編號;預算科目名稱;細目編號;細目名稱;原預算數;追加減數;截至本月止累計分配數_1;本月實現數;截至本月止累計實現數_2;應收收入數_3;分配數預算餘額_4;分支計畫編號;分支計畫名稱;用途別編號;用途別名稱;第一預備金;第二預備金;經費流用數;預算調整數;應付數;已分配尚未執行數;備註_預暫付數;業務計畫或工作計畫;經資門;執行數;會計分類;項目;收入實現數;減項_收入待納庫數;加項_以前年度待納庫繳庫數;加項_以前年度撥款於本年度繳還數_材料;加項_以前年度撥款於本年度繳還數_存出保證金;加項_以前年度撥款於本年度繳還數_其他應收款;加項_預收款;加項_剔除經費;繳付公庫數;一級用途別編號;一級用途別名稱;支出實現數;加項_預付款;加項_材料;加項_存出保證金;加項_零用金;加項_退還收入預收款;加項_其他應收款;減項_以前年度撥款於本年度實現數;公庫撥入數;公庫分配數餘額;基金別;使用機關別;科目分類;會計科目編號;會計科目名稱;金額;金額_本月數;金額_累計數;科目名稱;取得成本;以前年度累計折舊_長期投資評價;本年度資本資產成本變動_增加數;本年度資本資產成本變動_減少數;本年度累計折舊_長期投資評價變動數;期末帳面金額;備註;預算項目;預算執行數;調整數;會計收支;會計科目,國家文官學院
公務人員退休撫卹基金監理委員會109年度會計月報,117464,公務人員退休撫卹基金監理委員會109年度會計月報,,公務人員退休撫卹基金監理委員會
公務人員退休撫卹基金管理委員會109年度法定預算書表,117626,公務人員退休撫卹基金管理委員會109年度法定預算書表,,公務人員退休撫卹基金管理委員會
公務人員退休撫卹基金管理委員會109年度會計月報,117710,公務人員退休撫卹基金管理委員會109年度會計月報,會計年度;月份;款;項;目;節;預算年度;預算科目編號;預算科目名稱;細目編號;細目名稱;原預算數;追加減數;截至本月止累計分配數_1;本月實現數;截至本月止累計實現數_2;應收收入數_3;分配數預算餘額_4;分支計畫編號;分支計畫名稱;用途別編號;用途別名稱;第一預備金;第二預備金;經費流用數;預算調整數;應付數;已分配尚未執行數;備註_預暫付數;以前年度轉入數;保留數;減免;截至本月止累計實現數;調整數;尚未執行數;業務計畫或工作計畫;經資門;執行數;會計分類;項目;收入實現數;減項_收入待納庫數;加項_以前年度待納庫繳庫數;加項_以前年度撥款於本年度繳還數_材料;加項_以前年度撥款於本年度繳還數_存出保證金;加項_以前年度撥款於本年度繳還數_其他應收款;加項_預收款;加項_剔除經費;繳付公庫數;一級用途別編號;一級用途別名稱;支出實現數;加項_預付款;加項_材料;加項_存出保證金;加項_零用金;加項_退還收入預收款;加項_其他應收款;減項_以前年度撥款於本年度實現數;公庫撥入數;公庫分配數餘額;基金別;使用機關別;科目分類;會計科目編號;會計科目名稱;金額;金額_本月數;金額_累計數;科目名稱;取得成本;以前年度累計折舊_長期投資評價;本年度資本資產成本變動_增加數;本年度資本資產成本變動_減少數;本年度累計折舊_長期投資評價變動數;期末帳面金額;備註;預算項目;預算執行數;會計收支;會計科目,公務人員退休撫卹基金管理委員會
銓敘部109年度單位預算,118054,銓敘部109年度單位預算,,銓敘部
國家文官學院及所屬單位決算書,118180,歲入來源決算表、歲出政事別決算表、歲出機關別決算表、平衡表、資本資產表,會計年度;款;項;目;節;預算科目編號;預算科目名稱;細目編號;細目名稱;預算數_原預算數;預算數_預算增減數;預算數_合計1;決算數_實現數;決算數_應收數;決算數_保留數;決算數_合計2;預決算比較增減數;決算數占預算數之比率;分計畫編號;分計畫名稱;用途別編號;用途別名稱;原預算數;預算追加減數;動支第一預備金數;動支第二預備金數;經費流用數;預算調整數;預算增減數小計;預算數合計1;實現數;應付數;保留數;決算數合計2;月份;基金別;會計分類;使用機關別;科目分類;會計科目編號;會計科目名稱;本年度金額;上年度金額,國家文官學院
考選業務基金108年度決算,118226,考選業務基金108年度決算,,考選部
考選業務基金108年度法定預算,118232,考選業務基金108年度法定預算,,考選部
考選部考選業務基金109年度會計月報,118234,考選部考選業務基金109年度會計月報,,考選部
公務人員保障暨培訓委員會109年2月會計月報,118781,歲入累計表、經費累計表、歲出用途別累計表、繳付公庫數分析表、公庫撥入數分析表、平衡表、收入支出表、長期投資、固定資產、遞耗資產及無形資產變動表,會計年度;月份;款;項;目;節;預算年度;預算科目編號;預算科目名稱;細目編號;細目名稱;原預算數;追加減數;截至本月止累計分配數_1;本月實現數;截至本月止累計實現數_2;應收收入數_3;分配數預算餘額_4;分支計畫編號;分支計畫名稱;用途別編號;用途別名稱;第一預備金;第二預備金;經費流用數;預算調整數;應付數;已分配尚未執行數;備註_預暫付數;基金別;會計分類;使用機關別;科目分類;會計科目編號;會計科目名稱;金額;科目名稱;取得成本;以前年度累計折舊_長期投資評價;本年度資本資產成本變動_增加數;本年度資本資產成本變動_減少數;本年度累計折舊_長期投資評價變動數;期末帳面金額;備註;業務計畫或工作計畫;經資門;執行數;項目;收入實現數;減項_收入待納庫數;加項_以前年度待納庫繳庫數;加項_以前年度撥款於本年度繳還數_材料;加項_以前年度撥款於本年度繳還數_存出保證金;加項_以前年度撥款於本年度繳還數_其他應收款;加項_預收款;加項_剔除經費;繳付公庫數;一級用途別編號;一級用途別名稱;支出實現數;加項_預付款;加項_材料;加項_存出保證金;加項_零用金;加項_退還收入預收款;加項_其他應收款;減項_以前年度撥款於本年度實現數;公庫撥入數;公庫分配數餘額;金額_本月數;金額_累計數,公務人員保障暨培訓委員會
銓敘部108年度單位決算,119723,銓敘部108年度單位決算主要表,,銓敘部
公務人員保障暨培訓委員會109年3月會計月報,120101,歲入累計表、經費累計表、歲出用途別累計表、繳付公庫數分析表、公庫撥入數分析表、平衡表、收入支出表、長期投資、固定資產、遞耗資產及無形資產變動表、預算執行及會計收支對照表,會計年度;月份;款;項;目;節;預算年度;預算科目編號;預算科目名稱;細目編號;細目名稱;原預算數;追加減數;截至本月止累計分配數_1;本月實現數;截至本月止累計實現數_2;應收收入數_3;分配數預算餘額_4;分支計畫編號;分支計畫名稱;用途別編號;用途別名稱;第一預備金;第二預備金;經費流用數;預算調整數;應付數;已分配尚未執行數;備註_預暫付數;業務計畫或工作計畫;經資門;執行數;會計分類;項目;收入實現數;減項_收入待納庫數;加項_以前年度待納庫繳庫數;加項_以前年度撥款於本年度繳還數_材料;加項_以前年度撥款於本年度繳還數_存出保證金;加項_以前年度撥款於本年度繳還數_其他應收款;加項_預收款;加項_剔除經費;繳付公庫數;一級用途別編號;一級用途別名稱;支出實現數;加項_預付款;加項_材料;加項_存出保證金;加項_零用金;加項_退還收入預收款;加項_其他應收款;減項_以前年度撥款於本年度實現數;公庫撥入數;公庫分配數餘額;基金別;使用機關別;科目分類;會計科目編號;會計科目名稱;金額;金額_本月數;金額_累計數;科目名稱;取得成本;以前年度累計折舊_長期投資評價;本年度資本資產成本變動_增加數;本年度資本資產成本變動_減少數;本年度累計折舊_長期投資評價變動數;期末帳面金額;備註;預算項目;預算執行數;調整數;會計收支;會計科目,公務人員保障暨培訓委員會
考選部109年度會計月報,120139,考選部109年度會計月報,會計年度;月份;款;項;目;節;預算年度;預算科目編號;預算科目名稱;細目編號;細目名稱;原預算數;追加減數;截至本月止累計分配數_1;本月實現數;截至本月止累計實現數_2;應收收入數_3;分配數預算餘額_4;分支計畫編號;分支計畫名稱;用途別編號;用途別名稱;第一預備金;第二預備金;經費流用數;預算調整數;應付數;已分配尚未執行數;備註_預暫付數;以前年度轉入數;保留數;減免;截至本月止累計實現數;調整數;尚未執行數;基金別;會計分類;使用機關別;科目分類;會計科目編號;會計科目名稱;金額;科目名稱;取得成本;以前年度累計折舊_長期投資評價;本年度資本資產成本變動_增加數;本年度資本資產成本變動_減少數;本年度累計折舊_長期投資評價變動數;期末帳面金額;備註;業務計畫或工作計畫;經資門;執行數;項目;收入實現數;減項_收入待納庫數;加項_以前年度待納庫繳庫數;加項_以前年度撥款於本年度繳還數_材料;加項_以前年度撥款於本年度繳還數_存出保證金;加項_以前年度撥款於本年度繳還數_其他應收款;加項_預收款;加項_剔除經費;繳付公庫數;一級用途別編號;一級用途別名稱;支出實現數;加項_預付款;加項_材料;加項_存出保證金;加項_零用金;加項_退還收入預收款;加項_其他應收款;減項_以前年度撥款於本年度實現數;公庫撥入數;公庫分配數餘額;金額_本月數;金額_累計數,考選部
公務人員保障暨培訓委員會109年4月會計月報,122460,歲入累計表、經費累計表、歲出用途別累計表、繳付公庫數分析表、公庫撥入數分析表、平衡表、收入支出表、長期投資、固定資產、遞耗資產及無形資產變動表、預算執行及會計收支對照表,會計年度;月份;款;項;目;節;預算年度;預算科目編號;預算科目名稱;細目編號;細目名稱;原預算數;追加減數;截至本月止累計分配數_1;本月實現數;截至本月止累計實現數_2;應收收入數_3;分配數預算餘額_4;分支計畫編號;分支計畫名稱;用途別編號;用途別名稱;第一預備金;第二預備金;經費流用數;預算調整數;應付數;已分配尚未執行數;備註_預暫付數;業務計畫或工作計畫;經資門;執行數;會計分類;項目;收入實現數;減項_收入待納庫數;加項_以前年度待納庫繳庫數;加項_以前年度撥款於本年度繳還數_材料;加項_以前年度撥款於本年度繳還數_存出保證金;加項_以前年度撥款於本年度繳還數_其他應收款;加項_預收款;加項_剔除經費;繳付公庫數;一級用途別編號;一級用途別名稱;支出實現數;加項_預付款;加項_材料;加項_存出保證金;加項_零用金;加項_退還收入預收款;加項_其他應收款;減項_以前年度撥款於本年度實現數;公庫撥入數;公庫分配數餘額;基金別;使用機關別;科目分類;會計科目編號;會計科目名稱;金額;金額_本月數;金額_累計數;科目名稱;取得成本;以前年度累計折舊_長期投資評價;本年度資本資產成本變動_增加數;本年度資本資產成本變動_減少數;本年度累計折舊_長期投資評價變動數;期末帳面金額;備註;預算項目;預算執行數;調整數;會計收支;會計科目,公務人員保障暨培訓委員會
公務人員保障暨培訓委員會109年5月會計月報,126943,歲入累計表、經費累計表、歲出用途別累計表、繳付公庫數分析表、公庫撥入數分析表、平衡表、收入支出表、長期投資、固定資產、遞耗資產及無形資產變動表、預算執行及會計收支對照表,會計年度;月份;款;項;目;節;預算年度;預算科目編號;預算科目名稱;細目編號;細目名稱;原預算數;追加減數;截至本月止累計分配數_1;本月實現數;截至本月止累計實現數_2;應收收入數_3;分配數預算餘額_4;分支計畫編號;分支計畫名稱;用途別編號;用途別名稱;第一預備金;第二預備金;經費流用數;預算調整數;應付數;已分配尚未執行數;備註_預暫付數;業務計畫或工作計畫;經資門;執行數;會計分類;項目;收入實現數;減項_收入待納庫數;加項_以前年度待納庫繳庫數;加項_以前年度撥款於本年度繳還數_材料;加項_以前年度撥款於本年度繳還數_存出保證金;加項_以前年度撥款於本年度繳還數_其他應收款;加項_預收款;加項_剔除經費;繳付公庫數;一級用途別編號;一級用途別名稱;支出實現數;加項_預付款;加項_材料;加項_存出保證金;加項_零用金;加項_退還收入預收款;加項_其他應收款;減項_以前年度撥款於本年度實現數;公庫撥入數;公庫分配數餘額;基金別;使用機關別;科目分類;會計科目編號;會計科目名稱;金額;金額_本月數;金額_累計數;科目名稱;取得成本;以前年度累計折舊_長期投資評價;本年度資本資產成本變動_增加數;本年度資本資產成本變動_減少數;本年度累計折舊_長期投資評價變動數;期末帳面金額;備註;預算項目;預算執行數;調整數;會計收支;會計科目,公務人員保障暨培訓委員會
公務人員保障暨培訓委員會109年6月會計月報,128014,歲入累計表、經費累計表、歲出用途別累計表、繳付公庫數分析表、公庫撥入數分析表、平衡表、收入支出表、長期投資、固定資產、遞耗資產及無形資產變動表、預算執行及會計收支對照表,會計年度;月份;款;項;目;節;預算年度;預算科目編號;預算科目名稱;細目編號;細目名稱;原預算數;追加減數;截至本月止累計分配數_1;本月實現數;截至本月止累計實現數_2;應收收入數_3;分配數預算餘額_4;分支計畫編號;分支計畫名稱;用途別編號;用途別名稱;第一預備金;第二預備金;經費流用數;預算調整數;應付數;已分配尚未執行數;備註_預暫付數;業務計畫或工作計畫;經資門;執行數;會計分類;項目;收入實現數;減項_收入待納庫數;加項_以前年度待納庫繳庫數;加項_以前年度撥款於本年度繳還數_材料;加項_以前年度撥款於本年度繳還數_存出保證金;加項_以前年度撥款於本年度繳還數_其他應收款;加項_預收款;加項_剔除經費;繳付公庫數;一級用途別編號;一級用途別名稱;支出實現數;加項_預付款;加項_材料;加項_存出保證金;加項_零用金;加項_退還收入預收款;加項_其他應收款;減項_以前年度撥款於本年度實現數;公庫撥入數;公庫分配數餘額;基金別;使用機關別;科目分類;會計科目編號;會計科目名稱;金額;金額_本月數;金額_累計數;科目名稱;取得成本;以前年度累計折舊_長期投資評價;本年度資本資產成本變動_增加數;本年度資本資產成本變動_減少數;本年度累計折舊_長期投資評價變動數;期末帳面金額;備註;預算項目;預算執行數;調整數;會計收支;會計科目,公務人員保障暨培訓委員會
公務人員保障暨培訓委員會109年7月會計月報,129056,歲入累計表、經費累計表、歲出用途別累計表、繳付公庫數分析表、公庫撥入數分析表、平衡表、收入支出表、長期投資、固定資產、遞耗資產及無形資產變動表、預算執行及會計收支對照表,會計年度;月份;款;項;目;節;預算年度;預算科目編號;預算科目名稱;細目編號;細目名稱;原預算數;追加減數;截至本月止累計分配數_1;本月實現數;截至本月止累計實現數_2;應收收入數_3;分配數預算餘額_4;分支計畫編號;分支計畫名稱;用途別編號;用途別名稱;第一預備金;第二預備金;經費流用數;預算調整數;應付數;已分配尚未執行數;備註_預暫付數;業務計畫或工作計畫;經資門;執行數;會計分類;項目;收入實現數;減項_收入待納庫數;加項_以前年度待納庫繳庫數;加項_以前年度撥款於本年度繳還數_材料;加項_以前年度撥款於本年度繳還數_存出保證金;加項_以前年度撥款於本年度繳還數_其他應收款;加項_預收款;加項_剔除經費;繳付公庫數;一級用途別編號;一級用途別名稱;支出實現數;加項_預付款;加項_材料;加項_存出保證金;加項_零用金;加項_退還收入預收款;加項_其他應收款;減項_以前年度撥款於本年度實現數;公庫撥入數;公庫分配數餘額;基金別;使用機關別;科目分類;會計科目編號;會計科目名稱;金額;金額_本月數;金額_累計數;科目名稱;取得成本;以前年度累計折舊_長期投資評價;本年度資本資產成本變動_增加數;本年度資本資產成本變動_減少數;本年度累計折舊_長期投資評價變動數;期末帳面金額;備註;預算項目;預算執行數;調整數;會計收支;會計科目,公務人員保障暨培訓委員會
110年度單位預算案,129585,110年度單位預算案,,銓敘部
公務人員退休撫卹基金管理委員會110年度單位預算案,129821,公務人員退休撫卹基金管理委員會110年度單位預算案,,公務人員退休撫卹基金管理委員會
公務人員保障暨培訓委員會110年度預算案,129964,歲入來源別預算表、歲出機關別預算表、歲入項目說明提要表、歲出計畫提要及分支計畫概況表、各項費用彙計表、歲出一級用途別科目分析表、資本支出分析表、人事費分析表、預算員額明細表、公務車輛明細表、現有辦公房舍明細表、捐助經費分析表、派員出國計畫預算總表、派員出國計畫類別表-考察、視察、訪問、派員出國計畫類別表-開會、談判、歲出按職能及經濟性綜合分類表、委辦經費分析表,,公務人員保障暨培訓委員會
公務人員保障暨培訓委員會109年8月會計月報,129969,歲入累計表、經費累計表、歲出用途別累計表、繳付公庫數分析表、公庫撥入數分析表、平衡表、收入支出表、長期投資、固定資產、遞耗資產及無形資產變動表、預算執行及會計收支對照表,會計年度;月份;款;項;目;節;預算年度;預算科目編號;預算科目名稱;細目編號;細目名稱;原預算數;追加減數;截至本月止累計分配數_1;本月實現數;截至本月止累計實現數_2;應收收入數_3;分配數預算餘額_4;分支計畫編號;分支計畫名稱;用途別編號;用途別名稱;第一預備金;第二預備金;經費流用數;預算調整數;應付數;已分配尚未執行數;備註_預暫付數;業務計畫或工作計畫;經資門;執行數;會計分類;項目;收入實現數;減項_收入待納庫數;加項_以前年度待納庫繳庫數;加項_以前年度撥款於本年度繳還數_材料;加項_以前年度撥款於本年度繳還數_存出保證金;加項_以前年度撥款於本年度繳還數_其他應收款;加項_預收款;加項_剔除經費;繳付公庫數;一級用途別編號;一級用途別名稱;支出實現數;加項_預付款;加項_材料;加項_存出保證金;加項_零用金;加項_退還收入預收款;加項_其他應收款;減項_以前年度撥款於本年度實現數;公庫撥入數;公庫分配數餘額;基金別;使用機關別;科目分類;會計科目編號;會計科目名稱;金額;金額_本月數;金額_累計數;科目名稱;取得成本;以前年度累計折舊_長期投資評價;本年度資本資產成本變動_增加數;本年度資本資產成本變動_減少數;本年度累計折舊_長期投資評價變動數;期末帳面金額;備註;預算項目;預算執行數;調整數;會計收支;會計科目,公務人員保障暨培訓委員會
考選業務基金109年度法定預算,130323,考選業務基金108年度法定預算,,考選部
考選業務基金110年度預算案,130325,考選業務基金110年度預算案,,考選部
考選業務基金107年度決算(審定),130352,考選業務基金106年度決算(審定),,考選部
考選業務基金108年度決算(審定),130354,考選業務基金108年度決算(審定),,考選部
