中部分署人民進出港口安全檢查報驗申請服務統計,中部分署人民進出港口安全檢查報驗申請服務統計,9960,主要提供機關學校團體人民進出港口安全檢查報驗申請服務統計,月份;申請次數;申請人數,海洋委員會海巡署
中部分署節能減碳統計,中部分署節能減碳統計,9958,節能減碳執行成效,年份;電節約率;電節約率指標數;水節約率;水節約率指標數;油料節約率;油料節約率指標數;瓦斯節約率;瓦斯節約率指標數;紙張節約率;紙張節約率指標數;年度成效指標,海洋委員會海巡署
前中部地區巡防局資源回收執行成效,前中部地區巡防局資源回收執行成效,9959,垃圾分類及資源回收檢查結果統計,年份;單位人數;紙類(公斤);鐵鋁罐(公斤);其他廢容器(公斤);廢電池(公斤),海洋委員會海巡署
前海洋巡防總局動力小船駕駛訓練統計,前海洋巡防總局動力小船駕駛訓練統計,9951,前海洋巡防總局動力小船駕駛訓練統計,項次;受測日期;訓練人數;取得證照人數;備考,海洋委員會海巡署
前海洋巡防總局海盜資訊,前海洋巡防總局海盜資訊,7769,為預防海盜劫持事件發生，提供東南亞地區海盜案件紀要彙整，期有效提供預警參考。,項次;日期;時間;地點;緯度;經度,海洋委員會海巡署
前行政院海岸巡防署「委託研究」,前行政院海岸巡防署「委託研究」,7087,研究發展為政策訂定之基礎，提升研發量能亦為行政院中程施政計畫之共通指標，顯見其對政府整體施政規劃及推動，極具重要性。為提升本署研發量能，協助各單位精進勤（業）務品質，強化執法效能，每年均請各單位就當前勤（業）務發展需求或面臨問題進行檢討，提供預擬規劃辦理之委託研究議題，並邀集相關單位進行研議，選定具有高度專業性質，亟需委請專家學者深入研究者，作為委託研究計畫主題，冀能藉由學術專業與實務經驗之結合，提供各業務單位策頒計畫、執行政策、裝備建置、人力運用等參考，並據以調整施政方向，期能提升本署整體行政效能及服務品質。,項次;委託研究案名;網址,海洋委員會海巡署
前行政院海岸巡防署「政府資料開放諮詢小組」委員名冊,前行政院海岸巡防署「政府資料開放諮詢小組」委員名冊,28618,前行政院海岸巡防署「政府資料開放諮詢小組」委員名冊,項次;海巡署「政府資料開放諮詢小組」委員名冊,海洋委員會海巡署
前行政院海岸巡防署「政府資料開放諮詢小組會議」會議紀錄,前行政院海岸巡防署「105年度政府資料開放諮詢小組會議」會議紀錄,41069,前行政院海岸巡防署「105年度政府資料開放諮詢小組會議」會議紀錄,項次;海巡署「105年度政府資料開放諮詢小組會議」會議紀錄,海洋委員會海巡署
前行政院海岸巡防署「施政績效」,前行政院海岸巡防署「施政績效」,12031,本資料集係提供「最新年度」登載資料內容,項次;網址,海洋委員會海巡署
前行政院海岸巡防署「海洋活動資訊平台」,前行政院海岸巡防署「海洋活動資訊平台」,7378,為整合國內海洋活動資訊，提供民眾參與各類海洋活動機會，本署蒐整中央各機關、縣市政府、各大專院校及民間團體當年度的海洋活動資訊，包括：海洋、海岸有關之演講、座談會、研討會、展覽、戶外導覽、教學研習、徵文、攝影及其他相關活動，除藉由資訊交流活絡海洋相關機關團體聯繫管道，亦可讓民眾了解、關心不同領域海洋事務，提升國人海洋意識，改變重陸輕海觀念。,項次;內容;網址,海洋委員會海巡署
前行政院海岸巡防署「資本支出-中長程個案計畫」,前行政院海岸巡防署「資本支出-中長程個案計畫」,5994,各部會依機關中長程施政目標，縝密研訂資本支出個案計畫，其資源投資效益及執行成果良窳緊繫著機關未來的發展；鑑此，本署秉持「建案計畫應符任務實需，管制考核要能積極落實」理念，加強建案計畫審議及管考機制，以有效運用有限之預算，發揮最大投資效益。為達成組織任務，提升施政效能，本署精實規劃中長程建案目標與個案計畫，報經行政院核定之重要中長程個案計畫計有「強化海巡編裝發展方案」等4案，未來將賡續嚴謹執行計畫審議機制及落實管考執行等重點工作，期能建構量精質優之海巡能量，共同營造「生態、安全、繁榮」的國家海洋願景。,計畫名稱;計畫期程;計畫經費;主要工項,海洋委員會海巡署
前行政院海岸巡防署「重大政策」,前行政院海岸巡防署「重大政策」,5993,為落實 總統「捍衛主權、漁權」政策，重申我國對於南海、東海固有領域主權與權利，本署提出「強化海巡編裝發展方案」，業於98年4月14日奉行政院核定，於完成後，本署各式艦艇可達173艘，將能強化遠距巡防能量，有效維護我國海洋權益。另我國與日本及菲律賓等周邊國家專屬經濟海域重疊，時有漁業爭議案件發生，本署將持續依「政府護漁標準作業程序」相關規定及「暫定執法線」所定範圍積極遂行護漁任務，以維護我國專屬經濟海域主權與權利，全力保障漁民在執法線內作業安全，並嚴密查察走私槍、毒、農漁畜及菸酒產品入境，以杜絕疫病入侵，保障農漁民生計。故本署就主掌事務及施政目標，研訂「強化編裝精進裝備」等九項重大政策，並提出具體作法，以彰顯本署肩負海洋環境保護、海上搜救、犯罪防制、資源調查保育與科技研究發展工作等重要使命，落實海洋政策和藍色國土之永續發展。,項次;網址,海洋委員會海巡署
前行政院海岸巡防署各月會計月報,前行政院海岸巡防署104年度各月會計月報,9956,前行政院海岸巡防署104年度各月會計月報,會計年度;月份;款;項;目;節;預算年度;預算科目編號;預算科目名稱;細目編號;細目名稱;原預算數;追加減數;截至本月止累計分配數_1;本月實現數;截至本月止累計實現數_2;應收收入數_3;分配數預算餘額_4;分支計畫編號;分支計畫名稱;用途別編號;用途別名稱;第一預備金;第二預備金;經費流用數;預算調整數;應付數;已分配尚未執行數;備註_預暫付數;以前年度轉入數;保留數;減免;截至本月止累計實現數;調整數;尚未執行數;基金別;會計分類;使用機關別;科目分類;會計科目編號;會計科目名稱;金額;科目名稱;取得成本;以前年度累計折舊_長期投資評價;本年度資本資產成本變動_增加數;本年度資本資產成本變動_減少數;本年度累計折舊_長期投資評價變動數;期末帳面金額;備註;業務計畫或工作計畫;經資門;執行數;項目;收入實現數;減項_收入待納庫數;加項_以前年度待納庫繳庫數;加項_以前年度撥款於本年度繳還數_材料;加項_以前年度撥款於本年度繳還數_存出保證金;加項_以前年度撥款於本年度繳還數_其他應收款;加項_預收款;加項_剔除經費;繳付公庫數;一級用途別編號;一級用途別名稱;支出實現數;加項_預付款;加項_材料;加項_存出保證金;加項_零用金;加項_退還收入預收款;加項_其他應收款;減項_以前年度撥款於本年度實現數;公庫撥入數;公庫分配數餘額;金額_本月數;金額_累計數;年度預算數,海洋委員會海巡署
前行政院海岸巡防署政府資料開放行動策略,前行政院海岸巡防署政府資料開放行動策略,28619,前行政院海岸巡防署政府資料開放行動策略,項次;前行政院海岸巡防署政府資料開放行動策略,海洋委員會海巡署
前行政院海岸巡防署海岸巡防總局及所屬各月會計報告,前行政院海岸巡防署海岸巡防總局及所屬105年度各月會計報告,28616,行政院海岸巡防署海岸巡防總局及所屬105年度各月會計報告,會計年度;月份;款;項;目;節;預算年度;預算科目編號;預算科目名稱;細目編號;細目名稱;原預算數;追加減數;截至本月止累計分配數_1;本月實現數;截至本月止累計實現數_2;應收收入數_3;分配數預算餘額_4;分支計畫編號;分支計畫名稱;用途別編號;用途別名稱;第一預備金;第二預備金;經費流用數;預算調整數;應付數;已分配尚未執行數;備註_預暫付數;基金別;會計分類;使用機關別;科目分類;會計科目編號;會計科目名稱;金額;科目名稱;取得成本;以前年度累計折舊_長期投資評價;本年度資本資產成本變動_增加數;本年度資本資產成本變動_減少數;本年度累計折舊_長期投資評價變動數;期末帳面金額;備註;業務計畫或工作計畫;經資門;執行數;項目;收入實現數;減項_收入待納庫數;加項_以前年度待納庫繳庫數;加項_以前年度撥款於本年度繳還數_材料;加項_以前年度撥款於本年度繳還數_存出保證金;加項_以前年度撥款於本年度繳還數_其他應收款;加項_預收款;加項_剔除經費;繳付公庫數;一級用途別編號;一級用途別名稱;支出實現數;加項_預付款;加項_材料;加項_存出保證金;加項_零用金;加項_退還收入預收款;加項_其他應收款;減項_以前年度撥款於本年度實現數;公庫撥入數;公庫分配數餘額;金額_本月數;金額_累計數;年度預算數,海洋委員會海巡署
前行政院海岸巡防署海岸巡防總局及所屬各月會計月報,前行政院海岸巡防署海岸巡防總局及所屬104年度各月會計月報,9998,行政院海岸巡防署海岸巡防總局及所屬104年度會計月報,會計年度;月份;款;項;目;節;預算年度;預算科目編號;預算科目名稱;分支計畫編號;分支計畫名稱;用途別編號;用途別名稱;原預算數;追加減數;第一預備金;第二預備金;經費流用數;預算調整數;截至本月止累計分配數_1;本月實現數;截至本月止累計實現數_2;應付數;已分配尚未執行數;備註_預暫付數;基金別;會計分類;使用機關別;科目分類;會計科目編號;會計科目名稱;金額;科目名稱;取得成本;以前年度累計折舊_長期投資評價;本年度資本資產成本變動_增加數;本年度資本資產成本變動_減少數;本年度累計折舊_長期投資評價變動數;期末帳面金額;備註;業務計畫或工作計畫;經資門;執行數;項目;收入實現數;減項_收入待納庫數;加項_以前年度待納庫繳庫數;加項_以前年度撥款於本年度繳還數_材料;加項_以前年度撥款於本年度繳還數_存出保證金;加項_以前年度撥款於本年度繳還數_其他應收款;加項_預收款;加項_剔除經費;繳付公庫數;一級用途別編號;一級用途別名稱;支出實現數;加項_預付款;加項_材料;加項_存出保證金;加項_零用金;加項_退還收入預收款;加項_其他應收款;減項_以前年度撥款於本年度實現數;公庫撥入數;公庫分配數餘額;金額_本月數;金額_累計數;細目編號;細目名稱;應收收入數_3;分配數預算餘額_4;年度預算數,海洋委員會海巡署
前行政院海岸巡防署資料開放諮詢小組會議紀錄,前行政院海岸巡防署資料開放諮詢小組會議紀錄,27301,會議紀錄,項次;前行政院海岸巡防署「政府資料開放諮詢小組會議紀錄」,海洋委員會海巡署
北部分署AED心臟去顫器裝置地點,北部分署AED心臟去顫器裝置地點,9953,北部分署AED心臟去顫器擺放地點說明,項次;單位;地址;電話,海洋委員會海巡署
北部分署新建工程基本資料,北部分署新建工程基本資料,9955,北部分署新建工程基本資料,工程名稱;基地地址;基地面積(平方公尺);建築面積(平方公尺);總樓地板面積(平方公尺);開標日期;決標日期;工程總預算(元);決標金額(元);開工日期;完工日期;實際進度(%);契約工期(天);累積工期(天),海洋委員會海巡署
向海致敬-臺灣海域生態環境守護計畫,向海致敬-臺灣海域生態環境守護計畫(110-113年),128502,向海致敬-臺灣海域生態環境守護計畫(110-113年),,海洋委員會海洋保育署
嚴重特殊傳染性肺炎防治及紓困振興特別預算執行情形,海洋委員會109年度嚴重特殊傳染性肺炎防治及紓困振興特別預算執行情形,122653,海洋委員會109年度嚴重特殊傳染性肺炎防治及紓困振興特別預算執行情形,,海洋委員會
國內商港金屬感應門及人身安全檢查性別統計,國內商港金屬感應門及人身安全檢查性別統計,7540,本署執行國內商港進出金屬感應門及人身安全檢查性別統計資料,項次;內容;網址,海洋委員會海巡署
國內海洋污染事件統計,國內海洋污染事件統計,116107,國內海洋污染事件統計 1. 各季別系指：第一季(1-3月)、第二季(4-6月)、第三季(7-9月)、第四季(10-12月)。 2. 通報事件件數以縣市區分。 2. 船舶分類(艘)( Category by vessel types (number of vessel))，類別包含油運船(Oil tanker)、多用途貨船(Multipurpose cargo vessel)、貨櫃船(Cellular vessel)、漁船(Fishing boat)、軍用船(Military vessel)及其他(Other)。 3. 污染來源(件) Source of pollution (number)，類別包含油(Oil)、化學品(Chemical)及其他(Other)。 4. 污染分類(件) (Marine perils or non-marine perils)，類別包含海難(Marine perils)、非海難(non-marine perils)。 5. 處置資材(Prevention Materials)，類別包含吸油索(條)( Absorbent-boom type)、攔油索(條)( Oil containment boom-round type)、吸油棉(片)( Absorbent-pad type)、高溫高壓沖洗機(台)( High temperature and pressure washer)及其他(Other)。 6. 處置後廢棄物處理方式(噸)( Waste disposal (MT))，類別包含一般廢棄物(General waste)、資源回收物(Recycled materials)、有害性廢棄物(Hazardous waste)及其他(Other)。,縣市別;通報件數(件);船舶分類(艘)_總計;船舶分類(艘)_油運船;船舶分類(艘)_多用途貨船;船舶分類(艘)_貨櫃船;船舶分類(艘)_漁船;船舶分類(艘)_軍用船;船舶分類(艘)_其他;污染來源(件)_計;污染來源(件)_油;污染來源(件)_化學物品;污染來源(件)_其他;污染分類(件)_計;污染分類(件)_海難;污染分類(件)_非海難;污染分類(件)_吸油索(條);污染分類(件)_攔油索(條);污染分類(件)_吸油棉(片);污染分類(件)_高溫高壓沖洗機(台);污染分類(件)_其他;處置後廢棄物處理方式(噸)_計;處置後廢棄物處理方式(噸)_一般廢棄物;處置後廢棄物處理方式(噸)_資源回收物;處置後廢棄物處理方式(噸)_有害性廢棄物;處置後廢棄物處理方式(噸)_其他;通報<br>件數<br>(件);船舶分類(艘)_計;處置資材_吸油索(條);處置資材_攔油索(條);處置資材_吸油棉(片);處置資材_高溫高壓沖洗機(台);處置資材_其他,海洋委員會海洋保育署
國內海龜擱淺事件統計,國內海龜擱淺事件統計,115948,1. 各季別系指：第一季(1-3月)、第二季(4-6月)、第三季(7-9月)、第四季(10-12月)。 2. 通報事件件數以縣市區分。 3. 擱淺數(隻)，類別為活體(living)、死亡(dead)。 4. 物種名英文對照：綠蠵龜Chelonia mydas、玳瑁Eretmochelys imbricata、赤蠵龜Caretta caretta、欖蠵龜Lepidochelys olivacea、革龜 Dermochelys coriacea、其他 Others。,地區;擱淺數(隻)_合計;擱淺數(隻)_活體;擱淺數(隻)_死亡;種類(隻)_;種類(隻)_玳瑁;種類(隻)_赤蠵龜;種類(隻)_欖蠵龜;種類(隻)_革龜;種類(隻)_其他;通報件數(件);種類(隻)_合計;種類(隻)_綠蠵龜,海洋委員會海洋保育署
國內鯨豚擱淺事件統計,國內鯨豚擱淺事件統計,115994,國內鯨豚擱淺事件統計,地區;通報件數(件);擱淺數(隻)_合計;擱淺數(隻)_活體;擱淺數(隻)_死亡;種類(隻)_中華白海豚;種類(隻)_大翅鯨;種類(隻)_抹香鯨;種類(隻)_熱帶斑海豚;種類(隻)_飛旋海豚;種類(隻)_瓶鼻海豚;種類(隻)_糙齒海豚;種類(隻)_弗氏海豚;種類(隻)_瑞氏海豚(花紋海豚);種類(隻)_江豚(露脊鼠海豚);種類(隻)_小虎鯨;種類(隻)_偽虎鯨;種類(隻)_小抹香鯨;種類(隻)_侏儒抹香鯨;種類(隻)_短肢領航鯨;種類(隻)_柯氏喙鯨;種類(隻)_其他;通報<br>件數<br>(件);種類(隻)_合計,海洋委員會海洋保育署
國家海洋研究院內部控制聲明書,國家海洋研究院內部控制聲明書,126990,內部控制聲明書,年度;簽署日期;機關首長(簽署人);內控/內稽召集人(簽署人);內部控制聲明書官網連結,國家海洋研究院
國家海洋研究院出國報告清單,國家海洋研究院出國報告清單,126991,出國報告清單,編號;計畫名稱;主題分類;計畫主辦單位;前往地區;出國類別;出國期間起;出國期間迄;報告日期;關鍵字,國家海洋研究院
國家海洋研究院科研計畫項目,國家海洋研究院科研計畫項目,119278,國家海洋研究院科研計畫項目(CSV格式),序號;西元年;研究中心;計畫編號;計畫名稱(中);計畫名稱(英);合作研究單位;計畫主持人(中);計畫主持人(英);職稱(中);職稱(英);執行期間(起);執行期間(迄);備註,國家海洋研究院
國家賠償事件處理情形統計,國家賠償事件處理情形統計,7092,本署及所屬機關處理國家賠償事件統計資料。,項次;國家賠償事件收結情形表,海洋委員會海巡署
年度單位決算書,海洋委員會年度單位決算書,118212,海洋委員會年度單位決算書,,海洋委員會
年度廉政民意委外調查,年度廉政民意委外調查,10002,海巡人員品德操守、專業能力及為民服務之滿意度。,項次;年度廉政民意委外調查,海洋委員會海巡署
年度預算書,海洋委員會年度預算書,127244,海洋委員會年度預算書,,海洋委員會
心理諮商資料庫,心理諮商資料庫,10008,話說源頭、服務項目、單位輔導專線、溫老師信箱,項次;內容;網址,海洋委員會海巡署
推動活力海洋與綠色港灣計畫,108年推動活力海洋與綠色港灣計畫,128493,海洋保育署-108年推動活力海洋與綠色港灣計畫,,海洋委員會海洋保育署
會計月報,海洋委員會109年會計月報,117541,海洋委員會109年會計月報,,海洋委員會
會計月報,海洋委員會108年會計月報,127392,海洋委員會108年會計月報,,海洋委員會
本署人才招募,本署人才招募,12342,考選對象、學歷、體格、測驗項目、成績評定及錄取、基礎訓練、服役、待遇,項次;報考類別;梯次;報考時間;員額數;截止日期,海洋委員會海巡署
本署及所屬機關現員數資料,本署及所屬機關現員數資料,7379,本署暨所屬機關現有人員統計,項次;內容;網址,海洋委員會海巡署
本署各安檢所及海巡隊地址,本署各安檢所及海巡隊地址,7089,本署各安檢所及海巡隊地址,項目;地區;名稱;郵遞區號;地址;座標(WGS84)X;座標(WGS84)Y,海洋委員會海巡署
本署各年度已決標採購案件,本署各年度已決標採購案件,7376,本署各年度已決標採購案件,,海洋委員會海巡署
本署整合型服務據點及鐵馬驛站一覽表,本署整合型服務據點及鐵馬驛站一覽表,7091,本署所屬安檢所多位處省道沿線，各所內均設有民眾服務休息區，平時皆提供往來遊憩民眾各項諮詢及服務，為提升為民服務品質，與政府觀光服務政策接軌，挑選合適之安檢所，將勤務轉與遊憩服務結合，扮演旅遊者中繼休息服務站的角色，24小時不打烊之服務措施，填補政府服務據點不足，期能發揮最大服務效能,類別;項次;行政區;服務處所名稱;聯絡方式;GPS定址;服務項目,海洋委員會海巡署
東南沙分署「轄區特色-南沙」,東南沙分署「轄區特色－南沙」,7537,本分署轄屬具有獨特性之外島單位「南沙」，目前尚未全面對外開放，國人對「南沙」的相關訊息，除可藉由本資料集獲得初步認識，亦可至本署網站瞭解。,項次;東南沙分署「轄區特色－南沙」,海洋委員會海巡署
東南沙分署「轄區特色-東沙」,東南沙分署「轄區特色－東沙」,7538,本署轄屬具有獨特性之「東沙」，有「南海明珠」之稱的「東沙」為我國第一個海洋國家公園，目前尚未全面對外開放，國人對「東沙」的相關訊息，除可藉由本資料集獲得，另可從本署網站瞭解。,項次;東南沙分署「轄區特色－東沙」,海洋委員會海巡署
東部分署整合型服務區(原海洋驛站),東部分署整合型服務區(原海洋驛站),12029,海洋驛站標題、驛站介紹、驛站地址、聯絡電話、GPS 資訊、交通資訊、開放時間與預約導覽方式、資料來源、資料日期、相關附件,整合型服務區簡介;聯絡電話;聯絡地址;開放時間;預約導覽;GPS 資訊;周圍景點;交通資訊;參觀注意事項;導覽地圖;備註,海洋委員會海巡署
查獲毒品統計,查獲毒品統計-按月份分,9848,本署業務績效情形,項次;查獲毒品統計—按月份分,海洋委員會海巡署
查獲經濟犯罪之專案工作統計,查獲經濟犯罪之專案工作統計-按月份分,9850,本署業務績效情形,項次;查獲經濟犯罪之專案工作統計—按月份分,海洋委員會海巡署
查獲非法入出國統計,查獲非法入出國統計-按月份分,9854,本署業務績效情形,以查獲嫌犯人數及偷渡人數,海洋委員會海巡署
機關檔案管理結果,機關檔案管理結果,7090,機關檔案管理結果,機關名稱;現職人數;男;女;任職1年以下者;實際支用金額(千元);紙本(件);線上(件);攝影類(件);錄影(音)帶類(件);電子媒體類(件);永久保存(件);定期保存(件);檔案應用處所數量;民眾申請(件);核准(件);駁回(件),海洋委員會海巡署
海上救生救難案例,海上救生救難案例,5990,本署執行指標性海難案件概述,項次;海上救生救難案例,海洋委員會海巡署
海岸巡防機關廉政倫理事件登錄情形,海岸巡防機關廉政倫理事件登錄情形,10000,本署暨所屬巡防機關受理受贈財務、飲宴應酬、請託關說及其他廉政倫理事件登錄統計,年季別<br>（單位：件）;請託關說;受贈財物;飲宴應酬;其他,海洋委員會海巡署
海岸巡防機關廉政宣導成果,海岸巡防機關廉政宣導成果,9999,本署暨所屬巡防機關廉政宣導統計,年季別;深耕宣導;紮根宣導;社會宣導;廉政宣導,海洋委員會海巡署
海岸巡防署海岸巡防總局及所屬預算案,海岸巡防署海岸巡防總局及所屬107年度預算案,55321,歳入來源別預算表、歳出機關別預算表、歳入項目說明提要表、歳出計畫提要及分支計畫概況表、各項費用彙計表、歳出一級用途別科目分析表及資本支出分析表等預算書表,項次;海岸巡防署海岸巡防總局及所屬107年度預算案,海洋委員會海巡署
海岸管制區「管制區域一覽表」,海岸管制區「管制區域一覽表」,10005,呈現17處海岸管制區地號位置，以利民眾查詢,項次;「管制區域一覽表」,海洋委員會海巡署
海巡服務據點資訊-1○岸巡隊介紹,海巡服務據點資訊-一○岸巡隊介紹,9954,海巡服務據點資訊-一○岸巡隊介紹,單位人文風俗介紹;服務項目;溫馨故事;景點介紹;旅遊規劃(1);旅遊規劃(2);旅遊規劃(3);聯絡我們,海洋委員會海巡署
海巡機關2000噸艦艇圖片,海巡機關2000噸艦艇圖片,7786,本署現有2000噸艦艇介紹,項次;2000噸艇照片;名稱及說明,海洋委員會海巡署
海巡機關車輛圖片,海巡機關車輛圖片,7086,海巡機關車輛圖片,項次;圖片;說明,海洋委員會海巡署
海巡法規,海巡法規,7785,資料集包括下列資料：一、法律：計有「海岸巡防法」「海岸巡防機關器械使用條例」、「海洋委員會海巡署組織法」等3種。二、法規命令：計有「海洋委員會海巡署處務規程」、「海洋委員會海巡署教育訓練測考中心辦事細則」、「海洋委員會海巡署教育訓練測考中心組織規程」等25種。三、行政規則：計有「海洋委員會海巡署署長電子信箱信件處理作業程序」、「海洋委員會海巡署門禁管制及停車場管理規定」、「海洋委員會海巡署性騷擾防治申訴調查及處理要點」等25種,項次;類別;名稱;下載網址,海洋委員會海巡署
海巡統計年報,海巡統計年報,5991,本署年度業務績效、人員統計及預算編製情形,name;link,海洋委員會海巡署
海巡署1000噸艦艇資料及圖片,海巡署1000噸艦艇資料及圖片,9952,1000噸艦艇資料及圖片,項次;1000噸艇照片;名稱及說明,海洋委員會海巡署
海巡署內部控制制度聲明書,海巡署內部控制制度聲明書,30152,內部控制制度聲明書之簽署，其目的在反映其內部控制實施情形，並強化內部控制觀念及風險危機意識，俾針對內部控制缺失癥結測底檢討改善,項次;107年度內部控制聲明書,海洋委員會海巡署
海巡署其他海巡績效統計,海巡署其他海巡績效統計-按月份分,9856,本署業務績效情形,項次;其他海巡績效統計—按月份分;其他海巡績效統計—按月份分(續1);其他海巡績效統計—按月份分(續2完),海洋委員會海巡署
海巡署其他海巡績效統計,海巡署其他海巡績效統計-按單位分,13834,本署業務績效情形,項次;其他海巡績效統計—按單位分;其他海巡績效統計—按單位分(續1);其他海巡績效統計—按單位分(續2);其他海巡績效統計—按單位分(續3);其他海巡績效統計—按單位分(續4);其他海巡績效統計—按單位分(續5完),海洋委員會海巡署
海巡署及所屬各月會計月報,海洋委員會海巡署及所屬108-109年度各月會計月報,117558,海洋委員會海巡署及所屬年度各月會計月報表,會計年度;月份;款;項;目;節;預算年度;預算科目編號;預算科目名稱;細目編號;細目名稱;原預算數;追加減數;截至本月止累計分配數_1;本月實現數;截至本月止累計實現數_2;應收收入數_3;分配數預算餘額_4;分支計畫編號;分支計畫名稱;用途別編號;用途別名稱;第一預備金;第二預備金;經費流用數;預算調整數;應付數;已分配尚未執行數;備註_預暫付數;以前年度轉入數;應收數;保留數;減免;截至本月止累計實現數;調整數;尚未執行數;基金別;會計分類;使用機關別;科目分類;會計科目編號;會計科目名稱;金額;科目名稱;取得成本;以前年度累計折舊_長期投資評價;本年度資本資產成本變動_增加數;本年度資本資產成本變動_減少數;本年度累計折舊_長期投資評價變動數;期末帳面金額;備註;業務計畫或工作計畫;經資門;執行數;項目;收入實現數;減項_收入待納庫數;加項_以前年度待納庫繳庫數;加項_以前年度撥款於本年度繳還數_材料;加項_以前年度撥款於本年度繳還數_存出保證金;加項_以前年度撥款於本年度繳還數_其他應收款;加項_預收款;加項_剔除經費;繳付公庫數;一級用途別編號;一級用途別名稱;支出實現數;加項_預付款;加項_材料;加項_存出保證金;加項_零用金;加項_退還收入預收款;加項_其他應收款;減項_以前年度撥款於本年度實現數;公庫撥入數;公庫分配數餘額;金額_本月數;金額_累計數;年度預算數;預算項目;預算執行數;會計收支;會計科目,海洋委員會海巡署
海巡署及所屬法定預算,海洋委員會海巡署及所屬108年度法定預算,117555,海洋委員會海巡署及所屬108年度法定預算,項次;海洋委員會海巡署及所署108年度法定預算,海洋委員會海巡署
海巡署及所屬預算案,海洋委員會海巡署及所屬108年度預算案,117552,海洋委員會海巡署及所屬108年度預算案,項次;海洋委員會海巡署及所署108年度預算案,海洋委員會海巡署
海巡署及所屬預算案,海洋委員會海巡署及所屬109年度預算案,117556,海洋委員會海巡署及所屬109年度預算案,項次;海洋委員會海巡署及所署109年度預算案,海洋委員會海巡署
海巡署取締非法越區捕魚統計,海巡署取締非法越區捕魚統計-按月份分,9855,本署業務績效情形,項次;取締非法越區捕魚統計—按月份分,海洋委員會海巡署
海巡署取締非法越區捕魚統計,海巡署取締非法越區捕魚統計—按單位分,13840,本署業務績效情形,項次;取締非法越區捕魚統計—按單位分;取締非法越區捕魚統計—按單位分(續),海洋委員會海巡署
海巡署各月會計月報,海巡署106-107年度各月會計月報,43690,海巡署106-107年度各月會計月報,會計年度;月份;款;項;目;節;預算年度;預算科目編號;預算科目名稱;細目編號;細目名稱;原預算數;追加減數;截至本月止累計分配數_1;本月實現數;截至本月止累計實現數_2;應收收入數_3;分配數預算餘額_4;分支計畫編號;分支計畫名稱;用途別編號;用途別名稱;第一預備金;第二預備金;經費流用數;預算調整數;應付數;已分配尚未執行數;備註_預暫付數;以前年度轉入數;保留數;減免;截至本月止累計實現數;調整數;尚未執行數;基金別;會計分類;使用機關別;科目分類;會計科目編號;會計科目名稱;金額;科目名稱;取得成本;以前年度累計折舊_長期投資評價;本年度資本資產成本變動_增加數;本年度資本資產成本變動_減少數;本年度累計折舊_長期投資評價變動數;期末帳面金額;備註;業務計畫或工作計畫;經資門;執行數;項目;收入實現數;減項_收入待納庫數;加項_以前年度待納庫繳庫數;加項_以前年度撥款於本年度繳還數_材料;加項_以前年度撥款於本年度繳還數_存出保證金;加項_以前年度撥款於本年度繳還數_其他應收款;加項_預收款;加項_剔除經費;繳付公庫數;一級用途別編號;一級用途別名稱;支出實現數;加項_預付款;加項_材料;加項_存出保證金;加項_零用金;加項_退還收入預收款;加項_其他應收款;減項_以前年度撥款於本年度實現數;公庫撥入數;公庫分配數餘額;金額_本月數;金額_累計數;年度預算數,海洋委員會海巡署
海巡署各海巡隊暨安檢所電話表,海巡署各海巡隊暨安檢所電話表,21423,海巡署各海巡隊暨基層安檢所電話號碼,項目;地區;名稱;電話;地址,海洋委員會海巡署
海巡署年度開班資訊,海巡署年度開班資訊,7787,本署年度開班訓練統計及內容,班次;班隊名稱;招訓人數;訓練起訖;訓期;備考,海洋委員會海巡署
海巡署志願役士兵訓練成效,海巡署志願役士兵訓練成效,9940,海巡署各梯次志願役士兵進、退人數資料,梯次;進訓人數;完訓人數;退訓人數;完訓比例,海洋委員會海巡署
海巡署志願役專業軍官訓練成效,海巡署志願役專業軍官訓練成效,9942,海巡署各梯次志願役專業軍官進、退訓人數資料,梯次;進訓人數;完訓人數;退訓人數;完訓比例,海洋委員會海巡署
海巡署暨所屬各機關端正政風防制貪污工作,海巡署暨所屬各機關端正政風防制貪污工作,9961,海巡暨所屬各機關端正政風防制貪污工作,項次;行政院海岸巡防署暨所屬各機關端正政風防制貪污工作實施計畫,海洋委員會海巡署
海巡署查獲人口販運統計,海巡署查獲人口販運統計-按月份分,9851,本署業務績效情形,項次;查獲人口販運統計—按月份分,海洋委員會海巡署
海巡署查獲槍砲彈藥刀械統計,海巡署查獲槍砲彈藥刀械統計-按月份分,9847,本署業務績效情形,項次;查獲槍砲彈藥刀械統計—按月份分,海洋委員會海巡署
海巡署查獲槍砲彈藥刀械統計,海巡署查獲槍砲彈藥刀械統計-按單位分,13833,本署業務績效情形,項次;表2-2　查獲槍砲彈藥刀械統計—按單位分;表2-2　查獲槍砲彈藥刀械統計—按單位分(續),海洋委員會海巡署
海巡署查獲毒品統計,海巡署查獲毒品統計-按單位分,13836,本署業務績效情形,項次;查獲毒品統計—按單位分;查獲毒品統計—按單位分(續),海洋委員會海巡署
海巡署查獲私運農林漁畜產品及其他物品統計,海巡署查獲私運農林漁畜產品及其他物品統計-按月份分,9849,本署業務績效情形,項次;查獲私運農林漁畜產品及其他物品統計—按月份分,海洋委員會海巡署
海巡署查獲私運農林漁畜產品及其他物品統計,海巡署查獲私運農林漁畜產品及其他物品統計—按單位分,13835,本署業務績效情形,項次;查獲私運農林漁畜產品及其他物品統計—按單位分;查獲私運農林漁畜產品及其他物品統計—按單位分(續),海洋委員會海巡署
海巡署查獲經濟犯罪之專案工作統計,海巡署查獲經濟犯罪之專案工作統計—按單位分,13839,本署業務績效情形,項次;查獲經濟犯罪之專案工作統計—按單位分;查獲經濟犯罪之專案工作統計—按單位分(續),海洋委員會海巡署
海巡署查獲非法入出國統計,海巡署查獲非法入出國統計—按單位分,13837,本署業務績效統計,項次;查獲非法入出國統計-按單位分;查獲非法入出國統計-按單位分(續1);查獲非法入出國統計-按單位分(續2);查獲非法入出國統計-按單位分(續3完),海洋委員會海巡署
海巡署海巡服務工作,海巡署海巡服務工作,7085,本署海巡服務工作-服務座談建言內容、說明內容（辦理情形）及辦理單位等事項。,編號;場次建言人;建言內容;說明內容（未來規劃）;權責單位,海洋委員會海巡署
海巡署海巡特考錄取人員訓練成效,海巡署海巡特考錄取人員訓練成效,9941,公共資訊: 係指各種財政統計報表、政策新聞、資訊服務、法律等相關資料集,梯次;進訓人數;完訓人數;退訓人數;完訓比例,海洋委員會海巡署
海巡署災難救護及服務工作統計,海巡署災難救護及服務工作統計-按月份分,9852,本署業務績效情形,項次;災難救護及服務工作統計—按月份分;災難救護及服務工作統計—按月份分(續),海洋委員會海巡署
海巡署災難救護及服務工作統計,海巡署災難救護及服務工作統計—按單位分,13842,本署業務績效情形,項次;災難救護及服務工作統計—按單位分;災難救護及服務工作統計—按單位分(續1);災難救護及服務工作統計—按單位分(續2);災難救護及服務工作統計—按單位分(續3完),海洋委員會海巡署
海巡署熱點查詢,海巡署熱點查詢,7088,本署熱點開放查詢,項次;建置機關;類別;熱點名稱;地址;“Google;MAP;網址連結“,海洋委員會海巡署
海巡署維護海域海岸資源統計,海巡署維護海域海岸資源統計—按單位分,13841,本署業務績效情形,項次;維護海域海岸資源統計—按單位分;維護海域海岸資源統計—按單位分(續1);維護海域海岸資源統計—按單位分(續2);維護海域海岸資源統計—按單位分(續3完),海洋委員會海巡署
海巡雙月刊,海巡雙月刊,5992,海巡雙月刊詳細內容,項次;內容;網址,海洋委員會海巡署
海洋保育署會計月報,海洋委員會海洋保育署108年度會計月報,126882,海洋委員會海洋保育署108年度會計月報,,海洋委員會海洋保育署
海洋保育署法定預算,海洋委員會海洋保育署109年度法定預算,116146,預算總說明、主要表(歲入來源別預算表、.歲出機關別預算表)、附屬表(歲入項目說明提要表、歲出計畫提要及分支計畫概況表、各項費用彙計表、歲出一級用途別科目分析表、資本支出分析表、人事費彙計表、預算員額明細表、公務車輛明細表、現有辦公房舍明細表、補助經費分析表、捐助經費分析表、派員出國計畫預算總表、派員出國計畫預算類別表—考察、視察、訪問、派員出國計畫預算類別表—開會、談判、派員出國計畫預算類別表—進修、研究、實習、派員赴大陸計畫預算類別表、歲出按職能及經濟性綜合分類表、跨年期計畫概況表、委辦經費分析表),,海洋委員會海洋保育署
海洋保育署海洋保育計畫,海洋委員會海洋保育署107年海洋保育計畫,116001,海洋委員會海洋保育署107年海洋保育計畫,,海洋委員會海洋保育署
海洋保育計畫(核定版),108年海洋保育計畫(核定版),128494,108年海洋保育計畫(核定版),,海洋委員會海洋保育署
海洋廢棄物清理狀況統計,海洋廢棄物清理狀況統計,116135,1. 各季別系指：第一季(1-3月)、第二季(4-6月)、第三季(7-9月)、第四季(10-12月)。 2. 通報事件件數以縣市區分。 2. 船舶分類(艘)( Category by vessel types (number of vessel))，類別包含油運船(Oil tanker)、多用途貨船(Multipurpose cargo vessel)、貨櫃船(Cellular vessel)、漁船(Fishing boat)、軍用船(Military vessel)及其他(Other)。 3. 污染來源(件) Source of pollution (number)，類別包含油(Oil)、化學品(Chemical)及其他(Other)。 4. 污染分類(件) (Marine perils or non-marine perils)，類別包含海難(Marine perils)、非海難(non-marine perils)。 5. 處置資材(Prevention Materials)，類別包含吸油索(條)( Absorbent-boom type)、攔油索(條)( Oil containment boom-round type)、吸油棉(片)( Absorbent-pad type)、高溫高壓沖洗機(台)( High temperature and pressure washer)及其他(Other)。 6. 處置後廢棄物處理方式(噸)( Waste disposal (MT))，類別包含一般廢棄物(General waste)、資源回收物(Recycled materials)、有害性廢棄物(Hazardous waste)及其他(Other)。,縣市別;清理範圍(處);清理次數(次);參與人數(人次);海洋廢棄物來源(噸)_海漂;海洋廢棄物來源(噸)_海底;海洋廢棄物來源(噸)_淨灘;清理方式_雇工<br>(人次);清理方式_機械<br>(輛次);清理數量分類(噸)_計;清理數量分類(噸)_寶特瓶;清理數量分類(噸)_鐵罐;清理數量分類(噸)_鋁罐;清理數量分類(噸)_玻璃瓶;清理數量分類(噸)_廢紙;清理數量分類(噸)_竹木;清理數量分類(噸)_保麗龍;清理數量分類(噸)_廢漁具漁網;清理數量分類(噸)_其他;清理後處理方式(噸)_焚化;清理後處理方式(噸)_回收再利用;清理後處理方式(噸)_其他;海洋廢棄物來源(噸)_岸上回收設施;海洋廢棄物來源(噸)_船舶產出;清理方式_雇工(人次);清理方式_環保艦隊<br>(艘次),海洋委員會海洋保育署
海洋污染監測與應處計畫,108年海洋污染監測與應處計畫,128495,108年海洋污染監測與應處計畫,,海洋委員會海洋保育署
海洋漫波季刊,海洋漫波季刊,115999,海洋漫波季刊,,海洋委員會海洋保育署
海洋野生動保育諮詢委員會第1屆第1次定期會議紀錄,海洋野生動保育諮詢委員會第1屆第1次定期會議紀錄,116003,海洋野生動保育諮詢委員會第1屆第1次定期會議紀錄,,海洋委員會海洋保育署
海難資訊,海難資訊,7539,為預防海難災害發生或減低海難災害損害，提供海難事故相關統計數據，期有效提供預警及救助參考。,事故船舶種類;事故船舶種類百分比;人員狀況分析;人員狀況分析百分比;事故種類分析;事故種類分析百分比;案發海象分析;案發海象分析百分比,海洋委員會海巡署
淨灘執行成效統計,淨灘執行成效統計,9957,淨灘執行成效統計,期間;場次;海洋廢棄物（公斤）,海洋委員會海巡署
漁業巡護,漁業巡護,9962,本署執行漁業巡護概況,項次;項目;內容,海洋委員會海巡署
特別預算會計月報,海洋委員會109年特別預算會計月報,120252,海洋委員會109年特別預算會計月報,,海洋委員會
秀峰營區年度受贈財務總表,秀峰營區年度受贈財務總表,10003,本資料區以csv檔案呈現,序號;受贈日期;捐贈者;捐贈項目;金額;捐贈用途之辦理情形;備註,海洋委員會海巡署
維護海域海岸資源統計,維護海域海岸資源統計-按月份分,9853,本署業務績效情形,項次;維護海域海岸資源統計—按月份分;維護海域海岸資源統計—按月份分(續),海洋委員會海巡署
艦隊分署及各海巡隊廳舍圖片,艦隊分署及各海巡隊廳舍圖片,9949,艦隊分署及各海巡隊廳舍圖片,項次;廳舍照片;名稱,海洋委員會海巡署
艦隊分署及各海巡隊聯絡資訊,艦隊分署及各海巡隊聯絡資訊,9948,艦隊分署及各海巡隊電話號碼及地址,項目;地區;名稱;電話;地址,海洋委員會海巡署
行動應用軟體服務績效調查統計表,行動應用軟體服務績效調查統計表,9803,本署配合行政院辦理行動應用軟體服務之統計數據,項次;行動應用軟體服務績效調查統計表,海洋委員會海巡署
行政函釋,行政函釋,12030,本資料集之內容為海岸巡防機關人員犯罪調查職務範圍及海岸巡防法第10條第4項規定原具司法警察身分者之範圍等2種釋示令。,項次;發文機關;發文日期;發文字號;內容,海洋委員會海巡署
行政院海岸巡防署各月會計月報,行政院海岸巡防署105年度各月會計月報,29250,行政院海岸巡防署105年度各月會計月報表,會計年度;月份;會計分類;項目;預算科目編號;預算科目名稱;分支計畫編號;分支計畫名稱;一級用途別編號;一級用途別名稱;經資門;支出實現數;加項_預付款;加項_材料;加項_存出保證金;加項_零用金;加項_退還收入預收款;加項_其他應收款;減項_以前年度撥款於本年度實現數;公庫撥入數;公庫分配數餘額;基金別;使用機關別;科目分類;會計科目編號;會計科目名稱;金額;金額_本月數;金額_累計數;收入實現數;減項_收入待納庫數;加項_以前年度待納庫繳庫數;加項_以前年度撥款於本年度繳還數_材料;加項_以前年度撥款於本年度繳還數_存出保證金;加項_以前年度撥款於本年度繳還數_其他應收款;加項_預收款;加項_剔除經費;繳付公庫數;款;項;目;節;預算年度;細目編號;細目名稱;原預算數;追加減數;截至本月止累計分配數_1;本月實現數;截至本月止累計實現數_2;應收收入數_3;分配數預算餘額_4;科目名稱;取得成本;以前年度累計折舊_長期投資評價;本年度資本資產成本變動_增加數;本年度資本資產成本變動_減少數;本年度累計折舊_長期投資評價變動數;期末帳面金額;備註;用途別編號;用途別名稱;第一預備金;第二預備金;經費流用數;預算調整數;應付數;已分配尚未執行數;備註_預暫付數;以前年度轉入數;保留數;減免;截至本月止累計實現數;調整數;尚未執行數;業務計畫或工作計畫;執行數;年度預算數,海洋委員會海巡署
行政院海岸巡防署單位決算(審定本),行政院海岸巡防署103年度單位決算(審定本),10006,行政院海岸巡防署103年度單位決算(審定本),項次;行政院海岸巡防署103年度單位決算(審定本),海洋委員會海巡署
行政院海岸巡防署單位決算(審定本),行政院海岸巡防署104年度單位決算(審定本),27539,行政院海岸巡防署104年度單位決算(審定本),1.歲出來源別決算表2.歲出政事別決算表3.歲出機關別決算表4.以前年度歲入來源別轉入數決算表5.以前年度歲出政事別轉入數決算表6.以前年度歲出機關別轉入數決算表7.歲入類平衡表8.經費類平衡表,海洋委員會海巡署
行政院海岸巡防署單位決算(審定本),行政院海岸巡防署105-106年度單位決算(審定本),72125,行政院海岸巡防署105-107年度單位決算(審定本),會計年度;款;項;目;節;預算科目編號;預算科目名稱;細目編號;細目名稱;預算數_原預算數;預算數_預算增減數;預算數_合計1;決算數_實現數;決算數_應收數;決算數_保留數;決算數_合計2;預決算比較增減數;決算數占預算數之比率;分計畫編號;分計畫名稱;用途別編號;用途別名稱;原預算數;預算追加減數;動支第一預備金數;動支第二預備金數;經費流用數;預算調整數;預算增減數小計;預算數合計1;實現數;應付數;保留數;決算數合計2;預算年度;以前年度轉入數_應付數;以前年度轉入數_保留數;本年度減免註銷數_應付數;本年度減免註銷數_保留數;本年度實現數_應付數;本年度實現數_保留數;本年度調整數_應付數;本年度調整數_保留數;本年度未結清數_應付數;本年度未結清數_保留數;月份;基金別;會計分類;使用機關別;科目分類;會計科目編號;會計科目名稱;本年度金額;上年度金額,海洋委員會海巡署
行政院海岸巡防署查獲人口販運統計,行政院海岸巡防署查獲人口販運統計—按單位分,13838,本署業務績效情形,項次;海巡署查獲人口販運統計—按單位分,海洋委員會海巡署
行政院海岸巡防署法定預算,行政院海岸巡防署104年度法定預算,12668,行政院海岸巡防署104年度法定預算表報資料,項次;行政院海岸巡防署104年度法定預算,海洋委員會海巡署
行政院海岸巡防署法定預算,行政院海岸巡防署105年度法定預算,26438,行政院海岸巡防署105年度法定預算表報資料,項次;行政院海岸巡防署105年度法定預算,海洋委員會海巡署
行政院海岸巡防署法定預算,行政院海岸巡防署106年度法定預算,43692,歳入來源別預算表、歳出機關別預算表、歳入項目說明提要表、歳出計畫提要及分支計畫概況表、各項費用彙計表、歳出一級用途別科目分析表及資本支出分析表等預算書表,項次;行政院海岸巡防署106年度法定預算,海洋委員會海巡署
行政院海岸巡防署法定預算,行政院海岸巡防署107年度法定預算,117546,行政院海岸巡防署107年度法定預算,項次;行政院海岸巡防署107年度法定預算,海洋委員會海巡署
行政院海岸巡防署海岸巡防總局及所屬各月會計月報,行政院海岸巡防署海岸巡防總局及所屬106-107年度各月會計月報,43667,公共資訊: 係指各種財政統計報表、政策新聞、資訊服務、法律等相關資料集,會計年度;月份;款;項;目;節;預算年度;預算科目編號;預算科目名稱;細目編號;細目名稱;原預算數;追加減數;截至本月止累計分配數_1;本月實現數;截至本月止累計實現數_2;應收收入數_3;分配數預算餘額_4;分支計畫編號;分支計畫名稱;用途別編號;用途別名稱;第一預備金;第二預備金;經費流用數;預算調整數;應付數;已分配尚未執行數;備註_預暫付數;基金別;會計分類;使用機關別;科目分類;會計科目編號;會計科目名稱;金額;科目名稱;取得成本;以前年度累計折舊_長期投資評價;本年度資本資產成本變動_增加數;本年度資本資產成本變動_減少數;本年度累計折舊_長期投資評價變動數;期末帳面金額;備註;業務計畫或工作計畫;經資門;執行數;項目;收入實現數;減項_收入待納庫數;加項_以前年度待納庫繳庫數;加項_以前年度撥款於本年度繳還數_材料;加項_以前年度撥款於本年度繳還數_存出保證金;加項_以前年度撥款於本年度繳還數_其他應收款;加項_預收款;加項_剔除經費;繳付公庫數;一級用途別編號;一級用途別名稱;支出實現數;加項_預付款;加項_材料;加項_存出保證金;加項_零用金;加項_退還收入預收款;加項_其他應收款;減項_以前年度撥款於本年度實現數;公庫撥入數;公庫分配數餘額;金額_本月數;金額_累計數;年度預算數,海洋委員會海巡署
行政院海岸巡防署海岸巡防總局及所屬單位決算(審定本),行政院海岸巡防署海岸巡防總局及所屬103年度單位決算(審定本),20284,行政院海岸巡防署海岸巡防總局及所屬103年度單位決算書表,項次;海岸巡防署海岸巡防總局及所屬103年度單位決算(審定本),海洋委員會海巡署
行政院海岸巡防署海岸巡防總局及所屬單位決算(審定本),行政院海岸巡防署海岸巡防總局及所屬104-107年度單位決算（審定本）,28614,行政院海岸巡防署海岸巡防總局及所屬104年度單位決算書表,會計年度;款;項;目;節;預算科目編號;預算科目名稱;細目編號;細目名稱;預算數_原預算數;預算數_預算增減數;預算數_合計1;決算數_實現數;決算數_應收數;決算數_保留數;決算數_合計2;預決算比較增減數;決算數占預算數之比率;分計畫編號;分計畫名稱;用途別編號;用途別名稱;原預算數;預算追加減數;動支第一預備金數;動支第二預備金數;經費流用數;預算調整數;預算增減數小計;預算數合計1;實現數;應付數;保留數;決算數合計2;預算年度;以前年度轉入數_應付數;以前年度轉入數_保留數;本年度減免註銷數_應付數;本年度減免註銷數_保留數;本年度實現數_應付數;本年度實現數_保留數;本年度調整數_應付數;本年度調整數_保留數;本年度未結清數_應付數;本年度未結清數_保留數;月份;基金別;會計分類;使用機關別;科目分類;會計科目編號;會計科目名稱;本年度金額;上年度金額;以前年度轉入數_應收數;本年度減免註銷數_應收數;本年度實現數_應收數;本年度調整數_應收數;本年度未結清數_應收數,海洋委員會海巡署
行政院海岸巡防署海岸巡防總局及所屬法定預算,行政院海岸巡防署海岸巡防總局及所屬104年度法定預算,12671,歳入來源別預算表、歳出機關別預算表、歳入項目說明提要表、歳出計畫提要及分支計畫概況表、各項費用彙計表、歳出一級用途別科目分析表、資本支出分析表、人事費分析表、預算員額明細表、公務車輛明細表、現有辦公房舍明細表、捐助經費分析表、歳出按職能及經濟性綜合分類表、跨年期計畫概況表、委辦經費分析表,項次;海岸巡防署海岸巡防總局及所屬104年度法定預算,海洋委員會海巡署
行政院海岸巡防署海岸巡防總局及所屬法定預算,行政院海岸巡防署海岸巡防總局及所屬105年度法定預算,26440,行政院海岸巡防署海岸巡防總局及所屬105年度法定預算,項次;海岸巡防署海岸巡防總局及所屬105年度法定預算,海洋委員會海巡署
行政院海岸巡防署海岸巡防總局及所屬法定預算,行政院海岸巡防署海岸巡防總局及所屬106年度法定預算,43694,行政院海岸巡防署海岸巡防總局及所屬106年度法定預算,項次;海岸巡防署海岸巡防總局及所屬106年度法定預算,海洋委員會海巡署
行政院海岸巡防署海岸巡防總局及所屬預算案,行政院海岸巡防署海岸巡防總局及所屬104年度預算案,12673,歳入來源別預算表、歳出機關別預算表、歳入項目說明提要表、歳出計畫提要及分支計畫概況表、各項費用彙計表、歳出一級用途別科目分析表、資本支出分析表、人事費分析表、預算員額明細表、公務車輛明細表、現有辦公房舍明細表、捐助經費分析表、歳出按職能及經濟性綜合分類表、跨年期計畫概況表、委辦經費分析表,項次;海岸巡防署海岸巡防總局及所屬104年度預算案,海洋委員會海巡署
行政院海岸巡防署海岸巡防總局及所屬預算案,行政院海岸巡防署海岸巡防總局及所屬105年度預算案,21414,行政院海岸巡防署海岸巡防總局及所屬105年度預算案表報資料,項次;行政院海岸巡防署105年度預算案,海洋委員會海巡署
行政院海岸巡防署海岸巡防總局及所屬預算案,行政院海岸巡防署海岸巡防總局及所屬106年度預算案,35347,行政院海岸巡防署海岸巡防總局及所屬106年度預算案表報資料,項次;海岸巡防署海岸巡防總局及所屬106年度預算案,海洋委員會海巡署
行政院海岸巡防署海洋巡防總局各月會計報告,行政院海岸巡防署海洋巡防總局105年度各月會計報告,28617,行政院海岸巡防署海洋巡防總局105年度各月會計報告,會計年度;月份;款;項;目;節;預算年度;預算科目編號;預算科目名稱;細目編號;細目名稱;原預算數;追加減數;截至本月止累計分配數_1;本月實現數;截至本月止累計實現數_2;應收收入數_3;分配數預算餘額_4;分支計畫編號;分支計畫名稱;用途別編號;用途別名稱;第一預備金;第二預備金;經費流用數;預算調整數;應付數;已分配尚未執行數;備註_預暫付數;以前年度轉入數;保留數;減免;截至本月止累計實現數;調整數;尚未執行數;基金別;會計分類;使用機關別;科目分類;會計科目編號;會計科目名稱;金額;科目名稱;取得成本;以前年度累計折舊_長期投資評價;本年度資本資產成本變動_增加數;本年度資本資產成本變動_減少數;本年度累計折舊_長期投資評價變動數;期末帳面金額;備註;業務計畫或工作計畫;經資門;執行數;項目;收入實現數;減項_收入待納庫數;加項_以前年度待納庫繳庫數;加項_以前年度撥款於本年度繳還數_材料;加項_以前年度撥款於本年度繳還數_存出保證金;加項_以前年度撥款於本年度繳還數_其他應收款;加項_預收款;加項_剔除經費;繳付公庫數;一級用途別編號;一級用途別名稱;支出實現數;加項_預付款;加項_材料;加項_存出保證金;加項_零用金;加項_退還收入預收款;加項_其他應收款;減項_以前年度撥款於本年度實現數;公庫撥入數;公庫分配數餘額;金額_本月數;金額_累計數;年度預算數,海洋委員會海巡署
行政院海岸巡防署海洋巡防總局各月會計月報,行政院海岸巡防署海洋巡防總局106-107年度各月會計月報,43663,公共資訊: 係指各種財政統計報表、政策新聞、資訊服務、法律等相關資料集,會計年度;月份;款;項;目;節;預算年度;預算科目編號;預算科目名稱;細目編號;細目名稱;原預算數;追加減數;截至本月止累計分配數_1;本月實現數;截至本月止累計實現數_2;應收收入數_3;分配數預算餘額_4;分支計畫編號;分支計畫名稱;用途別編號;用途別名稱;第一預備金;第二預備金;經費流用數;預算調整數;應付數;已分配尚未執行數;備註_預暫付數;以前年度轉入數;保留數;減免;截至本月止累計實現數;調整數;尚未執行數;基金別;會計分類;使用機關別;科目分類;會計科目編號;會計科目名稱;金額;科目名稱;取得成本;以前年度累計折舊_長期投資評價;本年度資本資產成本變動_增加數;本年度資本資產成本變動_減少數;本年度累計折舊_長期投資評價變動數;期末帳面金額;備註;業務計畫或工作計畫;經資門;執行數;項目;收入實現數;減項_收入待納庫數;加項_以前年度待納庫繳庫數;加項_以前年度撥款於本年度繳還數_材料;加項_以前年度撥款於本年度繳還數_存出保證金;加項_以前年度撥款於本年度繳還數_其他應收款;加項_預收款;加項_剔除經費;繳付公庫數;一級用途別編號;一級用途別名稱;支出實現數;加項_預付款;加項_材料;加項_存出保證金;加項_零用金;加項_退還收入預收款;加項_其他應收款;減項_以前年度撥款於本年度實現數;公庫撥入數;公庫分配數餘額;金額_本月數;金額_累計數;年度預算數,海洋委員會海巡署
行政院海岸巡防署海洋巡防總局單位決算(審定本),行政院海岸巡防署海洋巡防總局103年度單位決算(審定本),20283,行政院海岸巡防署海洋巡防總局103年度單位決算書表,項次;行政院海岸巡防署103年度單位決算(審定本),海洋委員會海巡署
行政院海岸巡防署海洋巡防總局單位決算(審定本),行政院海岸巡防署海洋巡防總局104-107年度單位決算（審定本）,28615,行政院海岸巡防署海洋巡防總局104年度單位決算（審定本）,會計年度;款;項;目;節;預算科目編號;預算科目名稱;細目編號;細目名稱;預算數_原預算數;預算數_預算增減數;預算數_合計1;決算數_實現數;決算數_應收數;決算數_保留數;決算數_合計2;預決算比較增減數;決算數占預算數之比率;分計畫編號;分計畫名稱;用途別編號;用途別名稱;原預算數;預算追加減數;動支第一預備金數;動支第二預備金數;經費流用數;預算調整數;預算增減數小計;預算數合計1;實現數;應付數;保留數;決算數合計2;預算年度;以前年度轉入數_應付數;以前年度轉入數_保留數;本年度減免註銷數_應付數;本年度減免註銷數_保留數;本年度實現數_應付數;本年度實現數_保留數;本年度調整數_應付數;本年度調整數_保留數;本年度未結清數_應付數;本年度未結清數_保留數;月份;基金別;會計分類;使用機關別;科目分類;會計科目編號;會計科目名稱;本年度金額;上年度金額,海洋委員會海巡署
行政院海岸巡防署海洋巡防總局會計月報,行政院海岸巡防署海洋巡防總局104年度會計月報,10001,行政院海岸巡防署海洋巡防總局104年度會計月報,會計年度;月份;款;項;目;節;預算年度;預算科目編號;預算科目名稱;細目編號;細目名稱;原預算數;追加減數;截至本月止累計分配數_1;本月實現數;截至本月止累計實現數_2;應收收入數_3;分配數預算餘額_4;分支計畫編號;分支計畫名稱;用途別編號;用途別名稱;第一預備金;第二預備金;經費流用數;預算調整數;應付數;已分配尚未執行數;備註_預暫付數;以前年度轉入數;保留數;減免;截至本月止累計實現數;調整數;尚未執行數;基金別;會計分類;使用機關別;科目分類;會計科目編號;會計科目名稱;金額;科目名稱;取得成本;以前年度累計折舊_長期投資評價;本年度資本資產成本變動_增加數;本年度資本資產成本變動_減少數;本年度累計折舊_長期投資評價變動數;期末帳面金額;備註;業務計畫或工作計畫;經資門;執行數;項目;收入實現數;減項_收入待納庫數;加項_以前年度待納庫繳庫數;加項_以前年度撥款於本年度繳還數_材料;加項_以前年度撥款於本年度繳還數_存出保證金;加項_以前年度撥款於本年度繳還數_其他應收款;加項_預收款;加項_剔除經費;繳付公庫數;一級用途別編號;一級用途別名稱;支出實現數;加項_預付款;加項_材料;加項_存出保證金;加項_零用金;加項_退還收入預收款;加項_其他應收款;減項_以前年度撥款於本年度實現數;公庫撥入數;公庫分配數餘額;金額_本月數;金額_累計數;年度預算數,海洋委員會海巡署
行政院海岸巡防署海洋巡防總局法定預算,行政院海岸巡防署海洋巡防總局104年度法定預算,12670,歳入來源別預算表、歳出機關別預算表、歳入項目說明提要表、歳出計畫提要及分支計畫概況表、各項費用彙計表、歳出一級用途別科目分析表、資本支出分析表、人事費分析表、預算員額明細表、公務車輛明細表、現有辦公房舍明細表、捐助經費分析表、派員出國計畫預算總表、派員出國計畫預算類別表-考察、視察、訪問、派員赴大陸計畫預算類別表、歳出按職能及經濟性綜合分類表、跨年期計畫概況表、委辦經費分析表,項次;海岸巡防署海洋巡防總局104年度法定預算,海洋委員會海巡署
行政院海岸巡防署海洋巡防總局法定預算,行政院海岸巡防署海洋巡防總局105年度法定預算,26439,行政院海岸巡防署海洋巡防總局105年度法定預算,項次;海岸巡防署海洋巡防總局105年度法定預算,海洋委員會海巡署
行政院海岸巡防署海洋巡防總局法定預算,行政院海岸巡防署海洋巡防總局106年度法定預算,43693,行政院海岸巡防署海洋巡防總局106年度法定預算表報資料,項次;海岸巡防署海洋巡防總局106年度法定預算案,海洋委員會海巡署
行政院海岸巡防署海洋巡防總局預算案,行政院海岸巡防署海洋巡防總局104年度預算案,12669,行政院海岸巡防署海洋巡防總局104年度預算案表報資料,項次;海岸巡防署海洋巡防總局104年度預算案,海洋委員會海巡署
行政院海岸巡防署海洋巡防總局預算案,行政院海岸巡防署海洋巡防總局105年度預算案,21419,行政院海岸巡防署海洋巡防總局105年度預算案表報資料,項次;海岸巡防署海洋巡防總局105年度預算案,海洋委員會海巡署
行政院海岸巡防署海洋巡防總局預算案,行政院海岸巡防署海洋巡防總局106年度預算案,35346,行政院海岸巡防署海洋巡防總局106年度預算案表報資料,項次;海岸巡防署海洋巡防總局106年度預算案,海洋委員會海巡署
行政院海岸巡防署海洋巡防總局預算案,行政院海岸巡防署海洋巡防總局107年度預算案,55319,歳入來源別預算表、歳出機關別預算表、歳入項目說明提要表、歳出計畫提要及分支計畫概況表、各項費用彙計表、歳出一級用途別科目分析表及資本支出分析表等預算書表,項次;海岸巡防署海洋巡防總局107年度預算案,海洋委員會海巡署
行政院海岸巡防署預算案,行政院海岸巡防署104年度預算案,12667,行政院海岸巡防署104年度預算案表報資料,項次;行政院海岸巡防署104年度預算案,海洋委員會海巡署
行政院海岸巡防署預算案,行政院海岸巡防署105年度預算案,21409,行政院海岸巡防署105年度預算案表報資料,項次;行政院海岸巡防署105年度預算案,海洋委員會海巡署
行政院海岸巡防署預算案,行政院海岸巡防署106年度預算案,35345,行政院海岸巡防署106年度預算案表報資料,項次;行政院海岸巡防署106年度預算案,海洋委員會海巡署
行政院海岸巡防署預算案,行政院海岸巡防署107年度預算案,55317,行政院海岸巡防署107年度預算案表報資料,項次;行政院海岸巡防署104年度法定預算,海洋委員會海巡署
訴願決定書,訴願決定書,7788,資料集包括下列資料：人民不服本署所屬機關之行政處分提起之訴願案件，本署作成之35件訴願決定書。,項次;訴願;下載網址,海洋委員會海巡署
