103 年度醫療藥品基金決算審定數,['20965']
107牙醫總額專業醫療服務品質指標統計報表-季報,['122743']
15歲以上人口每日吸菸率,['14460']
15歲以上人口目前吸菸率,"['9342', '14462']"
15歲以上吸菸者每天平均吸菸支數,['14458']
18歲以上人口室內公共場所2手菸暴露率,['14465']
18歲以上人口室外公共場所2手菸暴露率,['14467']
18歲以上人口家庭2手菸暴露率,"['14464', '89657']"
18歲以上人口曾經醉酒率,['14489']
18歲以上人口每日吸菸率,['14461']
18歲以上人口目前吸菸率,['14463']
18歲以上人口目前嚼檳榔率,"['14492', '14493']"
18歲以上人口禁菸公共場所2手菸暴露率,"['14466', '89659']"
18歲以上人口過去1個月喝超過1個標準杯之百分比,['14487']
18歲以上人口過去1個月暴飲率,['14488']
18歲以上人口過去1個月曾經醉酒率,['14490']
18歲以上人口過去飲酒率,['14486']
18歲以上吸菸者每天平均吸菸支數,['14459']
18歲以上吸菸者醫護人員勸戒率,['14468']
18歲以上國人自覺健康良好的百分比,['14415']
18歲以上民眾每日攝取3蔬2果比率的人口比率,"['14512', '14513']"
18歲以上過重及肥胖率,"['14419', '14421']"
19歲以上國人每人每天從飽和脂肪酸攝入的能量占總能量的平均百分比,['89629']
19歲以上國人每人每天鹽攝取量,['89634']
19歲以上國人熱量攝取量,['88456']
2001-2018定醫呼吸道病毒分離前5大基因型,['43981']
20歲以上國人糖尿病盛行率,['9337']
20歲以上國人高血壓盛行率,['9336']
20歲以上國人高血脂盛行率,['88454']
2級品管驗證通過之食品業者名單資料集,['48579']
30歲以上嚼檳榔或吸菸者最近兩年內接受口腔癌篩檢率,"['14681', '14682']"
3高盛行率,"['14422', '14424']"
4大非傳染病之死亡機率,"['14445', '14446', '14447', '14448', '14449', '14450', '14451', '14452', '88449']"
65歲以上人口規律運動率,['9338']
65歲以上老人失能率,['88441']
65歲以上老人過去1星期從事運動比率,['14498']
6歲以下兒童執行口腔預防保健服務之比率 (牙醫門診總額指標),['24892']
6歲以下兒童氣喘住院率 (西醫基層總額指標),['21272']
6歲以下轉出逾未納健保人數,['37278']
AED位置資訊,['12063']
B型及C型肝炎治療計畫,['39268']
COVID-19全球疫情資訊,['128062']
COVID-19台灣最新病例、檢驗統計,['120450']
COVID-19各國家地區累積病例數與死亡數,['120449']
GMP中藥廠名單,['8586']
GMP製造許可廢止資料集,['9011']
GMP證明書註銷資料集,['9010']
HACCP課程資料集,['9006']
HACCP課程辦理單位名單資料集,['11507']
NPEV腸病毒統計表,['43984']
PIC/S GMP藥廠名單資料集,['6946']
Rapiacta使用情形,['43591']
Relenza使用情形,['43592']
Tamiflu使用情形,['43593']
「109 年全方位癌症防治策進計畫」 醫院名單,['119183']
「低收入戶及中低收入戶之體外受精(俗稱試管嬰兒)補助方案」特約人工生殖機構名單,['33808']
「便捷貿e網」中藥材進口統計資料,['7179']
「孕婦乙型鏈球菌篩檢補助服務方案」特約院所名單,['6963']
「孕婦產前健康照護衛教指導服務補助方案」受訓人員合格名單,['37936']
「小兒氣喘緩解期中醫優質門診照護試辦計畫」參與院所名冊(中醫門診總額指標),['25563']
「小兒腦性麻痺中醫優質門診照護試辦計畫」參與院所名冊(中醫門診總額指標),['25564']
「校園周邊健康飲食輔導示範計畫」各地方政府衛生局輔導成果(執行單位及輔導學區資訊),"['43561', '78363']"
「校園周邊健康飲食輔導示範計畫」各地方政府衛生局輔導成果(輔導學區及店家餐飲資訊),"['43563', '78365']"
「校園周邊健康飲食輔導示範計畫」各縣市輔導成果(執行單位及輔導學區資訊),['33810']
「校園周邊健康飲食輔導示範計畫」各縣市輔導成果(輔導學區及店家餐飲資訊),['33811']
一般護理之家評鑑結果,['8576']
不符合食品資訊資料集,['6133']
中央健康保險署單位決算,['87049']
中央健康保險署單位預算(法定預算),['85271']
中央健康保險署單位預算(預算案),['85270']
中央健康保險署會計報告,['19696']
中央健康保險署會計月報,"['30477', '43224', '78974', '99342', '120353']"
中央政府前瞻基礎建設計畫特別決算審定本,['112022']
中央政府前瞻基礎建設計畫特別預算會計月報,"['56948', '99127']"
中央政府前瞻基礎建設計畫特別預算月報,"['112019', '112021']"
中央政府前瞻基礎建設計畫特別預算決算書,['99326']
中華民國廚師證書資料集,['9009']
中藥用藥品項檔-單方,['39247']
中藥用藥品項檔-複方,['39248']
中藥藥品許可證查詢,['8578']
中醫傷科占率,['79573']
中醫總額專業醫療服務品質指標統計報表-季報,"['12674', '12676', '12678', '12680', '12682', '12684', '12686', '12688', '12690', '12692', '12694', '39300', '39301', '54361', '103794']"
中醫總額專業醫療服務品質指標統計報表-年報,"['12675', '12677', '12679', '12681', '12683', '12685', '12687', '12689', '12691', '12693', '39286', '39302', '54354']"
中醫醫療機構負責醫師訓練管理系統,['12591']
中醫門診者處方用藥日數重疊2日以上之比率 (中醫門診總額指標),['25305']
中醫院所假日看診統計資料,['68111']
主管-公款補(捐)助情形季報表,"['43587', '44952']"
主管「前瞻基礎建設計畫第1、2期特別預算補(捐)助情形季報表」,['89938']
主管中央政府嚴重特殊傳染性肺炎防治及紓困振興特別預算收支執行狀況月報表,['122849']
主管公務預算補(捐)助地方政府情形表,['122673']
主管公務預算補(捐)助情形季報表,['121091']
主管前瞻基礎建設計畫特別預算補(捐)助地方政府情形表,['122676']
主管嚴重特殊傳染性肺炎防治及紓困振興特別預算執行情形,['122760']
乳房X光攝影認證醫療機構,['6458']
乳癌確認診斷及治療醫院,['8108']
乳癌確認診斷醫療院所,['8107']
乳癌篩檢陽性個案追蹤完成率,['14684']
人工膝關節置換手術後9十日以內傷口感染率(疾病別指標),['39211']
人工膝關節置換手術後9十日以內置換物深部感染率(疾病別指標),['39212']
人體器官保存庫許可資料集,['9646']
代謝症候群判定標準,['8839']
住院之病例組合指標(CMI)值(醫院總額指標),['18593']
住院診斷關聯群支付制度(DRG)之案件3日內再急診率(醫院總額指標),['18596']
住院診斷關聯群支付制度(DRG)之案件十4日內再住院率(醫院總額指標),['18595']
住院診斷關聯群支付制度(DRG)之案件轉出率(醫院總額指標),['18597']
依法應設置哺集乳室公共場所名單,['23750']
保健闢謠,['43338']
健保卡申領地點,['20252']
健保承保業務統計資料,['7555']
健保特材收載品項,['9386']
健保特約機構口罩剩餘數量明細清單,['116285']
健保特約醫事機構-區域醫院,['39281']
健保特約醫事機構-地區醫院,['39282']
健保特約醫事機構-藥局,['39284']
健保特約醫事機構-診所,['39283']
健保特約醫事機構-醫學中心,['39280']
健保用藥品項查詢項目檔,['23715']
健保藥品使用量分析檔,['22131']
健保門診及住院就診人次統計-其他肺炎,['14595']
健保門診及住院就診人次統計-急性上呼吸道感染,['14596']
健保門診及住院就診人次統計-手足口病,['14592']
健保門診及住院就診人次統計-水痘,['14599']
健保門診及住院就診人次統計-流感及其所致肺炎,['14594']
健保門診及住院就診人次統計-猩紅熱,['14598']
健保門診及住院就診人次統計-疱疹性咽峽炎,['14591']
健保門診及住院就診人次統計-腸病毒,['14590']
健保門診及住院就診人次統計-腹瀉,['14597']
健保門診及住院就診人次統計-類流感,['14593']
健保闢謠資料,['43477']
健康99網站 教材推薦Q&A,['9379']
健康99網站使用Q&A,['9373']
健康99網站教材索取Q&A,['9378']
健康促進學校國際認證獲獎學校名單,['6959']
健康促進醫院國際網絡會員名單,['6958']
健康檢查普及率-3歲至6歲之兒童 (西醫基層總額指標),['21277']
健康檢查普及率-40歲至64歲之成人 (西醫基層總額指標),['21274']
健康檢查普及率-65歲以上之成人 (西醫基層總額指標),['21275']
健康檢查普及率-小於3歲之兒童 (西醫基層總額指標),['21276']
健康照護基金會計月報,"['20205', '27860']"
健康照護基金附屬單位決算,"['13971', '27862', '43585']"
健康照護基金附屬單位決算(審定本),"['22085', '54247']"
健康照護基金附屬單位法定預算,['44098']
健康照護基金附屬單位預算(法定預算),['20407']
健康照護基金附屬單位預算案,"['12570', '21102']"
健康腰圍判定與測量,['8840']
健康醫院認證名單,['117923']
健康食品及膠囊錠狀食品非預期反應諮議小組委員名單資料集,['20560']
健康食品審議小組委員名單資料集,['20561']
健康食品資料集,['6951']
傳染病指定隔離醫院及應變醫院名單,['43598']
優良廚師資料集,['9008']
兒童及少年保護案件資料,['40340']
兒童及少年生活狀況調查,['8564']
兒童於急性鼻竇炎使用氟化恩菎類抗生素案件比率,['79565']
兒童於慢性鼻竇炎使用氟化恩菎類抗生素案件比率,['79566']
兒童發展聯合評估中心名單,['8947']
兒童與青少年生長身體質量指數(BMI)建議值,['8491']
兒童衛教指導服務補助方案特約院所名單,['7006']
兒童醫院評核標準及評量項目,['8584']
全台長期照顧管理中心,['8575']
全國原住民納保分布,['26765']
全國禁菸場所-公園綠地,['31163']
全國糖尿病支持團體名單,['8833']
全國老人福利機構名冊,['8572']
全國設籍人口參加健保人數,['37276']
全國身心障礙福利機構一覽表,['12061']
全國開業護理機構清冊(含一般護理之家、居家護理所及產後護理之家),['115950']
全日平均護病比,"['37277', '39333', '45294', '78980', '100322', '119725']"
全民健保特約醫院之保險病床比率,['9402']
全民健康保險保險對象人數按類別性別年齡層統計,['20254']
全民健康保險保險對象保險費及滯納金分期繳納按行政區分布,['23716']
全民健康保險保險對象保險費欠費移送行政執行按行政執行分署分布,['26766']
全民健康保險保險對象保險費欠費辦理紓困貸款情形-按行政區域及年齡級距,['23717']
全民健康保險保險對象保險費欠費辦理紓困貸款情形-按行政區域及申請條件,['23718']
全民健康保險停歇業投保單位資料(不含外傭單位),['26767']
全民健康保險各級政府補助弱勢保險對象統計資料,['23719']
全民健康保險各級政府補助弱勢保險對象統計資料補助項目一覽表,['106333']
全民健康保險基金會計月報,"['19734', '30480', '43580', '78973', '99122', '117351']"
全民健康保險基金法定預算,"['19737', '43583', '76227', '98868', '117320']"
全民健康保險基金附屬單位決算,"['19730', '30475', '43581', '78976', '102654']"
全民健康保險基金附屬單位決算(院編決算),['117678']
全民健康保險基金預算案,"['12414', '21570', '39306', '79624', '90858', '107502']"
全民健康保險對象初設戶籍投保資料,['26768']
全民健康保險投保金額分級表,['20251']
全民健康保險新成立投保單位資料(不含外傭單位),['26769']
全民健康保險會委員會議議事錄,['7554']
全民健康保險爭議審議案件統計,['6005']
全民健康保險特約院所固定服務時段,['39291']
全民健康保險特約院所特定假期服務時段,['39334']
全民健康保險第5類(低收入戶)被保險人身心障礙者人數統計資料,['26770']
全民健康保險第6類(地區人口)保險對象身心障礙者人數統計資料,['26771']
全民健康保險第6類-地區人口保險對象投保全民健康保險聯繫資料,['20255']
全民健康保險紓困基金法定預算,['44100']
全民健康保險紓困基金附屬單位決算分決算,['86663']
全民健康保險紓困基金附屬單位預算(法定預算),['20414']
全民健康保險紓困基金附屬單位預算案,"['12572', '36184']"
全民健康保險紓困基金預算案,"['21099', '52738']"
全民健康保險西醫住院病患中醫特定疾病輔助醫療計畫承辦院所名單,['39274']
全民健康保險註冊多憑證系統之投保單位家數統計資料,['26772']
全自費醫材健保替代品項明細,['128318']
全部藥品許可證資料集,['9122']
公、民營事業、機構及有1定雇主之受僱者健保費負擔金額表,['20246']
公務人員、公職人員、志願役軍人健保費負擔金額表,['20243']
公告檢驗方法資料集,['11512']
公款補(捐)助團體、縣市政府及個人情形季報表,['75403']
公款補(捐)助團體及個人情形季報表,['85210']
公款補(捐)助團體縣市政府及個人情形季報表,"['42816', '44827', '75458']"
公款補(捐)助縣市政府情形季報表,['85272']
公款補助團體、縣市政府及個人情形季報表,['44970']
公民營事業機構受僱者月平均投保金額成長率,['23720']
公益彩券協助經濟弱勢繳納健保欠費按受協助者行政區域分布,['26852']
公費A型肝炎疫苗實施地區與接種時程,['74763']
具2度或3度心臟傳導隔斷病史之高血壓病人使用乙型阻斷劑(β-Blocker)比率 (西醫基層總額指標),['21254']
具高鉀血症病史之高血壓病人使用保鉀利尿劑(Potassium-sparing diuretics)或醛固酮拮抗劑(Aldosterone antagonist)之比率(西醫基層總額指標),['39245']
具高鉀血症病史之高血壓病人使用保鉀利尿劑(Potassium-sparing diuretics)或醛固酮拮抗劑(Aldosterone antagonist)之比率(醫院總額指標),['18581']
具高鉀血症病史之高血壓病人使用保鉀利尿劑(Potassium-sparing diuretics)或醛固酮拮抗劑(Aldosterone antagonist)兩種藥品，且有追蹤血鉀數值(執行血鉀檢查)之比率(西醫基層總額指標),['21255']
具高鉀血症病史之高血壓病人使用保鉀利尿劑(Potassium-sparing diuretics)或醛固酮拮抗劑(Aldosterone antagonist)兩種藥品，且有追蹤血鉀數值(執行血鉀檢查)之比率(醫院總額指標),['18591']
再生醫學諮議小組委員名單資料集,['20568']
出生通報數與活產、死產百分比,['88445']
出院後3日以內同院所再急診率(醫院總額指標),['18615']
前瞻基礎建設計畫暨特別預算會計月報,"['118959', '129932']"
加護病房侵入性導管相關感染密度與導管使用比率資料,['26326']
加護病房種類別醫療照護相關感染密度資料,['26327']
加護病房醫療照護相關感染個案侵入性導管相關比率資料,['26325']
加護病房醫療照護相關感染部位別感染密度資料,['26324']
動物用藥殘留標準資料集,['6948']
化粧品GMP查核名單資料集,['9827']
化粧品不合格產品名單資料集,['14185']
十3歲以上病人執行全口牙結石清除之比率 (牙醫門診總額指標),['24893']
十8歲以上慢性鼻竇炎病人於住院手術前3個月內有做電腦斷層造影或鼻竇內視鏡檢查比率(疾病別指標),['39244']
原民會補助原住民保險費分布,['26773']
參加「全民健康保險氣喘醫療給付改善方案」之病人因氣喘發作而住院之比率(疾病別指標),['39223']
參加「全民健康保險氣喘醫療給付改善方案」之病人因氣喘發作而至急診就醫之比率(疾病別指標),['39224']
參與母嬰親善醫療院所認證機構之出生數涵蓋率,['14703']
參與癌症醫療品質提升計畫提供安寧服務之醫院,['8073']
受理各類人民申請案件處理期限,['8580']
口罩響應人道援助之前1日同意援助明細清單,['120804']
口腔癌確認診斷及治療醫院名單,['8075']
口腔癌篩檢院所名單,['31029']
口腔癌篩檢陽性個案追蹤完成率,['14690']
可供食品使用原料彙整一覽表,['8452']
台灣COVID-19冠狀病毒檢測每日送驗數,['120451']
各住院診斷關聯群支付制度(DRG)之平均住院天數(醫院總額指標),['18594']
各年度各國食品輸入重量前10名資料集,['14178']
各年度各業別領有管制藥品登記證統計資料集,['9568']
各年度專門職業別領有使用執照統計資料集,['9569']
各年度輸入重量前10名之中分類產品資料集,['14179']
各年度輸入食品各中分類產品檢驗結果資料集,['14180']
各年度輸入食品各檢驗項目檢驗結果資料集,['14181']
各直轄市、縣(市)政府防治中心通訊一覽表,['8559']
各縣市合約戒菸醫療院所,['6954']
各縣市戒菸服務合約醫事機構數,['6952']
各縣市早期療育單位一覽表,['130229']
各縣市補助全民健康保險健保保險費聯繫資料,['20253']
各縣市退休相關人民團體名冊,['37422']
各縣市門診戒菸人數服務概況,['6955']
各縣市門診戒菸人次服務概況,['6956']
各醫院4類病床平均占床率,['79622']
各醫院全日平均護病比加成點數,['45113']
各項預防接種完成率統計表,['24457']
各項預防接種工作量統計,['24458']
各類抗蛇毒血清按縣市按月份供應量,['43603']
各類癌症健保前10大醫療支出統計,"['39310', '39311']"
各類運動消耗熱量表,['8494']
同1中醫院所就診次數每月達8次以上之比率 (中醫門診總額指標),['25504']
同醫院生產案件出院後十4日以內非計畫性再住院率(醫院總額指標),['18612']
同醫院門診同藥理用藥日數重疊率-安眠鎮靜(醫院總額指標),['18607']
同醫院門診同藥理用藥日數重疊率-抗思覺失調症(醫院總額指標),['18605']
同醫院門診同藥理用藥日數重疊率-抗憂鬱症(醫院總額指標),['18606']
同醫院門診同藥理用藥日數重疊率-降血壓 (口服)(醫院總額指標),['18599']
同醫院門診同藥理用藥日數重疊率-降血糖(醫院總額指標),['18601']
同醫院門診同藥理用藥日數重疊率-降血脂 (口服)(醫院總額指標),['18600']
同院所門診同藥理用藥日數重疊率-安眠鎮靜 (西醫基層總額指標),['23066']
同院所門診同藥理用藥日數重疊率-抗思覺失調症 (西醫基層總額指標),['23067']
同院所門診同藥理用藥日數重疊率-抗憂鬱症 (西醫基層總額指標),['23068']
同院所門診同藥理用藥日數重疊率-降血壓 (口服) (西醫基層總額指標),['23069']
同院所門診同藥理用藥日數重疊率-降血糖 (西醫基層總額指標),['23070']
同院所門診同藥理用藥日數重疊率-降血脂 (口服) (西醫基層總額指標),['23071']
單位決算,"['13970', '20195', '27859', '43954']"
單位決算(審定本),"['21822', '54316']"
嚴重違反GMP藥廠,['9567']
回收藥品資料集,['6947']
國中生嚼檳率,['9339']
國中生學校2手菸暴露率,"['14476', '89641']"
國中生家庭2手菸暴露率,['14478']
國中生目前吸菸率,"['9340', '14473']"
國中生身體活動不足率,['89653']
國中生電子煙吸食率,['14471']
國人全民健康保險就醫疾病資訊,['9403']
國人膳食營養素上限參考攝取量,['8497']
國內低碳醫院名單,['33806']
國內執行臨床試驗名單資料集,['9831']
國內流感定序統計表,['43979']
國內縣市獲准為WHO西太平洋區署支持的健康城市聯盟(AFHC)Associate Member名單,['37495']
國內腸病毒EVD68統計表,['43980']
國外工廠GMP核備事項註銷,['9566']
國家中醫藥研究所會計月報,"['20292', '31784', '43446']"
國家中醫藥研究所決算,"['20380', '53071']"
國家中醫藥研究所法定預算,"['12470', '27299', '43751', '77766']"
國家中醫藥研究所預算案,"['12499', '22367', '40035', '52909', '90939']"
國民健康署、會計月報,['71175']
國民健康署公務單位決算,['18569']
國民健康署公務會計月報,"['18258', '44079', '78506', '99072', '117945']"
國民健康署公務法定預算,"['12617', '27212', '44969', '99288']"
國民健康署公務預算,"['21420', '36209', '62827', '78200', '107498']"
國民健康署公務預算案,"['44078', '91447']"
國民健康署公款補(捐)助情形季報表,"['78940', '100748', '120374']"
國民健康署單位預算案,['129812']
國民健康署基金法定預算,['53059']
國民健康署基金預算,['108085']
國民健康署基金預算案,['13007']
國民健康署審查通過之遺傳性及罕見疾病檢驗機構-基因檢驗項目名單,['9015']
國民健康署審查通過之遺傳性及罕見疾病檢驗機構-臨床細胞遺傳學檢驗項目名單,['9016']
國民健康署法定單位預算,['117730']
國民健康署菸害防制及衛生保健基金捐助團體、個人情形季報表,"['87974', '87979']"
國民健康署菸害防制及衛生保健基金決算,['19991']
國民健康署菸害防制及衛生保健基金法定預算,"['18838', '114636', '128652']"
國民健康署菸害防制及衛生保健基金補(捐)助情形季報表,['120431']
國民健康署菸害防制及衛生保健基金預算案,"['20551', '35395', '54844', '92372', '129937']"
國民健康署許可通過人工生殖機構名單,['8990']
國民年金監理委員會議會議紀錄,['25764']
國民年金監理會季工作報告,['25765']
國產原料藥諮議小組委員名單資料集,['20570']
國產及輸入生物藥品檢驗封緘資料集,['9830']
國產維生素類錠狀膠囊狀食品資料集,['9046']
國際旅遊疫情建議等級表,['10567']
國際旅遊處方箋網頁內容,['42781']
國際重要疫情資訊,['10568']
地區年齡性別統計表-HIV感染(含母子垂直感染疑似個案),['6885']
地區年齡性別統計表-中東呼吸症候群冠狀病毒感染症,['8923']
地區年齡性別統計表-中東呼吸症候群冠狀病毒感染症(以週為單位),['9905']
地區年齡性別統計表-伊波拉病毒感染,['8925']
地區年齡性別統計表-伊波拉病毒感染(以週為單位),['9907']
地區年齡性別統計表-侵襲性肺炎鏈球菌感染症,['8919']
地區年齡性別統計表-侵襲性肺炎鏈球菌感染症(以週為單位),['9901']
地區年齡性別統計表-侵襲性ｂ型嗜血桿菌感染症,['8907']
地區年齡性別統計表-侵襲性ｂ型嗜血桿菌感染症(以週為單位),['9889']
地區年齡性別統計表-傷寒,['8885']
地區年齡性別統計表-傷寒(以週為單位),['9868']
地區年齡性別統計表-先天性德國麻疹症候群,['8909']
地區年齡性別統計表-先天性德國麻疹症候群(以週為單位),['9891']
地區年齡性別統計表-兔熱病,['8918']
地區年齡性別統計表-兔熱病(以週為單位),['9900']
地區年齡性別統計表-副傷寒,['8886']
地區年齡性別統計表-副傷寒(以週為單位),['9869']
地區年齡性別統計表-嚴重急性呼吸道症候群,['8878']
地區年齡性別統計表-嚴重急性呼吸道症候群(以週為單位),['9861']
地區年齡性別統計表-嚴重特殊傳染性肺炎,['118039']
地區年齡性別統計表-嚴重特殊傳染性肺炎(以週為單位),['118038']
地區年齡性別統計表-嚴重特殊傳染性肺炎(以週為單位)-依個案研判日統計,['120309']
地區年齡性別統計表-嚴重特殊傳染性肺炎-依個案研判日統計,['120711']
地區年齡性別統計表-地方性斑疹傷寒,['8915']
地區年齡性別統計表-地方性斑疹傷寒(以週為單位),['9897']
地區年齡性別統計表-多重抗藥性結核病,['8896']
地區年齡性別統計表-多重抗藥性結核病(以週為單位),['9878']
地區年齡性別統計表-天花,['8877']
地區年齡性別統計表-天花(以週為單位),['9860']
地區年齡性別統計表-小兒麻痺,['8887']
地區年齡性別統計表-小兒麻痺(以週為單位),['9870']
地區年齡性別統計表-屈公病,['8668']
地區年齡性別統計表-屈公病(以週為單位),['9919']
地區年齡性別統計表-布氏桿菌病,['8922']
地區年齡性別統計表-布氏桿菌病(以週為單位),['9904']
地區年齡性別統計表-庫賈氏病,['8913']
地區年齡性別統計表-庫賈氏病(以週為單位),['9895']
地區年齡性別統計表-弓形蟲感染症,['8921']
地區年齡性別統計表-弓形蟲感染症(以週為單位),['9903']
地區年齡性別統計表-後天免疫缺乏症候群,['6886']
地區年齡性別統計表-德國麻疹,['8880']
地區年齡性別統計表-德國麻疹(以週為單位),['9863']
地區年齡性別統計表-急性無力肢體麻痺,['8888']
地區年齡性別統計表-急性無力肢體麻痺(以週為單位),['9871']
地區年齡性別統計表-急性病毒性C型肝炎,['8901']
地區年齡性別統計表-急性病毒性C型肝炎(以週為單位),['9883']
地區年齡性別統計表-急性病毒性D型肝炎,['8902']
地區年齡性別統計表-急性病毒性D型肝炎(以週為單位),['9884']
地區年齡性別統計表-急性病毒性E型肝炎,['8903']
地區年齡性別統計表-急性病毒性E型肝炎(以週為單位),['9885']
地區年齡性別統計表-急性病毒性肝炎未定型,['8911']
地區年齡性別統計表-急性病毒性肝炎未定型(以週為單位),['9893']
地區年齡性別統計表-急性病毒性Ａ型肝炎,['8892']
地區年齡性別統計表-急性病毒性Ａ型肝炎(以週為單位),['9874']
地區年齡性別統計表-急性病毒性Ｂ型肝炎,['8900']
地區年齡性別統計表-急性病毒性Ｂ型肝炎(以週為單位),['9882']
地區年齡性別統計表-恙蟲病,['8665']
地區年齡性別統計表-恙蟲病(以週為單位),['9917']
地區年齡性別統計表-拉薩熱,['8926']
地區年齡性別統計表-拉薩熱(以週為單位),['9908']
地區年齡性別統計表-新型A型流感,['8929']
地區年齡性別統計表-新型A型流感(以週為單位),['9911']
地區年齡性別統計表-新生兒破傷風,['8910']
地區年齡性別統計表-新生兒破傷風(以週為單位),['9892']
地區年齡性別統計表-日本腦炎,['8667']
地區年齡性別統計表-日本腦炎(以週為單位),['9918']
地區年齡性別統計表-李斯特菌症,['101740']
地區年齡性別統計表-李斯特菌症(以週為單位),['101741']
地區年齡性別統計表-桿菌性痢疾,['6883']
地區年齡性別統計表-桿菌性痢疾(以週為單位),['9915']
地區年齡性別統計表-梅毒,['8905']
地區年齡性別統計表-梅毒(以週為單位),['9887']
地區年齡性別統計表-水痘併發症,['8917']
地區年齡性別統計表-水痘併發症(以週為單位),['9899']
地區年齡性別統計表-流感併發重症,['8930']
地區年齡性別統計表-流感併發重症(以週為單位),['9925']
地區年齡性別統計表-流行性斑疹傷寒,['8671']
地區年齡性別統計表-流行性斑疹傷寒(以週為單位),['9921']
地區年齡性別統計表-流行性腦脊髓膜炎,['8884']
地區年齡性別統計表-流行性腦脊髓膜炎(以週為單位),['9867']
地區年齡性別統計表-流行性腮腺炎,['8904']
地區年齡性別統計表-流行性腮腺炎(以週為單位),['9886']
地區年齡性別統計表-淋病,['8906']
地區年齡性別統計表-淋病(以週為單位),['9888']
地區年齡性別統計表-漢他病毒出血熱,['8894']
地區年齡性別統計表-漢他病毒出血熱(以週為單位),['9876']
地區年齡性別統計表-漢他病毒肺症候群,['8895']
地區年齡性別統計表-漢他病毒肺症候群(以週為單位),['9877']
地區年齡性別統計表-漢生病,['8897']
地區年齡性別統計表-漢生病(以週為單位),['9879']
地區年齡性別統計表-炭疽病,['8882']
地區年齡性別統計表-炭疽病(以週為單位),['9865']
地區年齡性別統計表-狂犬病,['8676']
地區年齡性別統計表-狂犬病(以週為單位),['9924']
地區年齡性別統計表-疱疹B病毒感染症,['8920']
地區年齡性別統計表-疱疹B病毒感染症(以週為單位),['9902']
地區年齡性別統計表-瘧疾,['8890']
地區年齡性別統計表-瘧疾(以週為單位),['9872']
地區年齡性別統計表-登革出血熱/登革休克症候群,['8889']
地區年齡性別統計表-登革出血熱/登革休克症候群(以週為單位),['45946']
地區年齡性別統計表-登革熱,['6879']
地區年齡性別統計表-登革熱(以週為單位),['9912']
地區年齡性別統計表-白喉,['8883']
地區年齡性別統計表-白喉(以週為單位),['9866']
地區年齡性別統計表-百日咳,['8898']
地區年齡性別統計表-百日咳(以週為單位),['9880']
地區年齡性別統計表-破傷風,['8899']
地區年齡性別統計表-破傷風(以週為單位),['9881']
地區年齡性別統計表-結核病,['6882']
地區年齡性別統計表-結核病(以週為單位),['9914']
地區年齡性別統計表-肉毒桿菌中毒,['8912']
地區年齡性別統計表-肉毒桿菌中毒(以週為單位),['9894']
地區年齡性別統計表-腸病毒感染併發重症,['6880']
地區年齡性別統計表-腸病毒感染併發重症(以週為單位),['9913']
地區年齡性別統計表-腸道出血性大腸桿菌感染症,['8893']
地區年齡性別統計表-腸道出血性大腸桿菌感染症(以週為單位),['9875']
地區年齡性別統計表-茲卡病毒感染症,['27625']
地區年齡性別統計表-茲卡病毒感染症(以週為單位),['27624']
地區年齡性別統計表-萊姆病,['8914']
地區年齡性別統計表-萊姆病(以週為單位),['9896']
地區年齡性別統計表-裂谷熱,['8928']
地區年齡性別統計表-裂谷熱(以週為單位),['9910']
地區年齡性別統計表-西尼羅熱,['8670']
地區年齡性別統計表-西尼羅熱(以週為單位),['9920']
地區年齡性別統計表-退伍軍人病,['8908']
地區年齡性別統計表-退伍軍人病(以週為單位),['9890']
地區年齡性別統計表-鉤端螺旋體病,['8674']
地區年齡性別統計表-鉤端螺旋體病(以週為單位),['9923']
地區年齡性別統計表-阿米巴性痢疾,['6884']
地區年齡性別統計表-阿米巴性痢疾(以週為單位),['9916']
地區年齡性別統計表-霍亂,['8881']
地區年齡性別統計表-霍亂(以週為單位),['9864']
地區年齡性別統計表-類鼻疽,['8673']
地區年齡性別統計表-類鼻疽(以週為單位),['9922']
地區年齡性別統計表-馬堡病毒出血熱,['8927']
地區年齡性別統計表-馬堡病毒出血熱(以週為單位),['9909']
地區年齡性別統計表-麻疹,['8891']
地區年齡性別統計表-麻疹(以週為單位),['9873']
地區年齡性別統計表-黃熱病,['8924']
地區年齡性別統計表-黃熱病(以週為單位),['9906']
地區年齡性別統計表-鼠疫,['8879']
地區年齡性別統計表-鼠疫(以週為單位),['9862']
地區年齡性別統計表-Ｑ熱,['8916']
地區年齡性別統計表-Ｑ熱(以週為單位),['9898']
執行口腔癌篩檢之案件數(牙醫門診總額指標),['24894']
執行單純齒切除之數量 (牙醫門診總額指標),['24895']
執行牙周病基礎治療之人數 (牙醫門診總額指標),['24896']
執行複雜齒切除之數量 (牙醫門診總額指標),['24897']
基因改造食品原料英文資料集,['9048']
基因改造食品原料資料集,['8450']
基因改造食品審議小組委員名單資料集,['20562']
基因改造食品諮議會委員名單資料集,['20563']
基金會名錄,['8568']
塑膠類食品器具容器包裝宣導資訊資料集,['14190']
塑膠類食品器具容器包裝歷年檢驗結果資料集,['14191']
大腸癌篩檢檢驗之醫事機構名單,['8074']
大腸癌篩檢陽性個案追蹤完成率,['14688']
婦女最近內接受子宮頸癌篩檢率,"['14675', '14676']"
婦女最近兩年內接受乳癌篩檢率,"['14670', '14671']"
婦女福利服務中心連絡一覽表,['8563']
嬰兒與較大嬰兒配方食品資料集,['8451']
子宮肌瘤手術出院後十4日以內因該手術相關診斷再住院率(疾病別指標),['39217']
子宮肌瘤手術出院後十4日以內相關器官損傷發生率(疾病別指標),['39215']
子宮肌瘤手術出院後十4日以內相關器官癥候發生率(疾病別指標),['39216']
子宮肌瘤手術當次住院日數大於7日比率(疾病別指標),['39214']
子宮頸抹片檢查病理單位院所名單,['31030']
子宮頸癌陽性個案追蹤完成率,['14686']
子宮頸細胞病理診斷單位名單,['8109']
孕婦乙型鏈球菌篩檢補助服務方案_不收差額之特約院所名單,['6962']
孕婦乙型鏈球菌醫事檢驗機構認證院所,['6964']
安寧療護院所申辦名冊,['9404']
家庭暴力及性侵害防治基金-補(捐)助政府機關及私人團體季報,['55222']
家庭暴力及性侵害防治基金附屬單位決算,['54470']
家庭暴力及性侵害防治基金附屬單位決算分決算,['76641']
家庭暴力及性侵害防治基金附屬單位決算分決算(審定本),['54250']
家庭暴力及性侵害防治基金附屬單位預算案,['36191']
家庭暴力及性侵害防治基金預算案,['52746']
家庭暴力案件資料,['40338']
家庭醫師整合性照護計畫院所,['10071']
實施人工膝關節置換術出院後3十日以內因相關問題再住院率(疾病別指標),['39213']
實驗室通報臨床菌株之抗生素感受性統計資料分析,['43600']
審查通過之新生兒聽力篩檢院所名單,['33027']
專科護理師訓練醫院統計,['118550']
對民間團體及個人補(捐)助預算執行季報表,"['41134', '62970']"
就診中醫門診後同日再次就診中醫之比率 (中醫門診總額指標),['25505']
就診後同日於同醫院因同疾病再次就診率(醫院總額指標),['18585']
就診後同日於同院所再次就診率 (西醫基層總額指標),['23072']
居家托育人員性別暨年齡統計(依縣市),['128944']
居家醫療整合計畫參與院所名單,['39331']
市售食品中殘留動物用藥監測結果資料集,['14187']
市售食品中真菌毒素汙染監測計畫檢驗結果資料集,['14188']
市售食品調查蔬果農藥殘留資料集,['8935']
市售飲料熱量,['8496']
常見濫用管制藥品資料集,['6944']
年度管制藥品實地稽核查獲違規者違規項目統計資料集,['11501']
年度管制藥品實地稽核結果資料集,['11500']
幼兒常規疫苗接種時間試算表,['8481']
廚師證書辦理單位名單資料集,['11509']
建議檢驗方法資料集,['11513']
急性心肌梗塞(AMI) 病人出院後3日以內因同1主診斷或相關病情之急診返診比率-同院(醫院總額指標),['18586']
急性心肌梗塞(AMI) 病人出院後3日以內因同1主診斷或相關病情之急診返診比率-跨院(醫院總額指標),['18587']
急性心肌梗塞(AMI)病人出院後3個月以內給藥比率-乙型阻斷劑(β-Blocker)(疾病別指標),['39236']
急性心肌梗塞(AMI)病人出院後3個月以內給藥比率-腺嘌呤2磷酸受體拮抗劑(ADP受體拮抗劑)(疾病別指標),['39233']
急性心肌梗塞(AMI)病人出院後3個月以內給藥比率-血管張力素轉化酶抑制劑(ACE inhibitor)或血管張力素II受體阻斷劑(ARB)(疾病別指標),['39239']
急性心肌梗塞(AMI)病人出院後3個月以內給藥比率-阿斯匹靈(Aspirin)(疾病別指標),['39230']
急性心肌梗塞(AMI)病人出院後3日以內因同1主診斷或相關病情之急診返診比率(疾病別指標),['39242']
急性心肌梗塞(AMI)病人出院後6個月以內給藥比率-乙型阻斷劑(β-Blocker)(疾病別指標),['39237']
急性心肌梗塞(AMI)病人出院後6個月以內給藥比率-腺嘌呤2磷酸受體拮抗劑(ADP受體拮抗劑)(疾病別指標),['39234']
急性心肌梗塞(AMI)病人出院後6個月以內給藥比率-血管張力素轉化酶抑制劑(ACE inhibitor)或血管張力素II受體阻斷劑(ARB)(疾病別指標),['39240']
急性心肌梗塞(AMI)病人出院後6個月以內給藥比率-阿斯匹靈(Aspirin)(疾病別指標),['39231']
急性心肌梗塞(AMI)病人出院後9個月以內給藥比率-乙型阻斷劑(β-Blocker)(疾病別指標),['39238']
急性心肌梗塞(AMI)病人出院後9個月以內給藥比率-腺嘌呤2磷酸受體拮抗劑(ADP受體拮抗劑)(疾病別指標),['39235']
急性心肌梗塞(AMI)病人出院後9個月以內給藥比率-血管張力素轉化酶抑制劑(ACE inhibitor)或血管張力素II受體阻斷劑(ARB)(疾病別指標),['39241']
急性心肌梗塞(AMI)病人出院後9個月以內給藥比率-阿斯匹靈(Aspirin)(疾病別指標),['39232']
急性心肌梗塞(AMI)病人出院後十4日以內因同1主診斷或相關病情之非計畫性再住院比率(疾病別指標),['39243']
急性心肌梗塞(AMI)病人出院後十4日以內因同1主診斷或相關病情之非計畫性再住院比率-同院(醫院總額指標),['18588']
急性心肌梗塞(AMI)病人出院後十4日以內因同1主診斷或相關病情之非計畫性再住院比率-跨院(醫院總額指標),['18589']
急性心肌梗塞(AMI)病人於住院期間執行血脂LDL檢查比率(疾病別指標),['39225']
急性心肌梗塞(AMI)病人於住院期間給藥比率-乙型阻斷劑(β-Blocker)(疾病別指標),['39228']
急性心肌梗塞(AMI)病人於住院期間給藥比率-腺嘌呤2磷酸受體拮抗劑(ADP受體拮抗劑)(疾病別指標),['39227']
急性心肌梗塞(AMI)病人於住院期間給藥比率-血管張力素轉化酶抑制劑(ACE inhibitor)或血管張力素II受體阻斷劑(ARB)(疾病別指標),['39229']
急性心肌梗塞(AMI)病人於住院期間給藥比率-阿斯匹靈(Aspirin)(疾病別指標),['39226']
急性病床住院案件住院日數超過3十日比率(醫院總額指標),['18580']
急診傳染病監測統計-急性腹瀉,['14586']
急診傳染病監測統計-手足口病,['14589']
急診傳染病監測統計-疱疹性咽峽炎,['14588']
急診傳染病監測統計-紅眼症,['14585']
急診傳染病監測統計-腸病毒,['14587']
急診傳染病監測統計-類流感,['14584']
急診就診後同日於同醫院急診返診比率(醫院總額指標),['18616']
急診就診率統計,['32029']
急診就醫件數統計,['32032']
急診就醫統計,['32031']
急診就醫總醫療費用統計,['32033']
急診患者人數統計,['32030']
急診轉住院暫留急診超過4十8小時案件比率(醫院總額指標),['18611']
性侵害案件資料,['40339']
恆牙以內同院所再補率(牙醫門診總額指標),['24898']
愛滋病-AIDS新診斷人數,['44817']
愛滋病-HIV新診斷人數,['44853']
愛滋病-HIV死亡人數,['44818']
愛滋病-愛滋病匿名篩檢諮詢服務機構名冊,['44816']
愛滋病-指定醫療機構,['44819']
慢性疾病盛行率,['8838']
慢性病連續處方箋釋出率(西醫基層指標),['79576']
慢性病連續處方箋釋出率(醫院總額指標),['79580']
慢性病開立慢性病連續處方箋百分比(西醫基層指標),['79575']
慢性病開立慢性病連續處方箋百分比(醫院總額指標),['18598']
慢性腎臟病健康促進機構名單,['7180']
慢性腎臟病分期標準,['8837']
成人健康體重標準,['8492']
成人於急性鼻竇炎使用氟化恩菎類抗生素案件比率,['79563']
成人於慢性鼻竇炎使用氟化恩菎類抗生素案件比率,['79564']
成人牙周組織健康比率(移至心理及口腔健康司),['14667']
成人預防保健服務特約醫事機構名單,['30883']
成人預防接種建議時程,['8482']
我國備查設置單位持有RG2微生物名稱及家數統計表,['26321']
我國備查設置單位持有RG3微生物名稱及家數統計表,['26322']
我國備查設置單位持有生物毒素名稱及家數統計表,['26323']
我國備查設置單位生物安全管理組織之類型及家數統計表,['26319']
我國備查設置單位設有BSL-2以上實驗室等級及間數統計表,['26320']
我國現行預防接種時程,['8483']
戒菸專線服務中心戒菸 Q&A,['9514']
戒菸服務6個月點戒菸率,['37935']
戶政司跨機關合作受理案件,['23721']
抗生素使用率 (各醫院),['79623']
抗生素使用率 (西醫基層總額指標),['23065']
抗蛇毒血清儲備點查詢,['24468']
指示藥品及成藥諮議小組委員名單資料集,['20569']
提供婦女子宮頸抹片檢查之醫院院所名單,['37579']
提昇藥事服務品質諮議小組委員名單資料集,['20571']
政府資料開放行動策略,['31284']
教學醫院評鑑基準及評量項目,['8583']
整合性篩檢服務實施區域,['8836']
整年期間健康福祉科技整合照護示範場域推動計畫,['120384']
新生兒聽力確診醫院名單,['9038']
新生兒聽力篩檢補助服務方案名單,['56966']
旅遊醫學合約醫院列表,['42783']
旅遊醫學合約醫院門診服務時間表,['42782']
日本輸入食品輻射抽驗結果資料集,['20565']
春節期間醫療機構開設類流感特別門診資料,['43597']
曾經飲酒率,['14482']
會計報告,"['19923', '27861', '43227', '79464', '110294', '120742']"
會計月報,"['25337', '77350']"
未使用血栓溶解劑治療之缺血性腦中風病人住院1日內給予抗血栓藥治療之比率,['79569']
未使用血栓溶解劑治療之缺血性腦中風病人住院2日內給予抗血栓藥治療之比率,['79570']
未註銷藥品許可證資料集,['9123']
本署新聞公告資料集,['11060']
核價成分代碼對照檔,['39246']
根管治療保存率-6個月以內 (牙醫門診總額指標),['24900']
根管治療保存率-乳牙3個月以內 (牙醫門診總額指標),['24899']
根管治療保存率-恆牙6個月以內 (牙醫門診總額指標),['24901']
根管治療完成率 (牙醫門診總額指標),['24902']
檢傷1級急診病人轉入病房小於8小時之比率,['79579']
檢傷2級急診病人轉入病房小於8小時之比率,['79578']
檢傷3級急診病人轉入病房小於8小時之比率,['79577']
歷年12歲兒童恆牙齲蝕指數(移至心理及口腔健康司),['14666']
歷年18歲以上人口目前嚼檳榔率,['14491']
歷年18歲以上民眾每日攝取3蔬2果比率的人口比率,['14511']
歷年18歲以上過重及肥胖率,['14418']
歷年3-4歲兒童牙齒塗氟至少1次利用率(移至心理及口腔健康司),['14663']
歷年30-69歲婦女最近內接受子宮頸癌篩檢率,['14673']
歷年30歲以上嚼檳榔或吸菸者最近兩年內接受口腔癌篩檢率,['14680']
歷年45-69歲婦女最近兩年內接受乳癌篩檢率,['14669']
歷年50-69歲民眾最近兩年內接受大腸癌篩檢率,['14677']
歷年5歲兒童齲齒率(移至心理及口腔健康司),['14665']
歷年65歲以上老人無牙率(移至心理及口腔健康司),['14668']
歷年65歲以上老人過去1星期從事運動比率,['14497']
歷年乳癌、子宮頸癌及大腸直腸癌存活率,['14691']
歷年乳癌篩檢陽性個案追蹤完成率,['14683']
歷年健康環境建置指標,['14705']
歷年參與母嬰親善醫療院所認證機構之出生數涵蓋率,['14702']
歷年口腔癌篩檢陽性個案追蹤完成率,['14689']
歷年大腸癌篩檢陽性個案追蹤完成率,['14687']
歷年子宮頸癌陽性個案追蹤完成率,['14685']
歷年孕婦產檢利用率指標,['14696']
歷年惡性腫瘤發生率(攝護腺癌、肺癌 、大腸直腸癌、女性乳癌、子宮頸癌),['14425']
歷年新生兒與兒童檢查利用率指標,['14698']
歷年活產新生兒低出生體重率,['14412']
歷年產後1個月純母乳哺育率,['14699']
歷年職場2手菸暴露率,['14470']
歷年職場吸菸率,['14469']
歷年預防保健服務執行情形,['9157']
死因統計,['5965']
死因統計(135分類),['46077']
母嬰親善醫療院所名單,['7182']
每人每天從飽和脂肪酸攝入的能量占總能量的平均比率,['14500']
每人每天鹽攝取量,['14510']
每張處方箋開藥品項數大於十項之案件比率(西醫基層總額指標),['21279']
每張處方箋開藥品項數大於十項之案件比率(醫院總額指標),['18592']
每月院所各總額部門醫療服務點數分布級距情形-中醫,"['9413', '49378', '49385', '49392']"
每月院所各總額部門醫療服務點數分布級距情形-基層門診透析,"['9411', '49383', '49390', '79616']"
每月院所各總額部門醫療服務點數分布級距情形-牙醫門診,"['9412', '49384', '49391', '79617']"
每月院所各總額部門醫療服務點數分布級距情形-西醫基層,"['9410', '49382', '49389', '79615']"
民眾全自費品項收費情形,['127335']
民眾最近兩年內接受大腸癌篩檢率,"['14678', '14679']"
民眾自付差額品項收費情形,['127336']
氣喘病人使用短效乙型作用劑或類固醇藥物吸入劑藥物控制比率(疾病別指標),['39222']
氣喘病人出院後十4日以內因同1疾病再入院比率(疾病別指標),['39221']
氣喘病人參加「全民健康保險氣喘醫療給付改善方案」之比率(疾病別指標),['39220']
法定預算,"['12531', '27890', '44046', '79582', '129841']"
法定預算及預算案,['93843']
注射劑使用率 (西醫基層總額指標),['21256']
活產新生兒之生產方式,['41948']
活產新生兒低出生體重率,"['14413', '14414']"
活產新生兒懷孕週數,['88451']
流感抗病毒藥劑合約院所名冊,['43596']
流感疫苗合約醫療院所名冊,['43594']
消化性潰瘍新病人執行幽門桿菌清除治療比率 (西醫基層總額指標),['21278']
消化性潰瘍病人接受除菌藥物治療比率(疾病別指標),['39218']
消化性潰瘍病人開始治療以內有用口服抗發炎劑比率(疾病別指標),['39219']
消費紅綠燈-國際化粧品,['11511']
消費紅綠燈-國際藥品,['9644']
消費紅綠燈-國際食品資料集,['9641']
清淨手術術後使用抗生素超過3日比率(醫院總額指標),['18614']
濫用藥物尿液檢驗機構認可實地評鑑委員名單資料集,['20555']
濫用藥物尿液檢驗機構認可審議委員會委員名單資料集,['20556']
災民收容場所網址,['17501']
熱量攝取與3大營養素提供百分比,['14499']
爭議審議案件結案情形統計,['25763']
牙周疾病控制基本處置執行率 (牙醫門診總額指標),['24903']
牙周病案件比率 (牙醫門診總額指標),['24904']
牙醫基層院所假日看診統計資料,['39308']
牙醫總額專業醫療服務品質指標統計報表-季報,"['13095', '13097', '13099', '13101', '13103', '13105', '13107', '13109', '13111', '13113', '39297', '39298', '54358', '103793']"
牙醫總額專業醫療服務品質指標統計報表-年報,"['13096', '13098', '13100', '13102', '13104', '13106', '13108', '13110', '13112', '39287', '39299', '54357']"
牙醫門診總額牙周病統合照護計畫參加院所及醫師名單,['39277']
牙醫門診總額特殊醫療服務試辦計畫提供特定身心障礙者牙醫服務之院所及醫師名單,['39279']
牙齒填補保存率-乳牙6個月以內 (牙醫門診總額指標),['24905']
牙齒填補保存率-以內 (牙醫門診總額指標),['24906']
牛海綿狀腦病專家諮詢會委員名單資料集,['9834']
牛海綿狀腦病專家諮詢會議紀錄資料集,['11503']
特定用途化粧品仿單或外盒資料集,['9582']
特定用途化粧品許可證資料集,['9580']
特定用途化粧品詳細處方成分資料集,['9581']
特約醫事服務機構承作健保計畫及服務情形,['39309']
生物材料庫貯存現況,['24424']
生物材料庫貯存病毒細菌株現況等級,['24423']
生產事故救濟基金附屬單位決算分決算,['76635']
生產事故救濟基金附屬單位預算案,['36193']
生產事故救濟基金預算案,['52748']
產後1個月純母乳哺育率,['14701']
疫苗基金決算書(審定本),['45226']
疫苗基金法定預算,['44104']
疫苗基金附屬單位預算(法定預算),['20417']
疫苗基金附屬單位預算案,"['12576', '21094', '36188']"
疫苗基金預算書(立法院審定),['45227']
疫苗基金預算書(預算案),['45225']
疫苗基金預算案,['52743']
疾病管制署傳染病問答集,['94195']
疾病管制署公務會計報告,['43499']
疾病管制署公務決算書(審定本),['68563']
疾病管制署公務預算(預算案),['21282']
疾病管制署公務預算季報補捐助款,['44850']
疾病管制署公務預算書(法定預算),['26336']
疾病管制署疫苗基金季報補捐助款,['12512']
疾管署澄清專區資料集,['43481']
病人用特殊營養食品許可資料集,['9642']
病原微生物基因資料庫腸病毒/流感序列流病資料表,"['43983', '88904']"
癌友導航醫院名單,['31031']
癌症復健醫院名單,['37578']
癌症死因統計,['8154']
癌症發生統計,['6399']
癌症診療品質認證結果名單,['6960']
登革熱NS1快篩試劑配置醫療院所,['31976']
登革熱病媒蚊調查資料,['24159']
登革熱起每日確定病例統計,['21025']
登革熱起每日確定病例統計 (全英文資料集),['73178']
登革熱近12個月每日確定病例統計,['21026']
登革熱近12個月每日確定病例統計 (全英文資料集),['73177']
監視中藥品名單,['9575']
監視成分藥品執行國內BA/BE/Dissolution試驗清單資料集,['10055']
監視成分藥品執行國內BA/BE試驗統計資料集,['10057']
真相說明,['43602']
真空包裝黃豆即食食品查驗登記資料集,['9045']
磁振造影(MRI)之數量、廠牌、機型、出廠日期、院所購入日期、使用年限(醫院總額指標),['22238']
社區健走步道,['31169']
社會及家庭署12 月份會計月報,['27300']
社會及家庭署公款補(捐)助團體縣市政府及個人情形季報表,['93760']
社會及家庭署前膽基礎建設特別預算會計月報,['100160']
社會及家庭署單位決算,"['18335', '27323', '43962', '77801']"
社會及家庭署單位決算(審定本),"['33676', '93759', '99508', '130259']"
社會及家庭署會計月報,"['18308', '19002', '21522', '23110', '24432', '25190', '27600', '28575', '30447', '31316', '32112', '33107', '33602', '35408', '37360', '38880', '41063', '42778', '43211', '76679', '91569', '99055', '119328']"
社會及家庭署法定預算,"['12592', '27707', '45597', '80654', '99645']"
社會及家庭署社會福利基金(合併)及社會福利基金審定決算,['44779']
社會及家庭署社會福利基金會計月報,"['18339', '19728', '21734', '28753', '44784', '81309', '96504', '100162', '117957']"
社會及家庭署社會福利基金決算,"['81224', '99435']"
社會及家庭署社會福利基金決算(審定本),['19731']
社會及家庭署社會福利基金決算(自編版),['117964']
社會及家庭署社會福利基金附屬單位決算,['29783']
社會及家庭署社會福利基金預算案,['57267']
社會及家庭署預算案,"['21361', '35434', '91872']"
社會福利基金附屬單位預算案,"['12665', '22210', '36190']"
社會福利基金預算案,['52745']
私立學校教職員健保費負擔金額表,['20245']
符合PIC/S GDP藥商名單資料集,['37424']
第1次飲酒平均年齡,['14484']
管制考核列管計畫一覽表,['8581']
管制藥品分級及品項資料集,['14201']
管制藥品管理相關法規資料集,['14182']
管制藥品簡訊季刊資料集,['9829']
簡單性拔牙執行後3十日以內不需要術後特別處理之比率(牙醫門診總額指標),['24908']
精神病人出院後3十日以內同醫院門診精神科追蹤率-急性(醫院總額指標),['18582']
精神病人出院後3十日以內同醫院門診精神科追蹤率-慢性(醫院總額指標),['18583']
糖尿病健康促進機構名單,['7181']
糖尿病病人加入照護方案比率(疾病別指標),['39210']
糖尿病病人執行檢查率-尿液蛋白質檢查(年齡、性別),['79621']
糖尿病病人執行檢查率-尿液蛋白質檢查(疾病別指標),['39209']
糖尿病病人執行檢查率-眼底檢查或眼底彩色攝影(年齡、性別),['79620']
糖尿病病人執行檢查率-眼底檢查或眼底彩色攝影(疾病別指標),['39208']
糖尿病病人執行檢查率-空腹血脂(年齡、性別),['79619']
糖尿病病人執行檢查率-空腹血脂(疾病別指標),['39207']
糖尿病病人執行檢查率-醣化血紅素(HbA1C)(年齡、性別),['79618']
糖尿病病人執行檢查率-醣化血紅素(HbA1c)(疾病別指標),['39206']
糖尿病病人空腹血脂檢查執行率 (西醫基層總額指標),['21273']
糖尿病病人血清肌酸酐檢查執行率(西醫基層總額指標),['21251']
糖尿病病人血清肌酸酐檢查執行率(醫院總額指標),['18584']
糖尿病病人醣化血紅素(HbA1c)執行率 (西醫基層總額指標),['23073']
結核病-多重抗藥結核照顧團隊醫療機構清單,['44813']
結核病-多重抗藥結核病個案數統計,['44848']
結核病-山地鄉新案發生情形統計,['44812']
結核病-新案發生數統計,['44814']
結核病-新案發生數統計(鄉鎮別),['127880']
結核病-新案發生率,['44856']
結核病-死亡統計,['44851']
結核病-每日疫情指標綜覽,['44849']
結核病-每日追蹤管理中個案統計,['44855']
結核病-治療成功率統計,['44852']
結核病-潛伏結核感染治療指定醫療機構,['44815']
結核病1線藥物依體重建議劑量表,['43344']
經評估有替代藥品品項資料集,['54504']
經評估無替代藥品品項資料集,['54505']
缺血性中風或暫時性腦缺血病人出院時有處方抗血栓藥物比率,['79567']
缺血性或出血性中風病人住院期間或出院後4個月內接受復健服務比率,['79568']
罕見疾病藥物年報,['14177']
罕見疾病通報個案統計表-月報,['128772']
職業工會投保單位基本資料暨辦理健保業務補助款明細表,['23722']
職業工會會員健保費負擔金額表,['20247']
腦中風病人住院日起1百8十日內之平均住院日數(包含住院期間及急性後期照護),['79571']
腦中風病人住院日起1百8十日內之平均住院醫療費用(包含住院期間及急性後期照護),['79572']
腸病毒分離前5大基因,['43982']
腸病毒統計,['43978']
腹膜透析(門診透析指標),['25506']
腹膜透析效率(Weekly Kt/V)檢查比率(疾病別指標),['25507']
腹膜透析病患血球比容(Hct)檢查比率(疾病別指標),['25502']
腹膜透析血清白蛋白(Albumin)檢查比率(疾病別指標),['25503']
自付差額特材功能材質分類說明,['128653']
自付差額特材數量佔率-區域醫院,['39260']
自付差額特材數量佔率-地區醫院,['39261']
自付差額特材數量佔率-基層診所,['39262']
自付差額特材數量佔率-醫學中心,['39259']
自付差額醫材對應健保全額給付品項明細,['128319']
自願設置哺集乳室名單,['23858']
臺灣出生世代兒童2手菸暴露率,['14480']
臺灣觀光夜市美食街衛生自主管理與輔導資料集,['11510']
菸品健康福利捐分配及運作辦法(修正),['41947']
菸品福利捐執行率,['37934']
菸害防制及衛生保健基金收支保管及運用辦法,['41945']
菸害防制及衛生保健基金法定預算,['44102']
菸害防制及衛生保健基金補(捐)助情形季報表,['101336']
菸害防制及衛生保健基金附屬單位預算(法定預算),['20415']
菸害防制及衛生保健基金附屬單位預算案,"['12574', '36186']"
菸害防制及衛生保健基金預算案,['52741']
菸害防制基金附屬單位預算案,['21098']
菸捐協助經濟弱勢繳納健保欠費按受協助者行政區域分布,['79727']
藥品CCC號列資料集,['9116']
藥品仿單或外盒資料集,['9117']
藥品外觀資料集,['9120']
藥品安全評估諮議小組委員名單資料集,['20572']
藥品安全資訊風險溝通資料,['9573']
藥品已解除短缺品項資料集,['54506']
藥品標示(藥袋標示)情形 (中醫門診總額指標),['25508']
藥品法規條文資料集,['9645']
藥品藥理治療分類AHFS/DI碼資料集,['9118']
藥品藥理治療分類ATC碼資料集,['9119']
藥品詳細處方成分資料集,['9121']
藥品諮議小組委員名單資料集,['20573']
藥害救濟基金法定預算,['44101']
藥害救濟基金附屬單位預算(法定預算),['20409']
藥害救濟基金附屬單位預算案,"['12573', '21101', '36185']"
藥害救濟基金預算案,['52740']
藥害救濟審議委員會委員名單資料集,['20574']
藥局基本資料,['6134']
藥物化粧品檢驗機構認證審議小組委員名單資料集,['20557']
藥物化粧品認證實驗室名單資料集,['9637']
藥物濫用案件暨檢驗統計資料集,['9828']
藥物濫用者常見之術語資料集,['9570']
藥物濫用諮詢及輔導機構資料集,['9571']
藥物非臨床試驗GLP認證審議小組委員名單資料集,['20558']
藥物非臨床試驗優良操作規範認證通過單位資料集,['9636']
藥物食品安全週報資料集,['11502']
血壓、血糖參考標準,['8841']
血液透析(門診透析指標),['23996']
血液透析效率(Kt/V)檢查比率(疾病別指標),['25509']
血液透析瘻管重建率(疾病別指標),['25510']
血液透析血清白蛋白(Albumin)檢查比率(疾病別指標),['25511']
血液透析血球比容(Hct)檢查比率(疾病別指標),['25512']
衛生福利特別收入基金會計月報,"['43228', '118124', '118125', '118532']"
衛生福利特別收入基金決算,['76981']
衛生福利特別收入基金附屬單位決算及分決算,['118076']
衛生福利特別收入基金附屬單位決算及分決算(審定本),"['93841', '118529']"
衛生福利特別收入基金附屬單位預算及分預算(法定預算),"['76405', '118238', '130061']"
衛生福利特別收入基金附屬單位預算及分預算(預算案),"['93838', '108302']"
衛生福利特別收入基金附屬單位預算案,['36182']
衛生講習機構名單資料集,['11508']
衛生講習課程資料集,['9007']
衛福部中央政府傳染性肺炎特別預算月報,['122851']
西藥醫療器材化粧品廣告核准資料集,['9826']
西醫基層總額專業醫療服務品質指標統計報表-季報,"['11917', '11919', '11921', '11923', '11927', '11929', '11931', '11933', '11935', '11937', '11939', '39294', '39295', '54360', '103791']"
西醫基層總額專業醫療服務品質指標統計報表-年報,"['11918', '11920', '11922', '11926', '11928', '11930', '11932', '11934', '11936', '11938', '39288', '39296', '54356']"
西醫基層院所假日看診統計資料,['39307']
診所人力統計,['6476']
診所科別統計,['6477']
認可濫用藥物尿液檢驗機構名單資料集,['9638']
資料開放諮詢小組歷次會議紀錄,['86223']
資料集盤點清單,['28409']
跨醫院門診同藥理用藥日數重疊率-安眠鎮靜(醫院總額指標),['18610']
跨醫院門診同藥理用藥日數重疊率-抗思覺失調症(醫院總額指標),['18608']
跨醫院門診同藥理用藥日數重疊率-抗憂鬱症(醫院總額指標),['18609']
跨醫院門診同藥理用藥日數重疊率-降血壓 (口服)(醫院總額指標),['18602']
跨醫院門診同藥理用藥日數重疊率-降血糖(醫院總額指標),['18604']
跨醫院門診同藥理用藥日數重疊率-降血脂 (口服)(醫院總額指標),['18603']
跨院所門診同藥理用藥日數重疊率-安眠鎮靜 (西醫基層總額指標),['23074']
跨院所門診同藥理用藥日數重疊率-抗思覺失調症 (西醫基層總額指標),['23064']
跨院所門診同藥理用藥日數重疊率-抗憂鬱症 (西醫基層總額指標),['23075']
跨院所門診同藥理用藥日數重疊率-降血壓 (口服) (西醫基層總額指標),['39205']
跨院所門診同藥理用藥日數重疊率-降血糖 (西醫基層總額指標),['23076']
跨院所門診同藥理用藥日數重疊率-降血脂 (口服) (西醫基層總額指標),['23077']
輸入錠狀膠囊狀食品查驗登記資料集,['9047']
輸入食品安全管理國際研討會議資料集,['11504']
輸入食品宣導單張資料集,['11506']
輸入食品管理暨輸入查驗統計年報出版品資料集,['11505']
辦理癌症診療品質提升計畫醫院名單,['8113']
農會、漁會、水利會會員健保費負擔金額表,['20250']
農會、漁會及水利會投保單位基本資料暨辦理健保業務補助款明細表,['23723']
農藥殘留容許量標準_公告禁用農藥一覽表,['8942']
農藥殘留容許量標準_外源性農藥殘留容許量標準,['20564']
農藥殘留容許量標準_得免訂定容許量之農藥一覽表,['8943']
農藥殘留容許量標準_農作物類農產品之分類表,['8940']
農藥殘留容許量標準_農藥殘留容許量標準,['8944']
近12個月登革熱病媒蚊調查資料,['24161']
近兩週全國本土登革熱病例聚集區域,['24385']
近活產新生兒出生性別比,"['14693', '14695']"
近產前遺傳診斷異常個案追蹤率,['14697']
近護理人員統計,['118549']
通過健康職場認證之職場名稱及相關資料,['8493']
過去1個月飲酒率,['14483']
過去曾經1個人去買酒之百分比,['14485']
違規化粧品廣告資料集,['14198']
違規藥品廣告資料集,['14196']
違規醫療器材廣告資料集,['14197']
違規食品廣告資料集,['6949']
醫療器材GMP認可登錄資料集,['9832']
醫療器材QSD認可登錄資料集,['9833']
醫療器材仿單或外盒資料集,['9578']
醫療器材安全評估諮議會委員名單資料集,['20566']
醫療器材安全警訊資料集,['14192']
醫療器材許可證資料集,['9576']
醫療器材諮議會委員名單資料集,['20567']
醫療服務給付項目及支付標準,['9405']
醫療機構與人員基本資料,['15393']
醫療發展基金-補(捐)助政府機關或團體季報,['44953']
醫療發展基金會計月報,['25321']
醫療發展基金法定預算,['44099']
醫療發展基金附屬單位決算,['54471']
醫療發展基金附屬單位決算分決算,"['13972', '20201', '27863', '76640']"
醫療發展基金附屬單位決算分決算(審定本),"['22089', '54249']"
醫療發展基金附屬單位預算(法定預算),['20411']
醫療發展基金附屬單位預算案,"['12571', '36183']"
醫療發展基金預算案,"['21100', '52724']"
醫療給付改善方案院所-B型肝炎帶原者及C肝感染者醫療給付改善方案,['39271']
醫療給付改善方案院所-PRE-ESRD STAGE 3B、4、5及蛋白尿,['39273']
醫療給付改善方案院所-乳癌,['39265']
醫療給付改善方案院所-初期慢性腎臟病醫療給付改善方案,['39272']
醫療給付改善方案院所-呼吸照護-IDS,['39266']
醫療給付改善方案院所-呼吸照護-亞急性呼吸照護病房(病床),['39267']
醫療給付改善方案院所-呼吸照護-居家照護,['39275']
醫療給付改善方案院所-呼吸照護-慢性呼吸照護病房(病床),['39269']
醫療給付改善方案院所-呼吸照護-護理之家,['39276']
醫療給付改善方案院所-思覺失調症醫療給付改善方案,['39270']
醫療給付改善方案院所-氣喘,['39264']
醫療給付改善方案院所-糖尿病,['39263']
醫療藥品基金會計月報,"['20207', '25322', '28447', '43748', '76979', '99284', '118527']"
醫療藥品基金決算數,"['28411', '43747']"
醫療藥品基金法定預算,['76995']
醫療藥品基金附屬單位決算,"['77002', '119275']"
醫療藥品基金附屬單位法定預算,['43599']
醫療藥品基金附屬單位預算(法定預算 ),['19948']
醫療藥品基金附屬單位預算案,"['20956', '35335']"
醫療藥品基金附屬單位預算案 -收支預算表,['12641']
醫療藥品基金附屬單位預算案 -現金流量預計表,['12643']
醫療藥品基金附屬單位預算案 -餘絀預計表,['12642']
醫療藥品基金附屬單位預算案-收支預算表,['12636']
醫療藥品基金預算案及法定預算,['52264']
醫療院所提供6項預防保健服務名單,['6957']
醫療院所提供健保服務及疫苗注射資訊,['43949']
醫院人力統計,['6474']
醫院以病人為中心門診整合照護計畫,['39330']
醫院別器官移植術後存活率資訊公開,"['18935', '18936', '18937', '39293', '39332']"
醫院病床統計,['6473']
醫院癌症資源中心名單,['6412']
醫院科別統計,['6475']
醫院總額專業醫療服務品質指標統計報表-季報,"['11291', '11293', '11295', '11297', '11299', '11301', '11825', '11858', '11860', '11862', '11916', '39292', '40518', '54359', '103790']"
醫院總額專業醫療服務品質指標統計報表-年報,"['11292', '11294', '11296', '11298', '11300', '11772', '11830', '11859', '11861', '11915', '39290', '39335', '54353']"
醫院總額醫療服務點數(門住診分列),"['15373', '49379', '49386', '79614']"
醫院總額醫療服務點數(門住診合計),"['15374', '49074', '49380', '49387']"
醫院評鑑基準及評量項目,['8582']
銷售管制藥品一覽表,['9572']
長期使用呼吸器醫療品質指標,['18941']
長期使用呼吸器醫療服務品質指標資訊公開,"['18940', '39337']"
長期照顧十年計畫-家庭托顧,['31907']
長期照顧十年計畫-居家照護,['31891']
長期照顧十年計畫-日間照顧,['31906']
長照ABC據點,['88270']
長照服務發展基金-補捐助政府機關或團體季報,['76999']
長照服務發展基金附屬單位決算分決算,['76978']
長照服務發展基金附屬單位預算案,['36192']
長照服務發展基金預算案,['52747']
長者衰弱評估,['128905']
門診上呼吸道感染病人就診後未滿7日再次因同疾病就診率 (西醫基層總額指標),['21257']
門診手術(含體外震波碎石術)後2日以內急診或住院率(醫院總額指標),['18613']
門診透析專業醫療服務品質指標統計報表-季報,"['13266', '13268', '13270', '13272', '13274', '13276', '13278', '13280', '13282', '13284', '39303', '39336', '54362', '103792']"
門診透析專業醫療服務品質指標統計報表-年報,"['13267', '13269', '13271', '13273', '13275', '13277', '13279', '13281', '13283', '39289', '39304', '54355']"
門診透析總額各醫院醫療服務點數,"['15375', '49377', '49381', '49388']"
院所執行「根管難症特別處理」之數量 (牙醫門診總額指標),['24909']
院所牙周病統合照護計畫完成率(牙醫門診總額指標),['79574']
雇主、自營業主、專門職業及技術人員自行執業者健保費負擔金額表,['20248']
電腦斷層造影(CT)之數量、廠牌、機型、出廠日期、院所購入日期、使用年限(醫院總額指標),['22237']
非監視成分藥品執行國內BA/BE/Dissolution試驗資料集,['10056']
非監視成分藥品執行國內BA/BE試驗統計資料集,['10058']
非計畫性住院案件出院後十4日以內再住院率(醫院總額指標),['18590']
須執行藥品風險管理計畫藥品名單,['9574']
預算案,"['12533', '21235', '40053', '79461', '112333', '129842']"
預防接種受害救濟基金決算書(審定本),['19080']
預防接種受害救濟基金法定預算,['44103']
預防接種受害救濟基金附屬單位預算(法定預算),['20416']
預防接種受害救濟基金附屬單位預算案,"['12575', '21095', '36187']"
預防接種受害救濟基金預算書(立法院審定),['33997']
預防接種受害救濟基金預算書(預算案),['35598']
預防接種受害救濟基金預算案,['52742']
預防接種單位資訊,['8484']
食品中毒案件原因食品案件數統計,['9837']
食品中毒案件各月別案件數統計,['9835']
食品中毒案件攝食場所患者數統計,['9839']
食品中毒案件攝食場所案件數統計,['9838']
食品中毒案件病因物質案件數統計,['9836']
食品中毒案件食品被污染或處置錯誤場所案件數統計,['9840']
食品安全保護基金法定預算,['44106']
食品安全保護基金附屬單位預算(法定預算),['22858']
食品安全保護基金附屬單位預算案,"['12577', '21093', '36189']"
食品安全保護基金預算案,['52744']
食品廣告標示諮議會委員名單資料集,['20552']
食品業者登錄資料集,['8938']
食品檢驗方法諮議會委員名單資料集,['20553']
食品檢驗機構認證審議小組委員名單資料集,['20554']
食品法規條文資料集,['9639']
食品添加物使用範圍及限量暨規格標準資料集,['9640']
食品添加物業者及產品登錄資料集,['9816']
食品添加物規格檢驗方法資料集,['11514']
食品添加物許可證資料集,['8936']
食品營養成分資料集,['8543']
食品藥物管理署公務預算補助案件資料集,['43136']
食品藥物管理署基金預算補助案件資料集,['49006']
食品藥物管理署會計月報資料集,['20575']
食品藥物管理署決算書資料集,['14184']
食品藥物管理署預算書資料集,['14183']
食品衛生安全與營養諮議會委員名單資料集,['20559']
食品認證實驗室名單資料集,['9635']
食品追溯追蹤系統消費者查詢資料集,['33575']
食米中重金屬含量監測檢驗結果資料集,['14189']
食藥好文網懶人包集合資料集,['43135']
食藥闢謠專區資料集,['17148']
餐盒食品工廠實施HACCP符合性稽查名單,['9013']
餐飲業優良業者名單資料集,['8454']
餐飲業食品安全管制系統衛生評鑑證明廠商資料集,['6950']
高中職生嚼檳率,['88443']
高中職生學校2手菸暴露率,"['14477', '89649']"
高中職生家庭2手菸暴露率,['14479']
高中職生目前吸菸率,"['9341', '14475']"
高中職生身體活動不足率,['89655']
高中職生電子煙吸食率,['14472']
高齡友善健康照護認證機構名單,['8495']
