ECFA早收農產品外銷大陸統計表,ECFA早收農產品外銷大陸統計表,43129,ECFA早收農產品外銷大陸統計表,早收農產品項;107年1-9月出口量公噸;106年1-9月出口量公噸;出口量增減公噸;出口量增減比率%;107年1-9月出口值(千美元);106年1-9月出口值(千美元);出口值增減金額千美元;出口值千美元增減比率%,大陸委員會
ECFA服務業早期收穫計畫投資情形-我方赴中國大陸投資統計表,ECFA服務業早期收穫計畫投資情形-我方赴中國大陸投資統計表,43128,ECFA服務業早期收穫計畫投資情形-我方赴中國大陸投資統計表,項目;核准件數;件數成長率%;核准投資金額;金額成長率%,大陸委員會
ECFA服務業早期收穫計畫投資情形-陸資來臺統計表,ECFA服務業早期收穫計畫投資情形-陸資來臺統計表,43127,ECFA服務業早期收穫計畫投資情形-陸資來臺統計表,項目;核准件數;件數成長率%;核准投資金額;金額成長率%,大陸委員會
ECFA貨品貿易早期收穫計畫執行成果-我國對中國大陸出口情形,ECFA貨品貿易早期收穫計畫執行成果-我國對中國大陸出口情形,43124,ECFA貨品貿易早期收穫計畫執行成果-我國對中國大陸出口情形,項目;全部貨品出口值;全部貨品成長率%;早期收穫貨品出口值;早期收穫貨品成長率%;早期收穫貨品估計減免關稅金額,大陸委員會
ECFA貨品貿易早期收穫計畫執行成果-我國自中國大陸進口情形,ECFA貨品貿易早期收穫計畫執行成果-我國自中國大陸進口情形,43125,ECFA貨品貿易早期收穫計畫執行成果-我國自中國大陸進口情形,項目;全部貨品進口值;全部貨品成長率%;早期收穫貨品進口值;早期收穫貨品-成長率%;早期收穫貨品已核准適用優惠關稅金額;早期收穫貨品減免關稅金額,大陸委員會
「政府資料開放諮詢小組」會議簡報,大陸委員會「政府資料開放諮詢小組」會議簡報,31170,本項資料自108年起由大陸委員會「政府資料開放諮詢小組會議紀錄」資料集提供，敬請參閱https://data.gov.tw/dataset/25668。,會議名稱;簡報,大陸委員會
「政府資料開放諮詢小組」會議紀錄,大陸委員會「政府資料開放諮詢小組」會議紀錄,25668,大陸委員會政府資料開放諮詢小組會議紀錄,會議名稱;時間;地點;主席;會議紀錄;簡報,大陸委員會
「海峽兩岸共同打擊犯罪及司法互助協議」成效表,「海峽兩岸共同打擊犯罪及司法互助協議」成效表,43111,「海峽兩岸共同打擊犯罪及司法互助協議」成效表,項次;互助事項;執行情形,大陸委員會
「財團法人海峽交流基金會從業人員薪資處理原則」辦理情形一覽表_海基會,「財團法人海峽交流基金會從業人員薪資處理原則」辦理情形一覽表_海基會,13204,有關海基會從業人員薪資彙整,財團法人名稱;類別;職稱;每月薪資基準 (新臺幣);薪資基準是否報經主管 機關機關核定、備查或行政院核定;財團法人董事長或經理人及其他從業人員之薪資 基準是否均符合 薪資處理原則規 範,大陸委員會
不予採認之醫療法所稱醫事人員相關之大陸地區高等學歷名單,不予採認之醫療法所稱醫事人員相關之大陸地區高等學歷名單,97698,不予採認之醫療法所稱醫事人員相關之大陸地區高等學歷名單,序號;醫事人員;相關之大陸地區高等學歷,大陸委員會
中國大陸人士來臺(各類交流)人數性別統計表,中國大陸人士來臺（各類交流）人數性別統計表,97673,呈現中國大陸人士來臺各類交流人數性別統計表,年度;健檢醫美-男;健檢醫美-女;健檢醫美-合計;專業交流-男;專業交流-女;專業交流-合計;商務交流-男;商務交流-女;商務交流-合計;小三通(往來金、馬、澎)-男;小三通(往來金、馬、澎)-女;小三通(往來金、馬、澎)-合計,大陸委員會
中國大陸人民、無戶籍國民來臺居留、定居人數統計表,中國大陸人民、無戶籍國民來臺居留、定居人數統計表,59277,居留定居人數統計,年度;居留許可<br>人次;定居許可<br>人次;結婚登記數,大陸委員會
中國大陸人民來臺人數,中國大陸人民來臺人數,21823,提供中國大陸人民來臺期間、類別,期<br>間;中國大陸人民來臺人數-經貿交流;中國大陸人民來臺人數年增率-經貿交流;中國大陸人民來臺人數-觀光活動;中國大陸人民來臺人數年增率-觀光活動;中國大陸人民來臺人數-其他交流;中國大陸人民來臺人數年增率-其他交流;中國大陸人民來臺人數合計;中國大陸人民來臺人數合計-年增率,大陸委員會
中國大陸臺校學生人數97-107學年統計,中國大陸臺校學生人數97-107學年統計,57982,臺商學校歷年學生人數,年度;東莞台商子弟學校;華東臺商子女學校;上海台商子女學校,大陸委員會
中央機關辦理國家賠償事件收結情形表,中央機關辦理國家賠償事件收結情形表,13206,本會辦理國賠事件收結表,項目別(中央機關);總件數;新收案件數;未結案件數(含舊案);未結案件數-協議中(含在處理中);未結案件數-訴訟中;已結案件數;協議階段件數-計;協議階段件數-成立;協議階段件數-不成立;協議階段件數-拒絕賠償;協議階段件數-撤回;協議階段件數-其他;訴訟階段件數-計;訴訟階段件數-勝訴;訴訟階段件數-敗訴;訴訟階段件數-一部敗訴一部勝訴;訴訟階段件數-法院和解;訴訟階段件數-撤回;訴訟階段件數-其他;賠償情形-賠償總計(件);賠償情形-賠償總計(元);賠償情形-協議成立賠償(件);賠償情形-協議成立賠償(元);賠償情形-判決確定賠償(件);賠償情形-判決確定賠償(元);依國家賠償法第2條賠償(件);依國家賠償法第3條賠償(件);行使求償權-求償(件);行使求償權-求償(元);行使求償權-獲償(件);行使求償權-獲償(元);,大陸委員會
中程施政計畫,大陸委員會中程施政計畫,43170,大陸委員會中程施政計畫,項目;內容;施政目標;關鍵績效指標;評估體制;評估方式;衡量標準;年度績效目標值;施政綱要;重要計畫項目;計畫期程;計畫類別;與KPI關聯,大陸委員會
主管大陸事務財團法人名冊,大陸委員會主管大陸事務財團法人名冊,9075,列示聯絡名冊,編號;名稱;負責人;會址及電話;設立基金數額;成立日期;主管處;備註,大陸委員會
主管港澳事務財團法人名冊,大陸委員會主管港澳事務財團法人名冊,42649,大陸委員會主管港澳事務財團法人名冊,編號;名稱;負責人;會址及電話;設立基金數額;成立日期;主管處;備註,大陸委員會
人事費彙計表,人事費彙計表,12920,本會相關預算資料,名稱;資料資源網址,大陸委員會
人民申請提供政府資訊案件統計表,人民申請提供政府資訊案件統計表,13200,統計人民申請提供政府資訊案件,月份;本月已辦結之申請提供政府資訊案件總數機關-檔案應用;本月已辦結之申請提供政府資訊案件總數-其他政府資訊;申請內容全部核准案件數-機關檔案應用;申請內容全部核准案件數-其他政府資訊;申請內容部分核准案件數-機關檔案應用;申請內容部分核准案件數-其他政府資訊;申請內容全部駁回案件數-機關檔案應用;申請內容全部駁回案件數-其他政府資訊,大陸委員會
以前年度歲出保留數餘額表,以前年度歲出保留數餘額表,20381,本會104年度10月份以前年度歲出保留數餘額表，已同步登載於https://data.gov.tw/dataset/20840,名稱;資料資源網址,大陸委員會
優先採購身心障礙福利機構團體之物品及服務總金額及比率,大陸委員會優先採購身心障礙福利機構團體之物品及服務總金額及比率,58826,大陸委員會優先採購身心障礙福利機構團體之物品及服務總金額及比率,年度;機關名稱;採購機構團體物品金額;年度決算金額;比率%;達成法定目標5%比率,大陸委員會
兩岸交流研(修)訂相關法規_文教交流方面,兩岸交流研（修）訂相關法規_文教交流方面,9077,將兩岸文教交流方面法規列示,法規名稱;連結網址,大陸委員會
兩岸共同打擊犯罪及司法互助聯絡資訊,兩岸共同打擊犯罪及司法互助聯絡資訊,9085,兩岸共同打擊犯罪及司法互助聯絡電話,兩岸共同打擊犯罪及司法互助連結專區,大陸委員會
兩岸協議監督條例6版本草案對照表,兩岸協議監督條例6版本草案對照表,59276,監督條例草案,公開資料名稱;日期;版次;關鍵字;公開網址,大陸委員會
兩岸大事記,兩岸大事記,33247,兩岸大事記,日期;重要紀事;起始日期;結束日期,大陸委員會
兩岸海運直航港口開放情形,兩岸海運直航港口開放情形,7465,內容表列兩岸海運直航港口開放情形，港口名稱及數量,項目;我方港口;陸方港口,大陸委員會
兩岸空運直航客貨運航點開放情形,兩岸空運直航客貨運航點開放情形,7466,內容表列兩岸空運直航客貨運航點開放情形,項目;我方航點;陸方航點;航班,大陸委員會
兩岸簽署投資保障和促進協議後我方送陸方協處機制案件統計表,兩岸簽署投資保障和促進協議後我方送陸方協處機制案件統計表,43130,兩岸簽署投資保障和促進協議後我方送陸方協處機制案件統計表,期間;受理案件;僅提供法律諮詢;行政協處,大陸委員會
兩岸經濟交流統計速報,兩岸經濟交流統計速報,7887,彙集兩岸貿易的重要數值，含出入超等，可看出兩岸經貿交易的變化與比重。,項<br>目;兩岸貿易 年(月)別;貿易總額(億美元);貿易總額成長率;對中國大陸出口(億美元);對中國大陸出口成長率;自中國大陸進口(億美元);自中國大陸進口成長率;出(入)超(億美元);出(入)超成長率;企業赴中國大陸投資 年(月)別;投資件數;投資件數成長率;投資金額(億美元);投資金額成長率;參考數據：中國大陸方面發布 年(月)別;投資項目(個)數;投資項目(個)數成長率;實際利用金額(億美元);實際利用金額成長率;兩岸人員往來 年(月)別;中國大陸人民來臺人數(萬人);中國大陸人民來臺人數成長率;赴中國大陸旅遊人數(萬人);赴中國大陸旅遊人數成長率;中國大陸方面發布 年(月)別,大陸委員會
兩岸經貿申訴服務財產法益方面投訴案件,兩岸經貿申訴服務財產法益方面投訴案件,9084,兩岸經貿申訴服務財產法益方面投訴案件情形一覽,年度;件數,大陸委員會
兩岸經香港轉口貿易金額統計表,兩岸經香港轉口貿易金額統計表,7460,彙集兩岸經香港轉口之依存度資料,表三、兩岸經香港轉口貿易金額統計表;;單位:百萬美元,大陸委員會
兩岸貿易占外貿比重,兩岸貿易占外貿比重,7468,兩岸貿易占外貿比重以數字呈現,期間;我國對香港出口比重(我國海關統計);我國自香港進口比重(我國海關統計);我國對香港進出口比重(我國海關統計);我國對中國大陸出口比重(我國海關統計);我國自中國大陸進口比重(我國海關統計);我國對中國大陸進出口比重(我國海關統計);中國大陸對我國出口比重 (中國大陸海關統計);中國大陸自我國進口比重 (中國大陸海關統計);中國大陸對我國進出口比重 (中國大陸海關統計),大陸委員會
兩岸貿易統計,兩岸貿易統計,7467,顯示我國海關統計 兩岸出口、進口總額,期間;我國對中國大陸-出口(我國海關統計)(百萬美元);我國自中國大陸-進口(我國海關統計)(百萬美元);我國對中國大陸-貿易總額(我國海關統計)(百萬美元);我國對中國大陸-出口(中國大陸海關統計)(百萬美元);我國自中國大陸-進口(中國大陸海關統計)(百萬美元);我國對中國大陸-貿易總額(中國大陸海關統計)(百萬美元),大陸委員會
兩岸輸往歐盟產品市場比較,兩岸輸往歐盟產品市場比較,7494,呈現兩岸輸往歐盟產品市場比較資料,期 間;臺灣輸往歐盟產品金額(億美元);臺灣輸往歐盟產品年增率;臺灣輸往歐盟產品市占率;中國大陸輸往歐盟產品金額(億美元);中國大陸輸往歐盟產品年增率;中國大陸輸往歐盟產品市占率,大陸委員會
兩岸輸日產品市場比較,兩岸輸日產品市場比較,7493,呈現兩岸輸日產品市場比較資料,期 間;臺灣輸日產品金額(億美元);臺灣輸日產品年增率;臺灣輸日產品市占率;中國大陸輸日產品金額(億美元);中國大陸輸日產品年增率;中國大陸輸日產品市占率,大陸委員會
兩岸輸美產品市場比較,兩岸輸美產品市場比較,7492,呈現兩岸輸美產品市場比較資料,期 間;臺灣輸美產品金額(億美元);臺灣輸美產品年增率;臺灣輸美產品市占率;中國大陸輸美產品金額(億美元);中國大陸輸美產品年增率;中國大陸輸美產品市占率,大陸委員會
兩岸重要經濟指標統計速報,兩岸重要經濟指標統計速報,7888,彙集兩岸經濟交流的重要數值，含GDP等經濟數值,項<br>目;國內生產毛額(GDP) 年(月)別;GDP(億新臺幣);GDP(億人民幣);GDP(億美元);經濟成長率;物價(年增率) 年(月)別;消費者物價(CPI);躉售物價(WPI);居民消費價格(CPI);商品零售價格(RPI);對外貿易 年(月)別;貿易總額(億美元);貿易總額成長率;出口(億美元);出口成長率;進口(億美元);進口成長率;出(入)超;出(入)超成長率;核准外人投資 年(月)別;件數;件數成長率;金額(億美元);金額成長率;項目(個)數;項目(個)數成長率;實際利用金額(億美元);實際利用金額成長率(億美元);實際利用金額(億人民幣);實際利用金額成長率(億人民幣);外匯存底及匯率 年(月)別;外匯存底(億美元);匯率(新臺幣兌1美元);匯率(人民幣兌1美元),大陸委員會
兩岸駐點記者資訊服務專區,兩岸駐點記者資訊服務專區,121037,兩岸駐點記者資訊服務專區,項目;次項;內容,大陸委員會
公務員赴陸宣導相關規定,公務員赴陸宣導相關規定,9083,公務員赴陸宣導的明確規範,項次;公務員赴陸宣導,大陸委員會
公務車輛明細表,公務車輛明細表,12921,本會相關預算資料,名稱;資料資源網址,大陸委員會
公告「臺灣地區人民、法人、團體或其他機構，禁止擔任大陸地區黨務、軍事、行政或具政治性機關、團體之職務或為其成員」之事項,公告「臺灣地區人民、法人、團體或其他機構，禁止擔任大陸地區黨務、軍事、行政或具政治性機關、團體之職務或為其成員」之事項,9076,如檔案名稱所示,公告「臺灣地區人民、法人、團體或其他機構，禁止擔任大陸地區黨務、軍事、行政或具政治性機關（構）、團體之職務或為其成員」之事項(點選開啟法規查詢),大陸委員會
台灣對香港貿易依賴度統計表,台灣對香港貿易依賴度統計表,7461,台灣對香港出口、進口資料,,大陸委員會
各處室內部保有及管理個人資料之項目彙整表,大陸委員會各處室內部保有及管理個人資料之項目彙整表,13201,列舉本會保有個人資料之內容,編號;個人資料檔案名稱;保有依據;個人資料類別;保有單位,大陸委員會
各項費用彙計表,各項費用彙計表,12922,本會相關預算資料,項目;資料資源網址,大陸委員會
在臺港澳學生交流活動,在臺港澳學生交流活動,97675,說明每年辦理在臺灣港澳學生之活動，例如在臺港澳學生文化體驗營、在臺港澳學生電競產業及賽事體驗營等活動。,年度;網址;關鍵字;摘要,大陸委員會
在臺港澳學生統計數據,在臺港澳學生統計數據,97677,統計自94學年起港澳在臺學生人數資料。,說明;連結網址,大陸委員會
大陸事務法規彙編,大陸事務法規彙編,9087,大陸事務法規彙編一覽,公開資料名稱;日期;版次;關鍵字;公開網址,大陸委員會
大陸人士來臺從事文教交流核准數,大陸人士來臺從事文教交流核准數,6105,彙集大陸人士文教交流的申請核准數,表、大陸人士來臺從事文教交流核准數;,大陸委員會
大陸台商經貿網上網統計,大陸台商經貿網上網人次統計,9081,大陸台商經貿網上網人次統計一覽,年（月）;當期,大陸委員會
大陸地區人民來臺(社會交流)相關統計表,大陸地區人民來臺（社會交流）相關統計表,7889,呈現與大陸地區與台灣交流各項統計資料,年月;大陸人士合法來臺-居留許可人次資料來源：內政部移民署;大陸人士合法來臺-定居許可人次資料來源：內政部移民署;【大陸配偶】結、離婚-結婚登記數資料來源：內政部（戶政司）;【大陸配偶】結、離婚-已設籍離婚數資料來源：內政部（戶政司）;【大陸配偶】結、離婚-未設籍離婚數資料來源：內政部（戶政司）;【大陸配偶】結、離婚-離婚登記合計數資料來源：內政部（戶政司）,大陸委員會
大陸地區人民來臺就讀專科以上學校辦法,大陸地區人民來臺就讀專科以上學校辦法,58015,辦法,項目;內容,大陸委員會
大陸地區人民來臺從事文教交流統計,大陸地區人民來臺從事文教交流統計,6104,彙集兩岸文教交流的重要參考統計數字,項目;申請數;核准數;入境數,大陸委員會
大陸地區人民進入臺灣地區(專業商務)人數統計表,大陸地區人民進入臺灣地區（專業商務）人數統計表,97670,呈現中國大陸人士申請來臺專業商務交流人數統計資料,年度;專業交流-合計;商務交流-合計,大陸委員會
大陸地區出版品錄影節目進入臺灣地區許可數額,大陸地區出版品錄影節目進入臺灣地區許可數額,58019,許可數額,條文;內容,大陸委員會
大陸地區及香港、澳門旅遊一般警示之發布時機及方式,大陸地區及香港、澳門旅遊一般警示之發布時機及方式,59279,大陸地區及香港、澳門旅遊一般警示之發布時機及方式,警示等級;發布時機;發布方式,大陸委員會
大陸地區及香港、澳門旅遊一般警示之認定參考情況,大陸地區及香港、澳門旅遊一般警示之認定參考情況,59271,大陸地區及香港、澳門旅遊一般警示之認定參考情況,警示等級顏色（程度）;警示意涵;警示等級參考情況,大陸委員會
大陸地區古物運入臺灣地區公開陳列展覽許可辦法,大陸地區古物運入臺灣地區公開陳列展覽許可辦法,97699,大陸地區古物運入臺灣地區公開陳列展覽許可辦法,中央部會名稱;補助或獎勵相關辦法;連結網址,大陸委員會
大陸地區學歷採認辦法,大陸地區學歷採認辦法,58016,採認辦法,項目;內容,大陸委員會
大陸地區影視節目得在臺灣地區發行映演播送之數量類別時數,大陸地區影視節目得在臺灣地區發行映演播送之數量類別時數,58018,時數,中央部會名稱;補助或獎勵相關辦法;連結網址,大陸委員會
大陸地區教育專業人士及學生來臺從事教育活動審查要點,大陸地區教育專業人士及學生來臺從事教育活動審查要點,58013,審查要點,中央部會名稱;補助或獎勵相關辦法;連結網址,大陸委員會
大陸地區臺商學校設立及輔導辦法,大陸地區臺商學校設立及輔導辦法,57980,輔導辦法,項目;內容,大陸委員會
大陸地區高等學校認可名冊-大學部份,大陸地區高等學校認可名冊-大學部份,79473,大陸地區高等學校認可名冊-大學部份,序號;校名;網址;所在地,大陸委員會
大陸地區高等學校認可名冊-專科學校部分,大陸地區高等學校認可名冊-專科學校部分,79474,大陸地區高等學校認可名冊-專科學校部分,序號;校名;網址;所在地,大陸委員會
大陸廣告規範平台相關法令及函釋,大陸廣告規範平台相關法令及函釋,9086,大陸廣告規範平台相關法令及函釋一覽,大陸廣告規範平台相關法令及函釋,大陸委員會
大陸與兩岸情勢簡報,大陸與兩岸情勢簡報,42541,大陸與兩岸情勢簡報,篇名;主稿;頁碼;出刊日期,大陸委員會
委員會議紀錄(摘錄),大陸委員會委員會議紀錄(摘錄),58919,大陸委員會委員會議紀錄(摘錄),項目;時間;地點;主席;紀錄;出席;列席;內容,大陸委員會
委託研究計畫作業要點,大陸委員會委託研究計畫作業要點,58660,大陸委員會委託研究計畫作業要點,法規沿革;法規條文;網址,大陸委員會
委辦經費分析表,委辦經費分析表,12923,本會相關預算資料,項目;資料資源網址,大陸委員會
學歷統計報表,大陸委員會學歷統計報表,62451,大陸委員會學歷統計報表,類別及職等;研究院（所）;大學（含軍警校有學位者）;專科;高中（職）（含師範）;國（初）中以下及其他,大陸委員會
宗教團體申請外籍人士來臺研修宗教教義要點,宗教團體申請外籍人士來臺研修宗教教義要點,97702,宗教團體申請外籍人士來臺研修宗教教義要點,中央部會名稱;法規名稱;連結網址,大陸委員會
室內空氣品質資訊,大陸委員會室內空氣品質資訊,58829,大陸委員會室內空氣品質資訊,年度;室內空氣品質巡查項目;標準值;標準值單位;測定值;測定值單位;是否合格,大陸委員會
對中國大陸匯出匯入款統計,對中國大陸匯出匯入款統計,7479,呈現對中國大陸匯出匯入款統計資料,期間;全體銀行對中國大陸匯出匯款(億美元);全體銀行對中國大陸匯出匯款-年增率;全體銀行對中國大陸匯入匯款(億美元);全體銀行對中國大陸匯入匯款-年增率;全體銀行對中國大陸匯出匯入款合計(億美元),大陸委員會
年度施政計畫,大陸委員會年度施政計畫,43169,大陸委員會年度施政計畫,項目;內容;工作計畫名稱;重要計畫項目;計畫類別;實施內容,大陸委員會
年度決算書,大陸委員會年度決算書,21426,提供本會年度決算書,會計年度;款;項;目;節;預算科目編號;預算科目名稱;細目編號;細目名稱;預算數_原預算數;預算數_預算增減數;預算數_合計1;決算數_實現數;決算數_應收數;決算數_保留數;決算數_合計2;預決算比較增減數;決算數占預算數之比率;分計畫編號;分計畫名稱;用途別編號;用途別名稱;原預算數;預算追加減數;動支第一預備金數;動支第二預備金數;經費流用數;預算調整數;預算增減數小計;預算數合計1;實現數;應付數;保留數;決算數合計2;預算年度;以前年度轉入數_應付數;以前年度轉入數_保留數;本年度減免註銷數_應付數;本年度減免註銷數_保留數;本年度實現數_應付數;本年度實現數_保留數;本年度調整數_應付數;本年度調整數_保留數;本年度未結清數_應付數;本年度未結清數_保留數;月份;基金別;會計分類;使用機關別;科目分類;會計科目編號;會計科目名稱;金額;本年度金額;上年度金額,大陸委員會
年齡統計報表,大陸委員會年齡統計報表,62452,大陸委員會年齡統計報表,類別及職等;29以下;30-39;40-49;50-59;60-65;65以上,大陸委員會
建置大陸地區及香港、澳門旅遊警示機制規劃方案,大陸委員會建置大陸地區及香港、澳門旅遊警示機制規劃方案,59272,旅遊警示機制規劃方案,項目;次項;內容,大陸委員會
我國對外投資統計-國家(地區)別,我國對外投資統計-國家(地區)別,7476,以國家別的視角呈現我國對外投資統計資料,地區;核准臺商對外投資─件數(2019年5月);核准臺商對外投資─金額(百萬美元)(2019年5月);核准臺商對外投資─金額比重(2019年5月);核准臺商對外投資─件數(2019年6月);核准臺商對外投資─金額(百萬美元)(2019年6月);核准臺商對外投資─金額比重(2019年6月);核准臺商對外投資─件數(2019年1-6月);核准臺商對外投資─金額(百萬美元)(2019年1-6月);核准臺商對外投資─金額比重(2019年1-6月);核准臺商對外投資─件數(1991-2019年6月累計);核准臺商對外投資─金額(百萬美元)(1991-2019年6月累計);核准臺商對外投資─金額比重(1991-2019年6月累計);核准臺商對外投資─件數(2019年7月);核准臺商對外投資─金額(百萬美元)(2019年7月);核准臺商對外投資─金額比重(2019年7月);核准臺商對外投資─件數(2019年1-7月);核准臺商對外投資─金額(百萬美元)(2019年1-7月);核准臺商對外投資─金額比重(2019年1-7月);核准臺商對外投資─件數(1991-2019年7月累計);核准臺商對外投資─金額(百萬美元)(1991-2019年7月累計);核准臺商對外投資─金額比重(1991-2019年7月累計);核准臺商對外投資─件數(2019年8月);核准臺商對外投資─金額(百萬美元)(2019年8月);核准臺商對外投資─金額比重(2019年8月);核准臺商對外投資─件數(2019年1-8月);核准臺商對外投資─金額(百萬美元)(2019年1-8月);核准臺商對外投資─金額比重(2019年1-8月);核准臺商對外投資─件數(1991-2019年8月累計);核准臺商對外投資─金額(百萬美元)(1991-2019年8月累計);核准臺商對外投資─金額比重(1991-2019年8月累計);核准臺商對外投資─件數(2019年9月);核准臺商對外投資─金額(百萬美元)(2019年9月);核准臺商對外投資─金額比重(2019年9月);核准臺商對外投資─件數(2019年1-9月);核准臺商對外投資─金額(百萬美元)(2019年1-9月);核准臺商對外投資─金額比重(2019年1-9月);核准臺商對外投資─件數(1991-2019年9月累計);核准臺商對外投資─金額(百萬美元)(1991-2019年9月累計);核准臺商對外投資─金額比重(1991-2019年9月累計);核准臺商對外投資─件數(2019年10月);核准臺商對外投資─金額(百萬美元)(2019年10月);核准臺商對外投資─金額比重(2019年10月);核准臺商對外投資─件數(2019年1-10月);核准臺商對外投資─金額(百萬美元)(2019年1-10月);核准臺商對外投資─金額比重(2019年1-10月);核准臺商對外投資─件數(1991-2019年10月累計);核准臺商對外投資─金額(百萬美元)(1991-2019年10月累計);核准臺商對外投資─金額比重(1991-2019年10月累計);核准臺商對外投資─件數(2019年11月);核准臺商對外投資─金額(百萬美元)(2019年11月);核准臺商對外投資─金額比重(2019年11月);核准臺商對外投資─件數(2019年1-11月);核准臺商對外投資─金額(百萬美元)(2019年1-11月);核准臺商對外投資─金額比重(2019年1-11月);核准臺商對外投資─件數(1991-2019年11月累計);核准臺商對外投資─金額(百萬美元)(1991-2019年11月累計);核准臺商對外投資─金額比重(1991-2019年11月累計);核准臺商對外投資─件數(2019年12月);核准臺商對外投資─金額(百萬美元)(2019年12月);核准臺商對外投資─金額比重(2019年12月);核准臺商對外投資─件數(2019年1-12月);核准臺商對外投資─金額(百萬美元)(2019年1-12月);核准臺商對外投資─金額比重(2019年1-12月);核准臺商對外投資─件數(1991-2019年12月累計);核准臺商對外投資─金額(百萬美元)(1991-2019年12月累計);核准臺商對外投資─金額比重(1991-2019年12月累計);核准臺商對外投資─件數(2020年1月);核准臺商對外投資─金額(百萬美元)(2020年1月);核准臺商對外投資─金額比重(2020年1月);核准臺商對外投資─件數(2020年1-1月);核准臺商對外投資─金額(百萬美元)(2020年1-1月);核准臺商對外投資─金額比重(2020年1-1月);核准臺商對外投資─件數(1991-2020年1月累計);核准臺商對外投資─金額(百萬美元)(1991-2020年1月累計);核准臺商對外投資─金額比重(1991-2020年1月累計);核准臺商對外投資─件數(2020年2月);核准臺商對外投資─金額(百萬美元)(2020年2月);核准臺商對外投資─金額比重(2020年2月);核准臺商對外投資─件數(2020年1-2月);核准臺商對外投資─金額(百萬美元)(2020年1-2月);核准臺商對外投資─金額比重(2020年1-2月);核准臺商對外投資─件數(1991-2020年2月累計);核准臺商對外投資─金額(百萬美元)(1991-2020年2月累計);核准臺商對外投資─金額比重(1991-2020年2月累計);核准臺商對外投資─件數(2020年3月);核准臺商對外投資─金額(百萬美元)(2020年3月);核准臺商對外投資─金額比重(2020年3月);核准臺商對外投資─件數(2020年1-3月);核准臺商對外投資─金額(百萬美元)(2020年1-3月);核准臺商對外投資─金額比重(2020年1-3月);核准臺商對外投資─件數(1991-2020年3月累計);核准臺商對外投資─金額(百萬美元)(1991-2020年3月累計);核准臺商對外投資─金額比重(1991-2020年3月累計),大陸委員會
我國廠商擴大運用早期收穫計畫-ECFA原產地證明書核發情形,我國廠商擴大運用早期收穫計畫-ECFA原產地證明書核發情形,43126,我國廠商擴大運用早期收穫計畫-ECFA原產地證明書核發情形,項目;核發件數;核發金額,大陸委員會
捐助經費分析表,捐助經費分析表,12929,本會相關預算資料,項目;資料資源網址,大陸委員會
政府兩岸政策重要文件(中、英文),政府兩岸政策重要文件(中、英文),58947,本會印製之政府兩岸政策重要文件(中、英文版)，含總統重要談話文件及陸委會有關兩岸政策相關說明,時間;連結網址,大陸委員會
教育部補助大陸地區臺商學校實施要點,教育部補助大陸地區臺商學校實施要點,58012,實施要點,中央部會名稱;補助或獎勵相關辦法;連結網址,大陸委員會
教育部補助辦理兩岸(含港澳)學術教育交流活動實施要點,教育部補助辦理兩岸（含港澳）學術教育交流活動實施要點,42585,教育部補助辦理兩岸（含港澳）學術教育交流活動實施要點,中央部會名稱;補助或獎勵相關辦法;連結網址,大陸委員會
教育部體育署全國性民間體育活動團體經費補助辦法,教育部體育署全國性民間體育活動團體經費補助辦法,42597,教育部體育署全國性民間體育活動團體經費補助辦法,中央部會名稱;補助或獎勵相關辦法;連結網址,大陸委員會
教育部體育署國際體育交流活動推動及補助辦法,教育部體育署國際體育交流活動推動及補助辦法,42598,教育部體育署國際體育交流活動推動及補助辦法,中央部會名稱;補助或獎勵相關辦法;連結網址,大陸委員會
文化部補助國內表演藝術經典作品大陸巡演作業要點,文化部補助國內表演藝術經典作品大陸巡演作業要點,42590,文化部補助國內表演藝術經典作品大陸巡演作業要點,中央部會名稱;補助或獎勵相關辦法;連結網址,大陸委員會
文化部補助文化團體及個人參與多面向拓展文化交流處理要點,文化部補助文化團體及個人參與多面向拓展文化交流處理要點,42591,文化部補助文化團體及個人參與多面向拓展文化交流處理要點,中央部會名稱;補助或獎勵相關辦法;連結網址,大陸委員會
文化部補助民間團體辦理兩岸傳播或新聞交流活動作業要點,文化部補助民間團體辦理兩岸傳播或新聞交流活動作業要點,42592,文化部補助民間團體辦理兩岸傳播或新聞交流活動作業要點,中央部會名稱;補助或獎勵相關辦法;連結網址,大陸委員會
文化部補助視覺藝術產業辦理或參加國際藝術展會作業要點,文化部補助視覺藝術產業辦理或參加國際藝術展會作業要點,42594,文化部補助視覺藝術產業辦理或參加國際藝術展會作業要點,中央部會名稱;補助或獎勵相關辦法;連結網址,大陸委員會
施政績效,大陸委員會施政績效,58085,大陸委員會施政績效,項目;次項;內容;績效;,大陸委員會
書面之公共工程及採購契約目錄,書面之公共工程及採購契約目錄,13198,列舉本會採購契約之目錄，自103年起轉請至政府電子採購網查詢。,序號;標的名稱,大陸委員會
書面業務報告,大陸委員會書面業務報告,58093,大陸委員會書面業務報告,會期;報告人;內容,大陸委員會
會計報告,大陸委員會會計報告,20840,本會會計報告內容,會計年度;月份;款;項;目;節;預算年度;預算科目編號;預算科目名稱;細目編號;細目名稱;原預算數;追加減數;截至本月止累計分配數_1;本月實現數;截至本月止累計實現數_2;應收收入數_3;分配數預算餘額_4;分支計畫編號;分支計畫名稱;用途別編號;用途別名稱;第一預備金;第二預備金;經費流用數;預算調整數;應付數;已分配尚未執行數;備註_預暫付數;以前年度轉入數;保留數;減免;截至本月止累計實現數;調整數;尚未執行數;基金別;會計分類;使用機關別;科目分類;會計科目編號;會計科目名稱;金額;科目名稱;取得成本;以前年度累計折舊_長期投資評價;本年度資本資產成本變動_增加數;本年度資本資產成本變動_減少數;本年度累計折舊_長期投資評價變動數;期末帳面金額;備註;業務計畫或工作計畫;經資門;執行數;項目;收入實現數;減項_收入待納庫數;加項_以前年度待納庫繳庫數;加項_以前年度撥款於本年度繳還數_材料;加項_以前年度撥款於本年度繳還數_存出保證金;加項_以前年度撥款於本年度繳還數_其他應收款;加項_預收款;加項_剔除經費;繳付公庫數;一級用途別編號;一級用途別名稱;支出實現數;加項_預付款;加項_材料;加項_存出保證金;加項_零用金;加項_退還收入預收款;加項_其他應收款;減項_以前年度撥款於本年度實現數;公庫撥入數;公庫分配數餘額;金額_本月數;金額_累計數,大陸委員會
有關中國大陸對臺灣威嚇打壓的看法,有關中國大陸對臺灣威嚇打壓的看法,97665,有關中國大陸對臺灣威嚇打壓的看法,調查日期;題目;非常友善/非常同意/非常贊成/非常有幫助/非常支持;友善/同意/贊成/有幫助/支持;不友善/不同意/不贊成/沒有幫助/不支持;非常不友善/非常不同意/非常不贊成/完全沒幫助/非常不支持;不知道/無意見,大陸委員會
有關民眾對中國大陸阻擾我國際參與的看法,有關民眾對中國大陸阻擾我國際參與的看法,97661,有關民眾對中國大陸阻擾我國際參與的看法,調查日期;題目;非常友善/非常同意/非常贊成/非常有幫助/非常支持;友善/同意/贊成/有幫助/支持;不友善/不同意/不贊成/沒有幫助/不支持;非常不友善/非常不同意/非常不贊成/完全沒幫助/非常不支持;不知道/無意見,大陸委員會
有關民眾對兩岸溝通協商的看法,有關民眾對兩岸溝通協商的看法,97660,有關民眾對兩岸溝通協商的看法,調查日期;題目;非常友善/非常同意/非常贊成/非常有幫助/非常支持;友善/同意/贊成/有幫助/支持;不友善/不同意/不贊成/沒有幫助/不支持;非常不友善/非常不同意/非常不贊成/完全沒幫助/非常不支持;不知道/無意見,大陸委員會
有關民眾對臺灣的未來及兩岸關係發展的看法,有關民眾對臺灣的未來及兩岸關係發展的看法,97664,有關民眾對臺灣的未來及兩岸關係發展的看法,調查日期;題目;非常友善/非常同意/非常贊成/非常有幫助/非常支持;友善/同意/贊成/有幫助/支持;不友善/不同意/不贊成/沒有幫助/不支持;非常不友善/非常不同意/非常不贊成/完全沒幫助/非常不支持;不知道/無意見,大陸委員會
本國銀行在中國大陸現況統計表,本國銀行在中國大陸現況統計表,43113,本國銀行在中國大陸現況統計表,銀行;分支行子行已開業;分支行子行申請案已獲核准;辦事處,大陸委員會
本會出版品,本會出版品,9079,本會出版品一覽表,編號;書名;出版日期,大陸委員會
本會協處之臺港澳交流統計表,本會協處之臺港澳交流統計表,97676,港澳各界人士來臺參訪及我相關團體赴港澳交流之團數及人數統計,年度;團數;人數,大陸委員會
本會委託研究,本會委託研究,9080,本會委託研究一覽,完成之研究;完成時間,大陸委員會
本會民意調查,本會民意調查,9078,呈現民意調查結果,,大陸委員會
本會立院報告,本會立院報告,42539,本會立院報告,會期;委員會會議;標題;日期;連結網址,大陸委員會
本會長官公開講稿,本會長官公開講稿,42538,本會長官公開講稿,標題;日期;連結網址,大陸委員會
核准臺商對中國大陸投資統計-地區別,核准臺商對中國大陸投資統計-地區別,7474,呈現核准臺商對中國大陸投資統計以地區別的維度視角,地區;核准臺商對中國大陸投資─件數(2019年5月);核准臺商對中國大陸投資─金額(百萬美元)(2019年5月);核准臺商對中國大陸投資─金額比重(2019年5月);核准臺商對中國大陸投資─件數(2019年6月);核准臺商對中國大陸投資─金額(百萬美元)(2019年6月);核准臺商對中國大陸投資─金額比重(2019年6月);核准臺商對中國大陸投資─件數(2019年1-6月);核准臺商對中國大陸投資─金額(百萬美元)(2019年1-6月);核准臺商對中國大陸投資─金額比重(2019年1-6月);核准臺商對中國大陸投資─件數(1991-2019年6月累計);核准臺商對中國大陸投資─金額(百萬美元)(1991-2019年6月累計);核准臺商對中國大陸投資─金額比重(1991-2019年6月累計);核准臺商對中國大陸投資─件數(2019年7月);核准臺商對中國大陸投資─金額(百萬美元)(2019年7月);核准臺商對中國大陸投資─金額比重(2019年7月);核准臺商對中國大陸投資─件數(2019年1-7月);核准臺商對中國大陸投資─金額(百萬美元)(2019年1-7月);核准臺商對中國大陸投資─金額比重(2019年1-7月);核准臺商對中國大陸投資─件數(1991-2019年7月累計);核准臺商對中國大陸投資─金額(百萬美元)(1991-2019年7月累計);核准臺商對中國大陸投資─金額比重(1991-2019年7月累計);核准臺商對中國大陸投資─件數(2019年8月);核准臺商對中國大陸投資─金額(百萬美元)(2019年8月);核准臺商對中國大陸投資─金額比重(2019年8月);核准臺商對中國大陸投資─件數(2019年1-8月);核准臺商對中國大陸投資─金額(百萬美元)(2019年1-8月);核准臺商對中國大陸投資─金額比重(2019年1-8月);核准臺商對中國大陸投資─件數(1991-2019年8月累計);核准臺商對中國大陸投資─金額(百萬美元)(1991-2019年8月累計);核准臺商對中國大陸投資─金額比重(1991-2019年8月累計);核准臺商對中國大陸投資─件數(2019年9月);核准臺商對中國大陸投資─金額(百萬美元)(2019年9月);核准臺商對中國大陸投資─金額比重(2019年9月);核准臺商對中國大陸投資─件數(2019年1-9月);核准臺商對中國大陸投資─金額(百萬美元)(2019年1-9月);核准臺商對中國大陸投資─金額比重(2019年1-9月);核准臺商對中國大陸投資─件數(1991-2019年9月累計);核准臺商對中國大陸投資─金額(百萬美元)(1991-2019年9月累計);核准臺商對中國大陸投資─金額比重(1991-2019年9月累計);核准臺商對中國大陸投資─件數(2019年10月);核准臺商對中國大陸投資─金額(百萬美元)(2019年10月);核准臺商對中國大陸投資─金額比重(2019年10月);核准臺商對中國大陸投資─件數(2019年1-10月);核准臺商對中國大陸投資─金額(百萬美元)(2019年1-10月);核准臺商對中國大陸投資─金額比重(2019年1-10月);核准臺商對中國大陸投資─件數(1991-2019年10月累計);核准臺商對中國大陸投資─金額(百萬美元)(1991-2019年10月累計);核准臺商對中國大陸投資─金額比重(1991-2019年10月累計);核准臺商對中國大陸投資─件數(2019年11月);核准臺商對中國大陸投資─金額(百萬美元)(2019年11月);核准臺商對中國大陸投資─金額比重(2019年11月);核准臺商對中國大陸投資─件數(2019年1-11月);核准臺商對中國大陸投資─金額(百萬美元)(2019年1-11月);核准臺商對中國大陸投資─金額比重(2019年1-11月);核准臺商對中國大陸投資─件數(1991-2019年11月累計);核准臺商對中國大陸投資─金額(百萬美元)(1991-2019年11月累計);核准臺商對中國大陸投資─金額比重(1991-2019年11月累計);核准臺商對中國大陸投資─件數(2019年12月);核准臺商對中國大陸投資─金額(百萬美元)(2019年12月);核准臺商對中國大陸投資─金額比重(2019年12月);核准臺商對中國大陸投資─件數(2019年1-12月);核准臺商對中國大陸投資─金額(百萬美元)(2019年1-12月);核准臺商對中國大陸投資─金額比重(2019年1-12月);核准臺商對中國大陸投資─件數(1991-2019年12月累計);核准臺商對中國大陸投資─金額(百萬美元)(1991-2019年12月累計);核准臺商對中國大陸投資─金額比重(1991-2019年12月累計);核准臺商對中國大陸投資─件數(2020年1月);核准臺商對中國大陸投資─金額(百萬美元)(2020年1月);核准臺商對中國大陸投資─金額比重(2020年1月);核准臺商對中國大陸投資─件數(2020年1-1月);核准臺商對中國大陸投資─金額(百萬美元)(2020年1-1月);核准臺商對中國大陸投資─金額比重(2020年1-1月);核准臺商對中國大陸投資─件數(1991-2020年1月累計);核准臺商對中國大陸投資─金額(百萬美元)(1991-2020年1月累計);核准臺商對中國大陸投資─金額比重(1991-2020年1月累計);核准臺商對中國大陸投資─件數(2020年2月);核准臺商對中國大陸投資─金額(百萬美元)(2020年2月);核准臺商對中國大陸投資─金額比重(2020年2月);核准臺商對中國大陸投資─件數(2020年1-2月);核准臺商對中國大陸投資─金額(百萬美元)(2020年1-2月);核准臺商對中國大陸投資─金額比重(2020年1-2月);核准臺商對中國大陸投資─件數(1991-2020年2月累計);核准臺商對中國大陸投資─金額(百萬美元)(1991-2020年2月累計);核准臺商對中國大陸投資─金額比重(1991-2020年2月累計),大陸委員會
核准臺商對中國大陸投資統計-行業別,核准臺商對中國大陸投資統計-行業別,7475,以行業別的視角呈現核准臺商對中國大陸投資統計資料,行業別;核准臺商對中國大陸投資─件數(2019年5月);核准臺商對中國大陸投資─金額(百萬美元)(2019年5月);核准臺商對中國大陸投資─金額比重(2019年5月);核准臺商對中國大陸投資─件數(2019年6月);核准臺商對中國大陸投資─金額(百萬美元)(2019年6月);核准臺商對中國大陸投資─金額比重(2019年6月);核准臺商對中國大陸投資─件數(2019年1-6月);核准臺商對中國大陸投資─金額(百萬美元)(2019年1-6月);核准臺商對中國大陸投資─金額比重(2019年1-6月);核准臺商對中國大陸投資─件數(1991-2019年6月累計);核准臺商對中國大陸投資─金額(百萬美元)(1991-2019年6月累計);核准臺商對中國大陸投資─金額比重(1991-2019年6月累計);;核准臺商對中國大陸投資─件數(2019年7月);核准臺商對中國大陸投資─金額(百萬美元)(2019年7月);核准臺商對中國大陸投資─金額比重(2019年7月);核准臺商對中國大陸投資─件數(2019年1-7月);核准臺商對中國大陸投資─金額(百萬美元)(2019年1-7月);核准臺商對中國大陸投資─金額比重(2019年1-7月);核准臺商對中國大陸投資─件數(1991-2019年7月累計);核准臺商對中國大陸投資─金額(百萬美元)(1991-2019年7月累計);核准臺商對中國大陸投資─金額比重(1991-2019年7月累計);核准臺商對中國大陸投資─件數(2019年8月);核准臺商對中國大陸投資─金額(百萬美元)(2019年8月);核准臺商對中國大陸投資─金額比重(2019年8月);核准臺商對中國大陸投資─件數(2019年1-8月);核准臺商對中國大陸投資─金額(百萬美元)(2019年1-8月);核准臺商對中國大陸投資─金額比重(2019年1-8月);核准臺商對中國大陸投資─件數(1991-2019年8月累計);核准臺商對中國大陸投資─金額(百萬美元)(1991-2019年8月累計);核准臺商對中國大陸投資─金額比重(1991-2019年8月累計);核准臺商對中國大陸投資─件數(2019年9月);核准臺商對中國大陸投資─金額(百萬美元)(2019年9月);核准臺商對中國大陸投資─金額比重(2019年9月);核准臺商對中國大陸投資─件數(2019年1-9月);核准臺商對中國大陸投資─金額(百萬美元)(2019年1-9月);核准臺商對中國大陸投資─金額比重(2019年1-9月);核准臺商對中國大陸投資─件數(1991-2019年9月累計);核准臺商對中國大陸投資─金額(百萬美元)(1991-2019年9月累計);核准臺商對中國大陸投資─金額比重(1991-2019年9月累計);核准臺商對中國大陸投資─件數(2019年10月);核准臺商對中國大陸投資─金額(百萬美元)(2019年10月);核准臺商對中國大陸投資─金額比重(2019年10月);核准臺商對中國大陸投資─件數(2019年1-10月);核准臺商對中國大陸投資─金額(百萬美元)(2019年1-10月);核准臺商對中國大陸投資─金額比重(2019年1-10月);核准臺商對中國大陸投資─件數(1991-2019年10月累計);核准臺商對中國大陸投資─金額(百萬美元)(1991-2019年10月累計);核准臺商對中國大陸投資─金額比重(1991-2019年10月累計);核准臺商對中國大陸投資─件數(2019年11月);核准臺商對中國大陸投資─金額(百萬美元)(2019年11月);核准臺商對中國大陸投資─金額比重(2019年11月);核准臺商對中國大陸投資─件數(2019年1-11月);核准臺商對中國大陸投資─金額(百萬美元)(2019年1-11月);核准臺商對中國大陸投資─金額比重(2019年1-11月);核准臺商對中國大陸投資─件數(1991-2019年11月累計);核准臺商對中國大陸投資─金額(百萬美元)(1991-2019年11月累計);核准臺商對中國大陸投資─金額比重(1991-2019年11月累計);核准臺商對中國大陸投資─件數(2019年12月);核准臺商對中國大陸投資─金額(百萬美元)(2019年12月);核准臺商對中國大陸投資─金額比重(2019年12月);核准臺商對中國大陸投資─件數(2019年1-12月);核准臺商對中國大陸投資─金額(百萬美元)(2019年1-12月);核准臺商對中國大陸投資─金額比重(2019年1-12月);核准臺商對中國大陸投資─件數(1991-2019年12月累計);核准臺商對中國大陸投資─金額(百萬美元)(1991-2019年12月累計);核准臺商對中國大陸投資─金額比重(1991-2019年12月累計);核准臺商對中國大陸投資─件數(2020年1月);核准臺商對中國大陸投資─金額(百萬美元)(2020年1月);核准臺商對中國大陸投資─金額比重(2020年1月);核准臺商對中國大陸投資─件數(2020年1-1月);核准臺商對中國大陸投資─金額(百萬美元)(2020年1-1月);核准臺商對中國大陸投資─金額比重(2020年1-1月);核准臺商對中國大陸投資─件數(1991-2020年1月累計);核准臺商對中國大陸投資─金額(百萬美元)(1991-2020年1月累計);核准臺商對中國大陸投資─金額比重(1991-2020年1月累計);核准臺商對中國大陸投資─件數(2020年2月);核准臺商對中國大陸投資─金額(百萬美元)(2020年2月);核准臺商對中國大陸投資─金額比重(2020年2月);核准臺商對中國大陸投資─件數(2020年1-2月);核准臺商對中國大陸投資─金額(百萬美元)(2020年1-2月);核准臺商對中國大陸投資─金額比重(2020年1-2月);核准臺商對中國大陸投資─件數(1991-2020年2月累計);核准臺商對中國大陸投資─金額(百萬美元)(1991-2020年2月累計);核准臺商對中國大陸投資─金額比重(1991-2020年2月累計),大陸委員會
核准陸資來臺投資統計,核准陸資來臺投資統計,7477,呈現核准陸資來臺投資統計資料,項目;核准陸資來臺投資-件數;核准陸資來臺投資-金額(千美元),大陸委員會
歲入來源別預算表,歲入來源別預算表,12930,本會相關預算資料,項目;資料資源網址,大陸委員會
歲入累計表,歲入累計表,20382,本會104年度10月份歲入累計表，已同步登載於https://data.gov.tw/dataset/20840,名稱;資料資源網址,大陸委員會
歲入項目說明提要表,歲入項目說明提要表,12931,本會相關預算資料,項目;資料資源網址,大陸委員會
歲入類平衡表,歲入類平衡表,20383,本會104年度10月份歲入類平衡表，已同步登載於https://data.gov.tw/dataset/20840,名稱;資料資源網址,大陸委員會
歲入類現金出納表,歲入類現金出納表,20384,本會104年度10月份歲入類現金出納表，已同步登載於https://data.gov.tw/dataset/20840,名稱;資料資源網址,大陸委員會
歲出按職能及經濟性綜合分類表,歲出按職能及經濟性綜合分類表,12933,本會相關預算資料,項目;資料資源網址,大陸委員會
歲出用途別科目分析表,歲出用途別科目分析表,12932,本會相關預算資料,名稱;資料資源網址,大陸委員會
歲出計畫提要及分支計畫概況表,歲出計畫提要及分支計畫概況表,12934,本會相關預算資料,項目;資料資源網址,大陸委員會
歲出預算表,歲出機關別預算表,12935,本會相關預算資料,項目;資料資源網址,大陸委員會
民眾對兩岸交流速度的看法民調,民眾對兩岸交流速度的看法民調,79344,民眾對兩岸交流速度的看法民調,調查時間;太快;太慢;剛剛好;不知道/無意見,大陸委員會
民眾對兩岸相關議題之看法民調,民眾對兩岸相關議題之看法民調,58659,民眾對兩岸相關議題之看法,題目;非常支持/非常贊成/非常同意/非常適當/非常合理;支持/贊成/同意/適當/合理;不支持/不贊成不同意/不適當/不合理;非常不支持/非常不贊成/非常不同意/非常不適當/非常不合理;不知道/無意見,大陸委員會
民眾對統1、獨立或維持現狀的看法民調,民眾對統一、獨立或維持現狀的看法民調,79342,民眾對統一、獨立或維持現狀的看法民調,調查時間;儘快統一;維持現狀，以後走向統一;維持現狀，看情形再決定獨立或統一;永遠維持現狀;維持現狀，以後走向獨立;儘快宣布獨立;不知道/無意見,大陸委員會
民眾對總統國慶演說及兩岸相關議題之看法民調,民眾對總統國慶演說及兩岸相關議題之看法民調,42537,民眾對總統國慶演說及兩岸相關議題之看法,題目;非常支持/非常贊成/非常同意;支持/贊成/應該/同意;不支持/不贊成/不應該/不同意;非常不支持/非常不贊成/非常不同意;不知道/無意見,大陸委員會
民眾對總統就職演說及兩岸相關議題之看法民調,民眾對總統就職演說及兩岸相關議題之看法民調,42536,民眾對總統就職演說及兩岸相關議題之看法,題目;非常贊同/非常支持/非常信心;贊同/支持/信心;不贊同/不支持/不信心;非常不贊同/非常不支持/非常不信心;不知道/無意見,大陸委員會
民眾認知大陸政府對我政府不友善態度民調,民眾認知大陸政府對我政府不友善態度民調,79347,民眾認知大陸政府對我政府不友善態度民調,調查時間;非常友善;友善;不友善;非常不友善;不知道/無意見,大陸委員會
民眾認知大陸政府對臺灣人民友善或不友善態度民調,民眾認知大陸政府對臺灣人民友善或不友善態度民調,79348,民眾認知大陸政府對臺灣人民友善或不友善態度民調,調查時間;非常友善;友善;不友善;非常不友善;不知道/無意見,大陸委員會
民眾認知維護兩岸良性互動是兩岸雙方共同的責任，不應有非和平或恫嚇性的言論或作為民調,民眾認知維護兩岸良性互動是兩岸雙方共同的責任，不應有非和平或恫嚇性的言論或作為民調,79349,民眾認知維護兩岸良性互動是兩岸雙方共同的責任，不應有非和平或恫嚇性的言論或作為民調,調查時間;非常贊成;贊成;不贊成;非常不贊成;不知道/無意見,大陸委員會
派員出國計畫預算總表,派員出國計畫預算總表,12924,本會相關預算資料,項目;資料資源網址,大陸委員會
派員出國計畫類別表-考察,派員出國計畫類別表-考察,12925,本會相關預算資料,項目;資料資源網址,大陸委員會
派員出國計畫類別表-進修,派員出國計畫類別表-進修,12926,本會相關預算資料,項目;資料資源網址,大陸委員會
派員出國計畫類別表-開會,派員出國計畫類別表-開會,12927,本會相關預算資料,項目;資料資源網址,大陸委員會
派員赴大陸計畫預算表,派員赴大陸計畫預算表,12928,本會相關預算資料,項目;資料資源網址,大陸委員會
海基會兩岸人民急難服務中心服務案件數,海基會兩岸人民急難服務中心服務案件數,97669,呈現海基會兩岸人民急難服務中心服務案件數量統計,統計期間;現場件數;人身安全服務;一般諮詢,大陸委員會
海基會兩岸婚姻親子關懷專線統計表,海基會兩岸婚姻親子關懷專線統計表,59278,親子關懷專線統計,日期;婚姻;出生;家暴;繼承;收養;居留停留;來台生活適應;工作;醫療保健;教育;子女問題;急難救助;文書驗證;探親;其他;合計,大陸委員會
海基會協處台商人身安全案件統計表,海基會協處台商人身安全案件統計表,97667,呈現海基會協處台商人身安全案件數,年度;遭殺害;意外或因病身亡;意外傷害因病住院;遭搶.傷害.恐嚇勒索;遭綁架.非法拘禁;因案限制人身自由;失蹤;其他,大陸委員會
海基會收受中國大陸公證書分類統計,海基會收受中國大陸公證書分類統計,97668,呈現海基會收受中國大陸公證書分類統計,年度;繼承;收養;婚姻;出生;死亡;委託;學歷;定居;扶養親屬;財產權利證明;稅務;病歷;經歷;專業證明;其他,大陸委員會
海基會服務電話資訊,海基會服務電話資訊,59265,海基會服務電話資訊,項次;服務功能;電話號碼,大陸委員會
海基會為民服務案件數,海基會為民服務案件數,59267,為民服務案件,年度;件數,大陸委員會
海基會緊急服務專線接聽數,海基會緊急服務專線接聽數,59266,緊急服務專線接聽數量統計,年度;接聽數;人身安全服務;一般諮詢,大陸委員會
海基會董監事名單,海基會董監事名單,59268,董監事名單,職稱;姓名;職銜,大陸委員會
海基會辦理文書驗證統計表,海基會辦理文書驗證統計表,59269,文書驗證統計,期間;當事人申請;大陸寄送副本;完成驗證,大陸委員會
海外臺灣學校及大陸地區臺商學校典範教師獎實施要點,海外臺灣學校及大陸地區臺商學校典範教師獎實施要點,58011,實施要點,項目;內容,大陸委員會
海峽兩岸共同打擊犯罪及司法互助協議,海峽兩岸共同打擊犯罪及司法互助協議,9072,呈現共同打擊犯罪及司法互助協議執行成效,項次;內容,大陸委員會
海峽兩岸共同打擊犯罪及司法互助協議案件統計總表,海峽兩岸共同打擊犯罪及司法互助協議案件統計總表,97672,呈現兩岸共同打擊犯罪及司法互助協議執行情形相關統計資料,項次;協助事項;我方（請求、邀請、主動提供）;陸方（回復）- 完成;陸方（回復）- 瑕疵、補正;陸方（回復）- 進行中;陸方（請求、邀請、主動提供）;我方（回復）- 完成;我方（回復）- 瑕疵、補正;我方（回復）- 進行中,大陸委員會
海峽兩岸智慧財產權保護合作協議,海峽兩岸智慧財產權保護合作協議,9073,呈現共同兩岸智慧財產權協議執行成效,項目;內容,大陸委員會
海峽兩岸醫藥衛生合作協議,海峽兩岸醫藥衛生合作協議,9074,呈現兩岸醫藥衛生合作協議執行成效,項目;內容,大陸委員會
海峽兩岸食品安全協議,海峽兩岸食品安全協議,9071,呈現海峽兩岸食品安全協議執行成效,項目;內容,大陸委員會
港澳事務法規,港澳事務法規,9090,港澳事務法規一覽,港澳事務法規;,大陸委員會
港澳季報,港澳季報,55218,每季編輯有關香港情勢、澳門情勢、臺港澳關係、陸港澳關係之發展情況與相關統計資料。,期數;網址;關鍵字;摘要,大陸委員會
港澳學生來臺就學法規,港澳學生來臺就學法規,55223,說明有關港澳學生來臺就學之相關法規。,名稱;網址;關鍵字;備註,大陸委員會
港澳學生來臺就學網站,港澳學生來臺就學網站,55224,說明有關港澳學生來臺就學之相關網站。,名稱;網址;關鍵字;摘要,大陸委員會
港澳專科以上學校認可名冊,港澳專科以上學校認可名冊,97678,港澳專科以上學校認可名冊,名稱;網址,大陸委員會
港澳居民來臺統計表,港澳居民來臺統計表,7890,彙集港澳居民訪臺、居留及定居之各年度總人數(港澳合計)資料。,表九、港澳居民來臺統計表(1991年-2015年)<br>單位 :人次;,大陸委員會
港澳旅遊資訊,港澳旅遊資訊,9092,港澳旅遊資訊一覽,說明;連結網址,大陸委員會
港澳留臺學生在臺工作法規,港澳留臺學生在臺工作法規,55225,說明有關港澳留臺學生在臺工作之相關法規。,名稱;網址;關鍵字;備註,大陸委員會
港澳留臺學生在臺工作網站,港澳留臺學生在臺工作網站,55226,說明有關港澳留臺學生在臺工作之相關網站。,名稱;網址;關鍵字;摘要,大陸委員會
澳門事務處最新消息一覽表,澳門事務處最新消息一覽表,52574,澳門事務處最新消息一覽表,編號;日期;標題;連結,大陸委員會
澳門居民來臺居留、定居人數統計表,澳門居民來臺居留、定居人數統計表,97674,統計澳門居民來臺居留、定居人數資料。,年份;澳門居留許可人數;澳門定居許可人數,大陸委員會
澳門情勢資料庫,澳門情勢資料庫,55216,每年就澳門移交中國大陸後之政治、經濟、社會、國際，以及臺澳關係進行研析。,報告名稱;網址;關鍵字;報告摘要,大陸委員會
用電資訊,大陸委員會用電資訊,58828,大陸委員會用電資訊,年度;實際總用電度數(kWh);電號樓地板面積(平方公尺);電號數量(只);本會EUI(a);法定EUI(b);達成(a＜b),大陸委員會
發布旅遊警示事由相關業務協處分工,大陸委員會發布旅遊警示事由相關業務協處分工,59270,發布旅遊警示分工,警示事由類別;相關業務處;相關機關;相關兩岸協議,大陸委員會
發文代字表,大陸委員會發文代字表,59603,大陸委員會發文代字表,承辦單位;代擬代判及代擬不代判院函發文;本會發文;室發文;備考,大陸委員會
社會交流法規彙編,社會交流法規彙編,9088,社會交流法規彙編一覽,,大陸委員會
科技部補助兩岸科技學術研討會作業要點,科技部補助兩岸科技學術研討會作業要點,42589,科技部補助兩岸科技學術研討會作業要點,中央部會名稱;補助或獎勵相關辦法;連結網址,大陸委員會
科技部補助延攬客座科技人才作業要點,科技部補助延攬客座科技人才作業要點,42586,科技部補助延攬客座科技人才作業要點,中央部會名稱;補助或獎勵相關辦法;連結網址,大陸委員會
科技部補助邀請大陸地區暨香港澳門科技人士來臺短期訪問作業要點,科技部補助邀請大陸地區暨香港澳門科技人士來臺短期訪問作業要點,42588,科技部補助邀請大陸地區暨香港澳門科技人士來臺短期訪問作業要點,中央部會名稱;補助或獎勵相關辦法;連結網址,大陸委員會
經費累計表,經費累計表,20385,本會104年度10月份經費累計表，已同步登載於https://data.gov.tw/dataset/20840,名稱;資料資源網址,大陸委員會
經費類平衡表,經費類平衡表,20386,本會104年度10月份經費類平衡表，已同步登載於https://data.gov.tw/dataset/20840,名稱;資料資源網址,大陸委員會
經費類現金出納表,經費類現金出納表,20387,本會104年度10月份經費類現金出納表，已同步登載於https://data.gov.tw/dataset/20840,名稱;資料資源網址,大陸委員會
綠色採購總金額及比率,大陸委員會綠色採購總金額及比率,58827,大陸委員會綠色採購總金額及比率,年度;評核成績%;等第;總綠色採購金額;非環保產品,大陸委員會
總統大陸政策談話,總統大陸政策談話,42540,總統大陸政策談話,標題;日期;連結網址,大陸委員會
總統港澳工作談話,總統港澳工作談話,9089,總統港澳工作談話一覽,總統港澳工作談話;,大陸委員會
自起發布中國大陸及香港、澳門旅遊警示資料,大陸委員會自103年9月1日起發布中國大陸及香港、澳門旅遊警示資料,42627,行政院大陸委員會自103年9月1日起發布中國大陸及香港、澳門旅遊警示資料,發布區域;發布時間;發布原因;解除時間;備註(旅遊警示發布新聞稿超連結);備註(旅遊警示解除新聞稿超連結),大陸委員會
臺商實用資訊,臺商實用資訊,119365,臺商服務相關資訊,項目;內容,大陸委員會
臺商對中國大陸投資金額統計,臺商對中國大陸投資金額統計,7473,呈現臺商對中國大陸投資金額統計資料,期間;臺商對中國大陸投資-經濟部核准件數;臺商對中國大陸投資-經濟部核准金額(億美元);臺商對中國大陸投資-經濟部核准平均每件金額(億美元);臺商對中國大陸投資-中國大陸對外公布項目數;臺商對中國大陸投資-中國大陸對外公布實際金額(億美元),大陸委員會
臺商張老師月刊諮詢解答,臺商張老師月刊諮詢解答,119364,臺商諮詢問題與解答,期數;臺商諮詢問題;臺商張老師諮詢解答;撰寫人,大陸委員會
臺港澳交流各項業務主管機關,臺港澳交流各項業務主管機關,9091,臺港澳交流各項業務主管機關一覽,各項業務事項;主管機關;洽詢電話;網址/地址,大陸委員會
臺港澳交流答客問,臺港澳交流答客問,55220,有關臺港澳關係、入出境與居留定居、就業、就學、經貿交通與文化交流等之答客問內容。,名稱;網址;關鍵字;摘要,大陸委員會
臺港澳關係相關網站,臺港澳關係相關網站,55227,說明有關臺灣與港澳互動之相關網站。,名稱;網址;關鍵字;摘要,大陸委員會
臺港澳青年交流,臺港澳青年交流,55219,說明每年辦理之重要青年交流活動，例如港澳青年臺灣知性之旅及港澳學生金門體驗營等活動。,年度;網址;關鍵字;摘要,大陸委員會
臺港相互投資金額統計表,臺港相互投資金額統計表,7462,彙集臺港相互投資數值,表五、臺港相互投資金額統計表<br>單位:百萬美元;,大陸委員會
臺澳相互投資金額統計表,臺澳相互投資金額統計表,7463,彙集臺澳相互投資數值,表六、臺澳相互投資金額統計表<br>單位:百萬美元;,大陸委員會
臺灣及中國大陸利率及匯率之比較,臺灣及中國大陸利率及匯率之比較,7496,呈現臺灣及中國大陸利率及匯率之比較資料,期　間;臺灣一年期存款利率;臺灣基準放款利率;中國大陸一年期存款利率;中國大陸一年期貸款利率;新臺幣／美元;人民幣中間價／美元,大陸委員會
臺灣及中國大陸對南韓之貿易統計,臺灣及中國大陸對南韓之貿易統計,7491,呈現臺灣及中國大陸對南韓之貿易統計資料,期間;臺灣對南韓出口(億美元);臺灣對南韓出口年增率;臺灣自南韓進口(億美元);臺灣自南韓進口年增率;臺灣對南韓貿易總額(億美元);臺灣對南韓貿易總額年增率;中國大陸對南韓出口(億美元);中國大陸對南韓出口年增率;中國大陸自南韓進口(億美元);中國大陸自南韓進口年增率;中國大陸對南韓貿易總額(億美元);中國大陸對南韓貿易總額年增率,大陸委員會
臺灣及中國大陸對日本之貿易統計,臺灣及中國大陸對日本之貿易統計,7488,呈現臺灣及中國大陸對日本之貿易統計資料,期間;臺灣對日本出口(我國海關統計)(億美元);臺灣對日本出口年增率(我國海關統計);臺灣自日本進口-我國海關統計統計(億美元);臺灣自日本進口年增率-我國海關統計統計;臺灣對日本貿易總額-我國海關統計統計(億美元);臺灣對日本貿易總額年增率-我國海關統計統計;臺灣對日本出口-日本海關統計統計(億美元);臺灣對日本出口年增率-日本海關統計統計;臺灣自日本進口-日本海關統計統計(億美元);臺灣自日本進口年增率-日本海關統計統計;臺灣對日本貿易總額(日本海關統計)(億美元);臺灣對日本貿易總額年增率(日本海關統計);中國大陸對日本出口(中國大陸海關統計)(億美元);中國大陸對日本出口年增率(中國大陸海關統計);中國大陸自日本進口(中國大陸海關統計)(億美元);中國大陸自日本進口年增率(中國大陸海關統計);中國大陸對日本貿易總額(中國大陸海關統計)(億美元);中國大陸對日本貿易總額年增率(中國大陸海關統計);中國大陸對日本出口(日本海關統計)(億美元);中國大陸對日本出口年增率(日本海關統計);中國大陸自日本進口(日本海關統計)(億美元);中國大陸自日本進口年增率(日本海關統計);中國大陸對日本貿易總額(日本海關統計)(億美元);中國大陸對日本貿易總額年增率(日本海關統計),大陸委員會
臺灣及中國大陸對東協10國之貿易統計,臺灣及中國大陸對東協10國之貿易統計,7490,呈現臺灣及中國大陸對東協之貿易統計資料,期間;臺灣對東協10國出口(億美元);臺灣對東協10國出口年增率;臺灣自東協10國進口(億美元);臺灣自東協10國進口年增率;臺灣對東協10國貿易總額(億美元);臺灣對東協10國貿易總額年增率;中國大陸對東協10國出口(億美元);中國大陸對東協10國出口年增率;中國大陸自東協10國進口(億美元);中國大陸自東協10國進口年增率;中國大陸對東協10國貿易總額(億美元);中國大陸對東協10國貿易總額年增率,大陸委員會
臺灣及中國大陸對歐盟之貿易統計,臺灣及中國大陸對歐盟之貿易統計,7489,呈現臺灣及中國大陸對歐盟之貿易統計資料,期間;臺灣對歐盟出口(億美元);臺灣對歐盟出口年增率;臺灣自歐盟進口(億美元);臺灣自歐盟進口年增率;臺灣對歐盟貿易總額(億美元);臺灣對歐盟貿易總額年增率;中國大陸對歐盟出口(億美元);中國大陸對歐盟出口年增率;中國大陸自歐盟進口(億美元);中國大陸自歐盟進口年增率;中國大陸對歐盟貿易總額(億美元);中國大陸對歐盟貿易總額年增率,大陸委員會
臺灣及中國大陸對美國之貿易統計,臺灣及中國大陸對美國之貿易統計,7487,呈現臺灣及中國大陸對美國之貿易統計資料,期間;臺灣對美國出口(我國海關統計)(億美元);臺灣對美國出口年增率(我國海關統計);臺灣自美國進口(我國海關統計)(億美元);臺灣自美國進口年增率(我國海關統計);臺灣對美國貿易總額(我國海關統計)(億美元);臺灣對美國貿易總額年增率(我國海關統計);臺灣對美國出口(美國海關統計)(億美元);臺灣對美國出口年增率(美國海關統計);臺灣自美國進口(美國海關統計)(億美元);臺灣自美國進口年增率(美國海關統計);臺灣對美國貿易總額(美國海關統計)(億美元);臺灣對美國貿易總額年增率(美國海關統計);中國大陸對美國出口(中國大陸海關統計)(億美元);中國大陸對美國出口年增率(中國大陸海關統計);中國大陸自美國進口(中國大陸海關統計)(億美元);中國大陸自美國進口年增率(中國大陸海關統計);中國大陸對美國貿易總額(中國大陸海關統計)(億美元);中國大陸對美國貿易總額年增率(中國大陸海關統計);中國大陸對美國出口(美國海關統計)(億美元);中國大陸對美國出口年增率(美國海關統計);中國大陸自美國進口(美國海關統計)(億美元);中國大陸自美國進口年增率(美國海關統計);中國大陸對美國貿易總額(美國海關統計)(億美元);中國大陸對美國貿易總額年增率(美國海關統計),大陸委員會
臺灣及中國大陸對香港之貿易統計,臺灣及中國大陸對香港之貿易統計,7469,呈現臺灣及中國大陸對香港之貿易統計，包含出口Exports、 進口Imports 、貿易總額Total等重要資料,期間;臺灣對香港出口(我國海關統計)(億美元);臺灣對香港出口(我國海關統計)(年增率);臺灣自香港進口(我國海關統計)(億美元);臺灣自香港進口(我國海關統計)(年增率);臺灣對香港貿易總額(我國海關統計)(億美元);臺灣對香港貿易總額(我國海關統計)(年增率);臺灣對香港出口(香港海關統計)(億美元);臺灣對香港出口(香港海關統計)(年增率);臺灣自香港進口(香港海關統計)(億美元);臺灣自香港進口(香港海關統計)(年增率);臺灣對香港貿易總額(香港海關統計)(億美元);臺灣對香港貿易總額(香港海關統計)(年增率);中國大陸對香港出口(中國大陸海關統計)(億美元);中國大陸對香港出口(中國大陸海關統計)(年增率);中國大陸自香港進口(中國大陸海關統計)(億美元);中國大陸自香港進口(中國大陸海關統計)(年增率);中國大陸對香港貿易總額(中國大陸海關統計)(億美元);中國大陸對香港貿易總額(中國大陸海關統計)(年增率);中國大陸對香港出口(香港海關統計)(億美元);中國大陸對香港出口(香港海關統計)(年增率);中國大陸自香港進口(香港海關統計)(億美元);中國大陸自香港進口(香港海關統計)(年增率);中國大陸對香港貿易總額(香港海關統計)(億美元);中國大陸對香港貿易總額(香港海關統計)(年增率),大陸委員會
臺灣及中國大陸貿易統計,臺灣及中國大陸貿易統計,7485,呈現臺灣及中國大陸貿易統計資料,期間;臺灣出口(億美元);臺灣出口年增率;臺灣進口(億美元);臺灣進口年增率;臺灣貿易差額(億美元);臺灣貿易差額年增率;臺灣貿易總額(億美元);臺灣貿易總額年增率;中國大陸出口(億美元);中國大陸出口年增率;中國大陸進口(億美元);中國大陸進口年增率;中國大陸貿易差額(億美元);中國大陸貿易差額年增率;中國大陸貿易總額(億美元);中國大陸貿易總額年增率,大陸委員會
臺灣及中國大陸輸往東協10國產品市場比較,臺灣及中國大陸輸往東協10國產品市場比較,7495,呈現臺灣及中國大陸輸往東協10國產品市場比較資料,期 間;臺灣輸往東協10國產品金額(億美元);臺灣輸往東協10國產品年增率;臺灣輸往東協10國產品市占率;中國大陸輸往東協10國產品金額(億美元);中國大陸輸往東協10國產品年增率;中國大陸輸往東協10國產品市占率,大陸委員會
臺灣地區民間團體對大陸地區捐贈獎助學金審查要點,臺灣地區民間團體對大陸地區捐贈獎助學金審查要點,97697,臺灣地區民間團體對大陸地區捐贈獎助學金審查要點,中央部會名稱;補助或獎勵相關辦法;連結網址,大陸委員會
臺灣地區與大陸地區人民關係條例暨兩岸歷次協議(含香港澳門關係條例),臺灣地區與大陸地區人民關係條例暨兩岸歷次協議（含香港澳門關係條例）,59273,兩岸條例暨歷次協議,公開資料名稱;日期;版次;關鍵字;公開網址,大陸委員會
臺灣地區與大陸地區人民關係條例暨施行細則解釋彙編,臺灣地區與大陸地區人民關係條例暨施行細則解釋彙編,59275,臺灣地區與大陸地區人民關係條例暨施行細則解釋彙編,公開資料名稱;日期;版次;關鍵字;公開網址,大陸委員會
臺灣對中國大陸、香港順差統計,臺灣對中國大陸、香港順差統計,7472,呈現臺灣對中國大陸、香港順差統計資料,期 間;臺灣對中國大陸貿易順差-金額(百萬美元);臺灣對中國大陸貿易順差-比重;臺灣對香港貿易順差-金額(百萬美元);臺灣對香港貿易順差-比重;臺灣對全球貿易順差-金額(百萬美元),大陸委員會
臺灣對中國大陸及香港出口主要產品,臺灣對中國大陸及香港出口主要產品,7470,說明臺灣對中國大陸及香港出口主要產品,,大陸委員會
臺灣對澳門貿易統計表,臺灣對澳門貿易統計表,7083,彙集臺灣對澳門貿易統計逐年總值,表二、臺灣對澳門貿易統計表<br>單位:百萬美元;,大陸委員會
臺灣對香港貿易統計表,臺灣對香港貿易統計表,7459,彙集臺灣對香港的貿易數值,表一、臺灣對香港貿易統計表<br>單位:百萬美元;,大陸委員會
臺灣自中國大陸及香港進口主要產品,臺灣自中國大陸及香港進口主要產品,7471,列式臺灣自中國大陸及香港進口主要產品,,大陸委員會
臺灣與主要國家(地區)貿易金額統計,臺灣與主要國家（地區）貿易金額統計,7486,呈現臺灣與主要國家（地區）貿易金額統計資料,期間(國家);臺灣對主要國家出口金額(億美元)(2017年);臺灣對主要國家出口年增率(2017年);臺灣對主要國家進口金額(億美元)(2017年);臺灣對主要國家進口年增率(2017年);臺灣對主要國家貿易總額(億美元)(2017年);臺灣對主要國家貿易總額年增率(2017年);臺灣對主要國家出口金額(億美元)(2018年);臺灣對主要國家出口年增率(2018年);臺灣對主要國家進口金額(億美元)(2018年);臺灣對主要國家進口年增率(2018年);臺灣對主要國家貿易總額(億美元)(2018年);臺灣對主要國家貿易總額年增率(2018年);臺灣對主要國家出口金額(億美元)(2019年6月);臺灣對主要國家出口年增率(2019年6月);臺灣對主要國家進口金額(億美元)(2019年6月);臺灣對主要國家進口年增率(2019年6月);臺灣對主要國家貿易總額(億美元)(2019年6月);臺灣對主要國家貿易總額年增率(2019年6月);臺灣對主要國家出口金額(億美元)(2019年1-6月<br>);臺灣對主要國家出口年增率(2019年1-6月<br>);臺灣對主要國家進口金額(億美元)(2019年1-6月<br>);臺灣對主要國家進口年增率(2019年1-6月<br>);臺灣對主要國家貿易總額(億美元)(2019年1-6月<br>);臺灣對主要國家貿易總額年增率(2019年1-6月<br>);臺灣對主要國家出口金額(億美元)(2019年7月);臺灣對主要國家出口年增率(2019年7月);臺灣對主要國家進口金額(億美元)(2019年7月);臺灣對主要國家進口年增率(2019年7月);臺灣對主要國家貿易總額(億美元)(2019年7月);臺灣對主要國家貿易總額年增率(2019年7月);臺灣對主要國家出口金額(億美元)(2019年1-7月<br>);臺灣對主要國家出口年增率(2019年1-7月<br>);臺灣對主要國家進口金額(億美元)(2019年1-7月<br>);臺灣對主要國家進口年增率(2019年1-7月<br>);臺灣對主要國家貿易總額(億美元)(2019年1-7月<br>);臺灣對主要國家貿易總額年增率(2019年1-7月<br>);臺灣對主要國家出口金額(億美元)(2019年8月);臺灣對主要國家出口年增率(2019年8月);臺灣對主要國家進口金額(億美元)(2019年8月);臺灣對主要國家進口年增率(2019年8月);臺灣對主要國家貿易總額(億美元)(2019年8月);臺灣對主要國家貿易總額年增率(2019年8月);臺灣對主要國家出口金額(億美元)(2019年1-8月<br>);臺灣對主要國家出口年增率(2019年1-8月<br>);臺灣對主要國家進口金額(億美元)(2019年1-8月<br>);臺灣對主要國家進口年增率(2019年1-8月<br>);臺灣對主要國家貿易總額(億美元)(2019年1-8月<br>);臺灣對主要國家貿易總額年增率(2019年1-8月<br>);臺灣對主要國家出口金額(億美元)(2019年9月);臺灣對主要國家出口年增率(2019年9月);臺灣對主要國家進口金額(億美元)(2019年9月);臺灣對主要國家進口年增率(2019年9月);臺灣對主要國家貿易總額(億美元)(2019年9月);臺灣對主要國家貿易總額年增率(2019年9月);臺灣對主要國家出口金額(億美元)(2019年1-9月<br>);臺灣對主要國家出口年增率(2019年1-9月<br>);臺灣對主要國家進口金額(億美元)(2019年1-9月<br>);臺灣對主要國家進口年增率(2019年1-9月<br>);臺灣對主要國家貿易總額(億美元)(2019年1-9月<br>);臺灣對主要國家貿易總額年增率(2019年1-9月<br>);臺灣對主要國家出口金額(億美元)(2019年10);臺灣對主要國家出口年增率(2019年10);臺灣對主要國家進口金額(億美元)(2019年10);臺灣對主要國家進口年增率(2019年10);臺灣對主要國家貿易總額(億美元)(2019年10);臺灣對主要國家貿易總額年增率(2019年10);臺灣對主要國家出口金額(億美元)(2019年1-10月);臺灣對主要國家出口年增率(2019年1-10月);臺灣對主要國家進口金額(億美元)(2019年1-10月);臺灣對主要國家進口年增率(2019年1-10月);臺灣對主要國家貿易總額(億美元)(2019年1-10月);臺灣對主要國家貿易總額年增率(2019年1-10月),大陸委員會
臺灣藝人赴中國大陸表演應注意事項,臺灣藝人赴中國大陸表演應注意事項,97703,臺灣藝人赴中國大陸表演應注意事項,序號;應注意事項,大陸委員會
臺灣青年學生赴陸發展應做好的功課：風險評估,臺灣青年學生赴陸發展應做好的功課：風險評估,97704,臺灣青年學生赴陸發展應做好的功課：風險評估,中央部會名稱;資料名稱;連結網址,大陸委員會
與縣市政府合辦「大陸事務研習計畫」學員性別統計表,大陸委員會與縣市政府合辦「大陸事務研習計畫」學員性別統計表,97659,大陸委員會與縣市政府合辦「大陸事務研習計畫」學員性別統計表,年度;人數;男性;女性;女性比例,大陸委員會
行政院及所屬各機關公務人員因公赴香港澳門通報作業要點,行政院及所屬各機關公務人員因公赴香港澳門通報作業要點,33250,行政院及所屬各機關公務人員因公赴香港澳門通報作業要點,項目;網址,大陸委員會
行政院提供政府資訊收費標準表,行政院大陸委員會提供政府資訊收費標準表,58089,行政院大陸委員會提供政府資訊收費標準表,政府資訊外觀形式;重製或複製方式;重製或複製格式;收費標準(以新臺幣計價);備註,大陸委員會
行政院院長口頭施政報告：有關兩岸關係談話內容,行政院院長口頭施政報告：有關兩岸關係談話內容,58664,行政院院長口頭施政報告：有關兩岸關係談話內容,標題;日期;內容,大陸委員會
行政院院長書面施政報告：有關兩岸關係內容,行政院院長書面施政報告：有關兩岸關係內容,58663,行政院院長書面施政報告：有關兩岸關係內容,標題;日期;內容,大陸委員會
補(捐)助經費一覽表,大陸委員會補(捐)助經費一覽表,13199,列舉本會對民間團體補助的內容,補捐助對象;所在之直轄市或縣市;補捐助事項;補捐助明細;核准核銷日期;補捐助金額,大陸委員會
補助大陸地區臺商學校作業要點,大陸委員會補助大陸地區臺商學校作業要點,97687,大陸委員會補助大陸地區臺商學校作業要點,中央部會名稱;補助或獎勵相關辦法;連結網址,大陸委員會
補助經費分析表,補助經費分析表,12936,本會相關預算資料,項目;資料資源網址,大陸委員會
補助辦理兩岸民間交流活動作業要點,大陸委員會補助辦理兩岸民間交流活動作業要點,58662,大陸委員會補助辦理兩岸民間交流活動作業要點,法規沿革;法規條文;網址,大陸委員會
諮詢委員遴聘及集會辦法,大陸委員會諮詢委員遴聘及集會辦法,58992,大陸委員會諮詢委員遴聘及集會辦法,法規沿革;法規條文;網址,大陸委員會
財團法人海峽交流基金會之政府核派人員資料,財團法人海峽交流基金會之政府核派人員資料,13205,海基會政府核派代表名單,姓名;海基會職稱;擔任現職之起迄日期;核派理由;政府職稱,大陸委員會
財團法人臺港經濟文化合作策進會之政府核派人員資料,財團法人臺港經濟文化合作策進會之政府核派人員資料,33252,財團法人臺港經濟文化合作策進會之政府核派人員資料,姓名;策進會職稱;擔任策進會現職之起迄日期;核派理由;政府職稱,大陸委員會
財團法人臺港經濟文化合作策進會董事監察人聯席會議相關數據,財團法人臺港經濟文化合作策進會董事監察人聯席會議相關數據,97679,召開財團法人臺港經濟文化合作策進會董事監察人聯席會議召開次數及人數,年度;會議次數;出席人數_董事;出席人數_監察人;出席人數_總人數,大陸委員會
資料開放盤點表,大陸委員會資料開放盤點表,33253,大陸委員會資料開放盤點表,序號;系統資料庫名稱;系統資料庫描述;使用對象;蒐集資料項目;資料分類;現況;不能開放之理由含法規依據;已開放預定開放日期;分類;管理單位,大陸委員會
資料開放行動策略,大陸委員會資料開放行動策略,27749,大陸委員會資料開放行動策略,項目;內容,大陸委員會
資料集摘要索引,大陸委員會資料集摘要索引,61120,本會開放資料資料集摘要索引,資料集識別碼;資料集名稱;資料集描述;資料資源欄位;政府資料開放平臺連結,大陸委員會
資本支出分析表,資本支出分析表,12937,本會相關預算資料,項目;資料資源網址,大陸委員會
赴中國大陸旅遊人數,赴中國大陸旅遊人數,7480,呈現赴中國大陸旅遊人數資料,期間;我國赴中國大陸旅遊人次;我國赴中國大陸旅遊人次年增率,大陸委員會
輿論關注大陸涉及人權一覽表：涉及人身、集會自由,輿論關注大陸涉及人權一覽表：涉及人身、集會自由,58666,輿論關注大陸涉及人權一覽表：涉及人身、集會自由,序號;日期;人名（團體）;報導內容;資料來源,大陸委員會
輿論關注大陸涉及人權一覽表：涉及宗教自由,輿論關注大陸涉及人權一覽表：涉及宗教自由,58665,輿論關注大陸涉及人權一覽表：涉及宗教自由,序號;日期;人名（團體）;報導內容;資料來源,大陸委員會
輿論關注大陸涉及人權一覽表：涉及維權人士,輿論關注大陸涉及人權一覽表：涉及維權人士,58667,輿論關注大陸涉及人權一覽表：涉及維權人士,序號;日期;人名（團體）;報導內容;資料來源,大陸委員會
輿論關注大陸涉及人權一覽表：涉及言論自由,輿論關注大陸涉及人權一覽表：涉及言論自由,58668,輿論關注大陸涉及人權一覽表：涉及言論自由,序號;日期;人名（團體）;報導內容;資料來源,大陸委員會
辦公房舍明細表,辦公房舍明細表,12939,本會相關預算資料,項目;資料資源網址,大陸委員會
辦理政策宣導相關之廣告彙整表,辦理政策宣導相關之廣告彙整表,13203,本會廣告彙整表,執行部分;類別;文宣內容;已刊播期間;次數(已執行內容);金額;託播對象,大陸委員會
近年來大陸地區學生來臺就學/研修人數,近年來大陸地區學生來臺就學/研修人數,33248,近年來大陸地區學生來臺就學/研修人數,年度;研修生;學位生,大陸委員會
進口出版品電影片錄影節目及廣播電視節目原產地認定基準,進口出版品電影片錄影節目及廣播電視節目原產地認定基準,58017,認定基準,法規;內容,大陸委員會
金門地區歷年小3通人數統計,金門地區歷年小三通人數統計,7892,呈現金門地區歷年小三通人數統計資料,期間;金門地區入境人數-臺灣地區人民;金門地區入境人數-中國大陸地區人民;金門地區入境人數-外國人民;金門地區入境總人數;金門地區出境人數-臺灣地區人民;金門地區出境人數-中國大陸地區人民;金門地區出境人數-外國人民;金門地區出境總人數;金門地區入出境人數合計,大陸委員會
金馬「小3通」航運往來統計,金馬「小三通」航運往來統計,7481,呈現金馬「小三通」航運往來統計資料,期間;我方船舶往返航次(金門－廈門);我方船舶往返航次(馬祖－福州);金馬「小三通」我方船舶往返航次-小計;金馬「小三通」我方船舶往返航次-年增率;中國大陸船舶往返航次(廈門－金門);中國大陸船舶往返航次(福州－馬祖);金馬「小三通」中國大陸船舶往返航次-小計;金馬「小三通」中國大陸船舶往返航次-年增率;金馬「小三通」航運-總航次;金馬「小三通」航運總航次-年增率,大陸委員會
金馬地區歷年小3通人數統計,金馬地區歷年小三通人數統計,7894,呈現金馬地區歷年小三通人數統計資料,期間;金馬地區入境人數-臺灣地區人民;金馬地區入境人數-中國大陸地區人民;金馬地區入境人數-外國人民;金馬地區入境總人數;金馬地區出境人數-臺灣地區人民;金馬地區出境人數-中國大陸地區人民;金馬地區出境人數-外國人民;金馬地區出境總人數;金馬地區入出境人數合計,大陸委員會
金馬小3通航運人員往來統計月報,金馬小三通航運人員往來統計月報,6106,彙集金馬小三通航運人員的往來資料，包含金門— 廈門、泉州馬祖－福建,年度;我方船舶(貨船)金門—廈門、泉州;我方船舶(貨船)馬祖－福州、黃岐;大陸船舶(貨船)廈門、泉州—金門;大陸船舶(貨船)福州、黃岐－馬祖;我方船舶(客船)金門—廈門、泉州;我方船舶(客船)馬祖－福州、黃岐;大陸船舶(客船)廈門、泉州—金門;大陸船舶(客船)福州、黃岐－馬祖,大陸委員會
陸委會兩岸經貿諮詢服務統計,陸委會兩岸經貿諮詢服務統計,9082,「臺商窗口」一般及專業諮詢件數統計,年月;一般諮詢（件數）;臺商張老師諮詢（件數）,大陸委員會
陸委會列席國會報告(立法院第9屆第1會期),陸委會列席國會報告(立法院第9屆第1會期),57942,本會列席立法院第9屆第1會期各委員會之報告,項目;次項;內容,大陸委員會
陸委會列席國會報告(立法院第9屆第2會期),陸委會列席國會報告(立法院第9屆第2會期),57940,本會列席立法院第9屆第2會期各委員會之報告,項目;次項;內容,大陸委員會
陸委會列席國會報告(立法院第9屆第3會期),陸委會列席國會報告(立法院第9屆第3會期),57938,本會列席立法院第9屆第3會期各委員會之報告,項目;次項;內容,大陸委員會
陸委會官網流量統計資料,陸委會官網流量統計資料,58834,本會新聞稿(中、英文)及港局、澳處領務共4項之流量統計,統計項目;統計時間;流量總計(次),大陸委員會
陸委會師生拜會統計資料,陸委會師生拜會統計資料,61113,全國各大專院校師生至本會拜會之統計資料,時間;學校名稱;拜會人數,大陸委員會
陸委會平面廣告,陸委會平面廣告,59611,本會委製之平面廣告,時間;廣告標題;連結網址,大陸委員會
陸委會摺頁文宣,陸委會摺頁文宣,58949,本會印製之摺頁文宣,時間;摺頁文宣標題;連結網址,大陸委員會
陸委會新聞稿,陸委會新聞稿,55229,本會發布之新聞稿,發布日期;標題;內文,大陸委員會
陸委會短片列表,陸委會短片列表,59612,本會委製之政策短片,時間;短片名稱;連結網址,大陸委員會
陸委會赴策進會行政監督實地查核項目紀錄表,陸委會赴策進會行政監督實地查核項目紀錄表,55221,說明大陸委員會赴財團法人臺港經濟文化合作策進會辦理行政監督實地查核項目之內容。,名稱;網址;關鍵字;摘要,大陸委員會
陸資來臺投資業別統計,陸資來臺投資業別統計,7478,呈現陸資來臺投資業別統計資料,行業別;核准陸資來臺投資-件數(2009年6月至2019年6月);核准陸資來臺投資-金額(千美元)(2009年6月至2019年6月);核准陸資來臺投資-金額比重(2009年6月至2019年6月);核准陸資來臺投資-件數(2009年6月至2019年7月);核准陸資來臺投資-金額(千美元)(2009年6月至2019年7月);核准陸資來臺投資-金額比重(2009年6月至2019年7月);核准陸資來臺投資-件數(2009年6月至2019年8月;核准陸資來臺投資-金額(千美元)(2009年6月至2019年8月;核准陸資來臺投資-金額比重(2009年6月至2019年8月;核准陸資來臺投資-件數(2009年6月至2019年9月;核准陸資來臺投資-金額(千美元)(2009年6月至2019年9月;核准陸資來臺投資-金額比重(2009年6月至2019年9月;核准陸資來臺投資-件數(2009年6月至2019年10月;核准陸資來臺投資-金額(千美元)(2009年6月至2019年10月;核准陸資來臺投資-金額比重(2009年6月至2019年10月;核准陸資來臺投資-件數(2009年6月至2019年11月;核准陸資來臺投資-金額(千美元)(2009年6月至2019年11月;核准陸資來臺投資-金額比重(2009年6月至2019年11月;核准陸資來臺投資-件數(2009年6月至2019年12月;核准陸資來臺投資-金額(千美元)(2009年6月至2019年12月;核准陸資來臺投資-金額比重(2009年6月至2019年12月;核准陸資來臺投資-件數(2009年6月至2020年1月;核准陸資來臺投資-金額(千美元)(2009年6月至2020年1月;核准陸資來臺投資-金額比重(2009年6月至2020年1月;核准陸資來臺投資-件數(2009年6月至2020年2月;核准陸資來臺投資-金額(千美元)(2009年6月至2020年2月;核准陸資來臺投資-金額比重(2009年6月至2020年2月;核准陸資來臺投資-件數(2009年6月至2020年3月;核准陸資來臺投資-金額(千美元)(2009年6月至2020年3月;核准陸資來臺投資-金額比重(2009年6月至2020年3月;核准陸資來臺投資-件數(2009年6月至2020年4月;核准陸資來臺投資-金額(千美元)(2009年6月至2020年4月;核准陸資來臺投資-金額比重(2009年6月至2020年4月,大陸委員會
電視業海外行銷補助要點,電視業海外行銷補助要點,97701,電視業海外行銷補助要點,中央部會名稱;補助或獎勵相關辦法;連結網址,大陸委員會
預算員額明細表,預算員額明細表,12938,本會相關預算資料,項目;資料資源網址,大陸委員會
香港對大陸地區貿易統計表,香港對大陸地區貿易統計表,7891,彙集香港對大陸的貿易數值,表七、香港對大陸地區貿易統計表<br>單位:百萬美元;,大陸委員會
香港居民來臺居留、定居人數統計表,香港居民來臺居留、定居人數統計表,33249,統計香港居民來臺居留、定居人數資料。,年份;居留許可人數;定居許可人數,大陸委員會
香港情勢資料庫,香港情勢資料庫,42647,香港情勢資料庫,報告名稱;網址,大陸委員會
香港澳門政府駐臺辦事處聯繫資訊,香港澳門政府駐臺辦事處聯繫資訊,42648,香港澳門政府駐臺辦事處聯繫資訊,機構名稱;聯絡地址;電話;電子信箱,大陸委員會
香港辦事處最新消息一覽表,香港辦事處最新消息一覽表,43180,香港辦事處最新消息一覽表,編號;日期;標題;連結,大陸委員會
香港辦事處辦理急難救助業務統計一覽表,香港辦事處辦理急難救助業務統計一覽表,79339,每月受理在港國人急難救助案件，以及接聽24小時急難救助電話等件數之分項統計。,項目;類型;件數,大陸委員會
馬祖地區歷年小3通人數統計,馬祖地區歷年小三通人數統計,7893,呈現馬祖地區歷年小三通人數統計資料,期間;馬祖地區入境人數-臺灣地區人民;馬祖地區入境人數-中國大陸地區人民;馬祖地區入境人數-外國人民;馬祖地區入境總人數;馬祖地區出境人數-臺灣地區人民;馬祖地區出境人數-中國大陸地區人民;馬祖地區出境人數-外國人民;馬祖地區出境總人數;馬祖地區入出境人數合計,大陸委員會
駐港澳機構洽詢電話表,駐港澳機構洽詢電話表,33251,駐港澳機構洽詢電話表,機構名稱;服務項目;聯絡地址;電話;電子信箱;網址,大陸委員會
