619戰役參戰義務役官兵榮民人數統計,六一九戰役參戰義務役官兵榮民人數統計,113703,提供六一九戰役參戰義務役官兵榮民人數統計,年月;六一九戰役參戰義務役官兵榮民亡故人數;六一九戰役參戰義務役官兵榮民現有人數;六一九戰役參戰義務役官兵榮民公費就養人數;六一九戰役參戰義務役官兵榮民未就養人數;新北市六一九戰役參戰義務役官兵榮民人數;臺北市六一九戰役參戰義務役官兵榮民人數;桃園市六一九戰役參戰義務役官兵榮民人數;臺中市六一九戰役參戰義務役官兵榮民人數;臺南市六一九戰役參戰義務役官兵榮民人數;高雄市六一九戰役參戰義務役官兵榮民人數;宜蘭縣六一九戰役參戰義務役官兵榮民人數;新竹縣六一九戰役參戰義務役官兵榮民人數;苗栗縣六一九戰役參戰義務役官兵榮民人數;彰化縣六一九戰役參戰義務役官兵榮民人數;南投縣六一九戰役參戰義務役官兵榮民人數;雲林縣六一九戰役參戰義務役官兵榮民人數;嘉義縣六一九戰役參戰義務役官兵榮民人數;屏東縣六一九戰役參戰義務役官兵榮民人數;臺東縣六一九戰役參戰義務役官兵榮民人數;花蓮縣六一九戰役參戰義務役官兵榮民人數;澎湖縣六一九戰役參戰義務役官兵榮民人數;基隆市六一九戰役參戰義務役官兵榮民人數;新竹市六一九戰役參戰義務役官兵榮民人數;嘉義市六一九戰役參戰義務役官兵榮民人數;金門縣六一九戰役參戰義務役官兵榮民人數;連江縣六一九戰役參戰義務役官兵榮民人數,國軍退除役官兵輔導委員會
619戰役金馬自衛隊榮民人數統計,六一九戰役金馬自衛隊榮民人數統計,113704,提供六一九戰役金馬自衛隊榮民人數統計,年月;六一九戰役金馬自衛隊榮民亡故人數;六一九戰役金馬自衛隊榮民現有人數;六一九戰役金馬自衛隊榮民公費就養人數;六一九戰役金馬自衛隊榮民未就養人數;新北市六一九戰役金馬自衛隊榮民人數;臺北市六一九戰役金馬自衛隊榮民人數;桃園市六一九戰役金馬自衛隊榮民人數;臺中市六一九戰役金馬自衛隊榮民人數;臺南市六一九戰役金馬自衛隊榮民人數;高雄市六一九戰役金馬自衛隊榮民人數;宜蘭縣六一九戰役金馬自衛隊榮民人數;新竹縣六一九戰役金馬自衛隊榮民人數;苗栗縣六一九戰役金馬自衛隊榮民人數;彰化縣六一九戰役金馬自衛隊榮民人數;南投縣六一九戰役金馬自衛隊榮民人數;雲林縣六一九戰役金馬自衛隊榮民人數;嘉義縣六一九戰役金馬自衛隊榮民人數;屏東縣六一九戰役金馬自衛隊榮民人數;臺東縣六一九戰役金馬自衛隊榮民人數;花蓮縣六一九戰役金馬自衛隊榮民人數;澎湖縣六一九戰役金馬自衛隊榮民人數;基隆市六一九戰役金馬自衛隊榮民人數;新竹市六一九戰役金馬自衛隊榮民人數;嘉義市六一九戰役金馬自衛隊榮民人數;金門縣六一九戰役金馬自衛隊榮民人數;連江縣六一九戰役金馬自衛隊榮民人數,國軍退除役官兵輔導委員會
823戰役參戰義務役官兵榮民人數統計,八二三戰役參戰義務役官兵榮民人數統計,25710,提供八二三戰役參戰義務役官兵榮民人數統計,年月;八二三戰役參戰義務役官兵榮民亡故人數;八二三戰役參戰義務役官兵榮民現有人數;八二三戰役參戰義務役官兵榮民公費就養人數;八二三戰役參戰義務役官兵榮民未就養人數;新北市八二三戰役參戰義務役官兵榮民人數;臺北市八二三戰役參戰義務役官兵榮民人數;桃園市八二三戰役參戰義務役官兵榮民人數;臺中市八二三戰役參戰義務役官兵榮民人數;臺南市八二三戰役參戰義務役官兵榮民人數;高雄市八二三戰役參戰義務役官兵榮民人數;宜蘭縣八二三戰役參戰義務役官兵榮民人數;新竹縣八二三戰役參戰義務役官兵榮民人數;苗栗縣八二三戰役參戰義務役官兵榮民人數;彰化縣八二三戰役參戰義務役官兵榮民人數;南投縣八二三戰役參戰義務役官兵榮民人數;雲林縣八二三戰役參戰義務役官兵榮民人數;嘉義縣八二三戰役參戰義務役官兵榮民人數;屏東縣八二三戰役參戰義務役官兵榮民人數;臺東縣八二三戰役參戰義務役官兵榮民人數;花蓮縣八二三戰役參戰義務役官兵榮民人數;澎湖縣八二三戰役參戰義務役官兵榮民人數;基隆市八二三戰役參戰義務役官兵榮民人數;新竹市八二三戰役參戰義務役官兵榮民人數;嘉義市八二三戰役參戰義務役官兵榮民人數;金門縣八二三戰役參戰義務役官兵榮民人數;連江縣八二三戰役參戰義務役官兵榮民人數,國軍退除役官兵輔導委員會
823戰役金馬自衛隊榮民人數統計,八二三戰役金馬自衛隊榮民人數統計,113278,提供八二三戰役金馬自衛隊榮民人數統計,年月;八二三戰役金馬自衛隊榮民亡故人數;八二三戰役金馬自衛隊榮民現有人數;八二三戰役金馬自衛隊榮民公費就養人數;八二三戰役金馬自衛隊榮民未就養人數;新北市八二三戰役金馬自衛隊榮民人數;臺北市八二三戰役金馬自衛隊榮民人數;桃園市八二三戰役金馬自衛隊榮民人數;臺中市八二三戰役金馬自衛隊榮民人數;臺南市八二三戰役金馬自衛隊榮民人數;高雄市八二三戰役金馬自衛隊榮民人數;宜蘭縣八二三戰役金馬自衛隊榮民人數;新竹縣八二三戰役金馬自衛隊榮民人數;苗栗縣八二三戰役金馬自衛隊榮民人數;彰化縣八二三戰役金馬自衛隊榮民人數;南投縣八二三戰役金馬自衛隊榮民人數;雲林縣八二三戰役金馬自衛隊榮民人數;嘉義縣八二三戰役金馬自衛隊榮民人數;屏東縣八二三戰役金馬自衛隊榮民人數;臺東縣八二三戰役金馬自衛隊榮民人數;花蓮縣八二三戰役金馬自衛隊榮民人數;澎湖縣八二三戰役金馬自衛隊榮民人數;基隆市八二三戰役金馬自衛隊榮民人數;新竹市八二三戰役金馬自衛隊榮民人數;嘉義市八二三戰役金馬自衛隊榮民人數;金門縣八二三戰役金馬自衛隊榮民人數;連江縣八二三戰役金馬自衛隊榮民人數,國軍退除役官兵輔導委員會
「資料開放諮詢小組」第1次會議紀錄,國軍退除役官兵輔導委員會「資料開放諮詢小組」104年第1次會議紀錄,20422,國軍退除役官兵輔導委員會「資料開放諮詢小組」104年第1次會議於104年7月31日召開，國軍退除役官兵輔導委員會104年8月14日輔統字第1040066888號函發會議紀錄。,檔案名稱;下載網址,國軍退除役官兵輔導委員會
中程施政計畫,國軍退除役官兵輔導委員會中程施政計畫,11015,提供國軍退除役官兵輔導委員會102至105年度中程施政計畫內容,檔案名稱;下載網址,國軍退除役官兵輔導委員會
主管安置基金決算,國軍退除役官兵輔導委員會主管安置基金決算(104年度),28165,提供國軍退除役官兵輔導委員會主管國軍退除役官兵安置基金決算資訊,SEQNO;LEVEL;BOLD;科目;本年度預算數-金額;本年度預算數-百分比;本年度決算數-金額;本年度決算數-百分比;比較增減-金額;比較增減-百分比;上年度決算數-金額;上年度決算數-百分比;項目;預算數;決算數,國軍退除役官兵輔導委員會
主管補助團體及個人經費執行情形明細表,國軍退除役官兵輔導委員會主管補助團體及個人經費執行情形明細表,11562,提供國軍退除役官兵輔導委員會主管補助團體及個人經費執行情形明細表資訊,活動日期;機關(或單位)名稱;受補助對象直轄市(縣市)別;受補助對象;計畫(活動)名稱;補助項目及辦理情形;金額(元),國軍退除役官兵輔導委員會
全民健保人數,全民健保人數,25842,提供全民健保人數,年月;全民健保人數;全民健保被保險人人數;全民健保眷屬人數;健保六款一目人數;健保六款一目被保險人人數;健保六款一目眷屬人數,國軍退除役官兵輔導委員會
公務審定決算,國軍退除役官兵輔導委員會103年度公務審定決算,20290,提供國軍退除役官兵輔導委員會103年度公務審定決算資訊,檔案名稱;下載網址,國軍退除役官兵輔導委員會
公務會計月報,國軍退除役官兵輔導委員會104年度1月公務會計月報,20055,提供國軍退除役官兵輔導委員會104年度1月公務會計月報資訊,會計年度;月份;款;項;目;節;預算年度;預算科目編號;預算科目名稱;細目編號;細目名稱;原預算數;追加減數;截至本月止累計分配數_1;本月實現數;截至本月止累計實現數_2;應收收入數_3;分配數預算餘額_4;分支計畫編號;分支計畫名稱;用途別編號;用途別名稱;第一預備金;第二預備金;經費流用數;預算調整數;應付數;已分配尚未執行數;備註_預暫付數;以前年度轉入數;應收數;保留數;減免;截至本月止累計實現數;調整數;尚未執行數;基金別;會計分類;使用機關別;科目分類;會計科目編號;會計科目名稱;金額;科目名稱;取得成本;以前年度累計折舊_長期投資評價;本年度資本資產成本變動_增加數;本年度資本資產成本變動_減少數;本年度累計折舊_長期投資評價變動數;期末帳面金額;備註;業務計畫或工作計畫;經資門;執行數;項目;收入實現數;減項_收入待納庫數;加項_以前年度待納庫繳庫數;加項_以前年度撥款於本年度繳還數_材料;加項_以前年度撥款於本年度繳還數_存出保證金;加項_以前年度撥款於本年度繳還數_其他應收款;加項_預收款;加項_剔除經費;繳付公庫數;一級用途別編號;一級用途別名稱;支出實現數;加項_預付款;加項_材料;加項_存出保證金;加項_零用金;加項_退還收入預收款;加項_其他應收款;減項_以前年度撥款於本年度實現數;公庫撥入數;公庫分配數餘額;金額_本月數;金額_累計數;年度預算數,國軍退除役官兵輔導委員會
公務會計月報,國軍退除役官兵輔導委員會104年度2月公務會計月報,20059,提供國軍退除役官兵輔導委員會104年度2月公務會計月報資訊,會計年度;月份;款;項;目;節;預算年度;預算科目編號;預算科目名稱;細目編號;細目名稱;原預算數;追加減數;截至本月止累計分配數_1;本月實現數;截至本月止累計實現數_2;應收收入數_3;分配數預算餘額_4;分支計畫編號;分支計畫名稱;用途別編號;用途別名稱;第一預備金;第二預備金;經費流用數;預算調整數;應付數;已分配尚未執行數;備註_預暫付數;以前年度轉入數;應收數;保留數;減免;截至本月止累計實現數;調整數;尚未執行數;基金別;會計分類;使用機關別;科目分類;會計科目編號;會計科目名稱;金額;科目名稱;取得成本;以前年度累計折舊_長期投資評價;本年度資本資產成本變動_增加數;本年度資本資產成本變動_減少數;本年度累計折舊_長期投資評價變動數;期末帳面金額;備註;業務計畫或工作計畫;經資門;執行數;項目;收入實現數;減項_收入待納庫數;加項_以前年度待納庫繳庫數;加項_以前年度撥款於本年度繳還數_材料;加項_以前年度撥款於本年度繳還數_存出保證金;加項_以前年度撥款於本年度繳還數_其他應收款;加項_預收款;加項_剔除經費;繳付公庫數;一級用途別編號;一級用途別名稱;支出實現數;加項_預付款;加項_材料;加項_存出保證金;加項_零用金;加項_退還收入預收款;加項_其他應收款;減項_以前年度撥款於本年度實現數;公庫撥入數;公庫分配數餘額;金額_本月數;金額_累計數;年度預算數,國軍退除役官兵輔導委員會
公務會計月報,國軍退除役官兵輔導委員會104年度3月公務會計月報,20064,提供國軍退除役官兵輔導委員會104年度3月公務會計月報資訊,會計年度;月份;款;項;目;節;預算年度;預算科目編號;預算科目名稱;細目編號;細目名稱;原預算數;追加減數;截至本月止累計分配數_1;本月實現數;截至本月止累計實現數_2;應收收入數_3;分配數預算餘額_4;分支計畫編號;分支計畫名稱;用途別編號;用途別名稱;第一預備金;第二預備金;經費流用數;預算調整數;應付數;已分配尚未執行數;備註_預暫付數;以前年度轉入數;應收數;保留數;減免;截至本月止累計實現數;調整數;尚未執行數;基金別;會計分類;使用機關別;科目分類;會計科目編號;會計科目名稱;金額;科目名稱;取得成本;以前年度累計折舊_長期投資評價;本年度資本資產成本變動_增加數;本年度資本資產成本變動_減少數;本年度累計折舊_長期投資評價變動數;期末帳面金額;備註;業務計畫或工作計畫;經資門;執行數;項目;收入實現數;減項_收入待納庫數;加項_以前年度待納庫繳庫數;加項_以前年度撥款於本年度繳還數_材料;加項_以前年度撥款於本年度繳還數_存出保證金;加項_以前年度撥款於本年度繳還數_其他應收款;加項_預收款;加項_剔除經費;繳付公庫數;一級用途別編號;一級用途別名稱;支出實現數;加項_預付款;加項_材料;加項_存出保證金;加項_零用金;加項_退還收入預收款;加項_其他應收款;減項_以前年度撥款於本年度實現數;公庫撥入數;公庫分配數餘額;金額_本月數;金額_累計數;年度預算數,國軍退除役官兵輔導委員會
公務會計月報,國軍退除役官兵輔導委員會104年度4月公務會計月報,20127,提供國軍退除役官兵輔導委員會104年度4月公務會計月報資訊,會計年度;月份;款;項;目;節;預算年度;預算科目編號;預算科目名稱;細目編號;細目名稱;原預算數;追加減數;截至本月止累計分配數_1;本月實現數;截至本月止累計實現數_2;應收收入數_3;分配數預算餘額_4;分支計畫編號;分支計畫名稱;用途別編號;用途別名稱;第一預備金;第二預備金;經費流用數;預算調整數;應付數;已分配尚未執行數;備註_預暫付數;以前年度轉入數;應收數;保留數;減免;截至本月止累計實現數;調整數;尚未執行數;基金別;會計分類;使用機關別;科目分類;會計科目編號;會計科目名稱;金額;科目名稱;取得成本;以前年度累計折舊_長期投資評價;本年度資本資產成本變動_增加數;本年度資本資產成本變動_減少數;本年度累計折舊_長期投資評價變動數;期末帳面金額;備註;業務計畫或工作計畫;經資門;執行數;項目;收入實現數;減項_收入待納庫數;加項_以前年度待納庫繳庫數;加項_以前年度撥款於本年度繳還數_材料;加項_以前年度撥款於本年度繳還數_存出保證金;加項_以前年度撥款於本年度繳還數_其他應收款;加項_預收款;加項_剔除經費;繳付公庫數;一級用途別編號;一級用途別名稱;支出實現數;加項_預付款;加項_材料;加項_存出保證金;加項_零用金;加項_退還收入預收款;加項_其他應收款;減項_以前年度撥款於本年度實現數;公庫撥入數;公庫分配數餘額;金額_本月數;金額_累計數;年度預算數,國軍退除役官兵輔導委員會
公務會計月報,國軍退除役官兵輔導委員會104年度5月公務會計月報,20187,提供國軍退除役官兵輔導委員會104年度5月公務會計月報資訊,會計年度;月份;款;項;目;節;預算年度;預算科目編號;預算科目名稱;細目編號;細目名稱;原預算數;追加減數;截至本月止累計分配數_1;本月實現數;截至本月止累計實現數_2;應收收入數_3;分配數預算餘額_4;分支計畫編號;分支計畫名稱;用途別編號;用途別名稱;第一預備金;第二預備金;經費流用數;預算調整數;應付數;已分配尚未執行數;備註_預暫付數;以前年度轉入數;應收數;保留數;減免;截至本月止累計實現數;調整數;尚未執行數;基金別;會計分類;使用機關別;科目分類;會計科目編號;會計科目名稱;金額;科目名稱;取得成本;以前年度累計折舊_長期投資評價;本年度資本資產成本變動_增加數;本年度資本資產成本變動_減少數;本年度累計折舊_長期投資評價變動數;期末帳面金額;備註;業務計畫或工作計畫;經資門;執行數;項目;收入實現數;減項_收入待納庫數;加項_以前年度待納庫繳庫數;加項_以前年度撥款於本年度繳還數_材料;加項_以前年度撥款於本年度繳還數_存出保證金;加項_以前年度撥款於本年度繳還數_其他應收款;加項_預收款;加項_剔除經費;繳付公庫數;一級用途別編號;一級用途別名稱;支出實現數;加項_預付款;加項_材料;加項_存出保證金;加項_零用金;加項_退還收入預收款;加項_其他應收款;減項_以前年度撥款於本年度實現數;公庫撥入數;公庫分配數餘額;金額_本月數;金額_累計數;年度預算數,國軍退除役官兵輔導委員會
公務會計月報,國軍退除役官兵輔導委員會104年度6月公務會計月報,20188,提供國軍退除役官兵輔導委員會104年度6月公務會計月報資訊,會計年度;月份;款;項;目;節;預算年度;預算科目編號;預算科目名稱;細目編號;細目名稱;原預算數;追加減數;截至本月止累計分配數_1;本月實現數;截至本月止累計實現數_2;應收收入數_3;分配數預算餘額_4;分支計畫編號;分支計畫名稱;用途別編號;用途別名稱;第一預備金;第二預備金;經費流用數;預算調整數;應付數;已分配尚未執行數;備註_預暫付數;以前年度轉入數;應收數;保留數;減免;截至本月止累計實現數;調整數;尚未執行數;基金別;會計分類;使用機關別;科目分類;會計科目編號;會計科目名稱;金額;科目名稱;取得成本;以前年度累計折舊_長期投資評價;本年度資本資產成本變動_增加數;本年度資本資產成本變動_減少數;本年度累計折舊_長期投資評價變動數;期末帳面金額;備註;業務計畫或工作計畫;經資門;執行數;項目;收入實現數;減項_收入待納庫數;加項_以前年度待納庫繳庫數;加項_以前年度撥款於本年度繳還數_材料;加項_以前年度撥款於本年度繳還數_存出保證金;加項_以前年度撥款於本年度繳還數_其他應收款;加項_預收款;加項_剔除經費;繳付公庫數;一級用途別編號;一級用途別名稱;支出實現數;加項_預付款;加項_材料;加項_存出保證金;加項_零用金;加項_退還收入預收款;加項_其他應收款;減項_以前年度撥款於本年度實現數;公庫撥入數;公庫分配數餘額;金額_本月數;金額_累計數;年度預算數,國軍退除役官兵輔導委員會
公務會計月報,國軍退除役官兵輔導委員會104年度˙7月公務會計月報,20235,提供國軍退除役官兵輔導委員會104年度7月公務會計月報資訊,會計年度;月份;款;項;目;節;預算年度;預算科目編號;預算科目名稱;細目編號;細目名稱;原預算數;追加減數;截至本月止累計分配數_1;本月實現數;截至本月止累計實現數_2;應收收入數_3;分配數預算餘額_4;分支計畫編號;分支計畫名稱;用途別編號;用途別名稱;第一預備金;第二預備金;經費流用數;預算調整數;應付數;已分配尚未執行數;備註_預暫付數;以前年度轉入數;應收數;保留數;減免;截至本月止累計實現數;調整數;尚未執行數;基金別;會計分類;使用機關別;科目分類;會計科目編號;會計科目名稱;金額;科目名稱;取得成本;以前年度累計折舊_長期投資評價;本年度資本資產成本變動_增加數;本年度資本資產成本變動_減少數;本年度累計折舊_長期投資評價變動數;期末帳面金額;備註;業務計畫或工作計畫;經資門;執行數;項目;收入實現數;減項_收入待納庫數;加項_以前年度待納庫繳庫數;加項_以前年度撥款於本年度繳還數_材料;加項_以前年度撥款於本年度繳還數_存出保證金;加項_以前年度撥款於本年度繳還數_其他應收款;加項_預收款;加項_剔除經費;繳付公庫數;一級用途別編號;一級用途別名稱;支出實現數;加項_預付款;加項_材料;加項_存出保證金;加項_零用金;加項_退還收入預收款;加項_其他應收款;減項_以前年度撥款於本年度實現數;公庫撥入數;公庫分配數餘額;金額_本月數;金額_累計數;年度預算數,國軍退除役官兵輔導委員會
公務會計月報,國軍退除役官兵輔導委員會104年度˙8月公務會計月報,20236,提供國軍退除役官兵輔導委員會104年度8月公務會計月報資訊,會計年度;月份;款;項;目;節;預算年度;預算科目編號;預算科目名稱;細目編號;細目名稱;原預算數;追加減數;截至本月止累計分配數_1;本月實現數;截至本月止累計實現數_2;應收收入數_3;分配數預算餘額_4;分支計畫編號;分支計畫名稱;用途別編號;用途別名稱;第一預備金;第二預備金;經費流用數;預算調整數;應付數;已分配尚未執行數;備註_預暫付數;以前年度轉入數;應收數;保留數;減免;截至本月止累計實現數;調整數;尚未執行數;基金別;會計分類;使用機關別;科目分類;會計科目編號;會計科目名稱;金額;科目名稱;取得成本;以前年度累計折舊_長期投資評價;本年度資本資產成本變動_增加數;本年度資本資產成本變動_減少數;本年度累計折舊_長期投資評價變動數;期末帳面金額;備註;業務計畫或工作計畫;經資門;執行數;項目;收入實現數;減項_收入待納庫數;加項_以前年度待納庫繳庫數;加項_以前年度撥款於本年度繳還數_材料;加項_以前年度撥款於本年度繳還數_存出保證金;加項_以前年度撥款於本年度繳還數_其他應收款;加項_預收款;加項_剔除經費;繳付公庫數;一級用途別編號;一級用途別名稱;支出實現數;加項_預付款;加項_材料;加項_存出保證金;加項_零用金;加項_退還收入預收款;加項_其他應收款;減項_以前年度撥款於本年度實現數;公庫撥入數;公庫分配數餘額;金額_本月數;金額_累計數;年度預算數,國軍退除役官兵輔導委員會
公務會計月報,國軍退除役官兵輔導委員會104年度9月公務會計月報,23822,提供國軍退除役官兵輔導委員會104年度4月公務會計月報資訊,會計年度;月份;款;項;目;節;預算年度;預算科目編號;預算科目名稱;細目編號;細目名稱;原預算數;追加減數;截至本月止累計分配數_1;本月實現數;截至本月止累計實現數_2;應收收入數_3;分配數預算餘額_4;分支計畫編號;分支計畫名稱;用途別編號;用途別名稱;第一預備金;第二預備金;經費流用數;預算調整數;應付數;已分配尚未執行數;備註_預暫付數;以前年度轉入數;應收數;保留數;減免;截至本月止累計實現數;調整數;尚未執行數;基金別;會計分類;使用機關別;科目分類;會計科目編號;會計科目名稱;金額;科目名稱;取得成本;以前年度累計折舊_長期投資評價;本年度資本資產成本變動_增加數;本年度資本資產成本變動_減少數;本年度累計折舊_長期投資評價變動數;期末帳面金額;備註;業務計畫或工作計畫;經資門;執行數;項目;收入實現數;減項_收入待納庫數;加項_以前年度待納庫繳庫數;加項_以前年度撥款於本年度繳還數_材料;加項_以前年度撥款於本年度繳還數_存出保證金;加項_以前年度撥款於本年度繳還數_其他應收款;加項_預收款;加項_剔除經費;繳付公庫數;一級用途別編號;一級用途別名稱;支出實現數;加項_預付款;加項_材料;加項_存出保證金;加項_零用金;加項_退還收入預收款;加項_其他應收款;減項_以前年度撥款於本年度實現數;公庫撥入數;公庫分配數餘額;金額_本月數;金額_累計數;年度預算數,國軍退除役官兵輔導委員會
公務會計月報,國軍退除役官兵輔導委員會104年度10月公務會計月報,24513,提供國軍退除役官兵輔導委員會104年度10月公務會計月報資訊,會計年度;月份;款;項;目;節;預算年度;預算科目編號;預算科目名稱;細目編號;細目名稱;原預算數;追加減數;截至本月止累計分配數_1;本月實現數;截至本月止累計實現數_2;應收收入數_3;分配數預算餘額_4;分支計畫編號;分支計畫名稱;用途別編號;用途別名稱;第一預備金;第二預備金;經費流用數;預算調整數;應付數;已分配尚未執行數;備註_預暫付數;以前年度轉入數;應收數;保留數;減免;截至本月止累計實現數;調整數;尚未執行數;基金別;會計分類;使用機關別;科目分類;會計科目編號;會計科目名稱;金額;科目名稱;取得成本;以前年度累計折舊_長期投資評價;本年度資本資產成本變動_增加數;本年度資本資產成本變動_減少數;本年度累計折舊_長期投資評價變動數;期末帳面金額;備註;業務計畫或工作計畫;經資門;執行數;項目;收入實現數;減項_收入待納庫數;加項_以前年度待納庫繳庫數;加項_以前年度撥款於本年度繳還數_材料;加項_以前年度撥款於本年度繳還數_存出保證金;加項_以前年度撥款於本年度繳還數_其他應收款;加項_預收款;加項_剔除經費;繳付公庫數;一級用途別編號;一級用途別名稱;支出實現數;加項_預付款;加項_材料;加項_存出保證金;加項_零用金;加項_退還收入預收款;加項_其他應收款;減項_以前年度撥款於本年度實現數;公庫撥入數;公庫分配數餘額;金額_本月數;金額_累計數;年度預算數,國軍退除役官兵輔導委員會
公務會計月報,國軍退除役官兵輔導委員會104年度11月公務會計月報,25434,國軍退除役官兵輔導委員會104年度11月公務會計月報,會計年度;月份;款;項;目;節;預算年度;預算科目編號;預算科目名稱;細目編號;細目名稱;原預算數;追加減數;截至本月止累計分配數_1;本月實現數;截至本月止累計實現數_2;應收收入數_3;分配數預算餘額_4;分支計畫編號;分支計畫名稱;用途別編號;用途別名稱;第一預備金;第二預備金;經費流用數;預算調整數;應付數;已分配尚未執行數;備註_預暫付數;以前年度轉入數;應收數;保留數;減免;截至本月止累計實現數;調整數;尚未執行數;基金別;會計分類;使用機關別;科目分類;會計科目編號;會計科目名稱;金額;科目名稱;取得成本;以前年度累計折舊_長期投資評價;本年度資本資產成本變動_增加數;本年度資本資產成本變動_減少數;本年度累計折舊_長期投資評價變動數;期末帳面金額;備註;業務計畫或工作計畫;經資門;執行數;項目;收入實現數;減項_收入待納庫數;加項_以前年度待納庫繳庫數;加項_以前年度撥款於本年度繳還數_材料;加項_以前年度撥款於本年度繳還數_存出保證金;加項_以前年度撥款於本年度繳還數_其他應收款;加項_預收款;加項_剔除經費;繳付公庫數;一級用途別編號;一級用途別名稱;支出實現數;加項_預付款;加項_材料;加項_存出保證金;加項_零用金;加項_退還收入預收款;加項_其他應收款;減項_以前年度撥款於本年度實現數;公庫撥入數;公庫分配數餘額;金額_本月數;金額_累計數;年度預算數,國軍退除役官兵輔導委員會
公務會計月報,國軍退除役官兵輔導委員會104年度12月公務會計月報,28164,國軍退除役官兵輔導委員會104年度12月公務會計月報,會計年度;月份;款;項;目;節;預算年度;預算科目編號;預算科目名稱;細目編號;細目名稱;原預算數;追加減數;截至本月止累計分配數_1;本月實現數;截至本月止累計實現數_2;應收收入數_3;分配數預算餘額_4;分支計畫編號;分支計畫名稱;用途別編號;用途別名稱;第一預備金;第二預備金;經費流用數;預算調整數;應付數;已分配尚未執行數;備註_預暫付數;以前年度轉入數;應收數;保留數;減免;截至本月止累計實現數;調整數;尚未執行數;基金別;會計分類;使用機關別;科目分類;會計科目編號;會計科目名稱;金額;科目名稱;取得成本;以前年度累計折舊_長期投資評價;本年度資本資產成本變動_增加數;本年度資本資產成本變動_減少數;本年度累計折舊_長期投資評價變動數;期末帳面金額;備註;業務計畫或工作計畫;經資門;執行數;項目;收入實現數;減項_收入待納庫數;加項_以前年度待納庫繳庫數;加項_以前年度撥款於本年度繳還數_材料;加項_以前年度撥款於本年度繳還數_存出保證金;加項_以前年度撥款於本年度繳還數_其他應收款;加項_預收款;加項_剔除經費;繳付公庫數;一級用途別編號;一級用途別名稱;支出實現數;加項_預付款;加項_材料;加項_存出保證金;加項_零用金;加項_退還收入預收款;加項_其他應收款;減項_以前年度撥款於本年度實現數;公庫撥入數;公庫分配數餘額;金額_本月數;金額_累計數;年度預算數,國軍退除役官兵輔導委員會
公務會計月報,國軍退除役官兵輔導委員會105年度公務會計月報,28740,提供國軍退除役官兵輔導委員會105年度公務會計月報資訊,會計年度;月份;款;項;目;節;預算年度;預算科目編號;預算科目名稱;細目編號;細目名稱;原預算數;追加減數;截至本月止累計分配數_1;本月實現數;截至本月止累計實現數_2;應收收入數_3;分配數預算餘額_4;分支計畫編號;分支計畫名稱;用途別編號;用途別名稱;第一預備金;第二預備金;經費流用數;預算調整數;應付數;已分配尚未執行數;備註_預暫付數;以前年度轉入數;應收數;保留數;減免;截至本月止累計實現數;調整數;尚未執行數;基金別;會計分類;使用機關別;科目分類;會計科目編號;會計科目名稱;金額;科目名稱;取得成本;以前年度累計折舊_長期投資評價;本年度資本資產成本變動_增加數;本年度資本資產成本變動_減少數;本年度累計折舊_長期投資評價變動數;期末帳面金額;備註;業務計畫或工作計畫;經資門;執行數;項目;收入實現數;減項_收入待納庫數;加項_以前年度待納庫繳庫數;加項_以前年度撥款於本年度繳還數_材料;加項_以前年度撥款於本年度繳還數_存出保證金;加項_以前年度撥款於本年度繳還數_其他應收款;加項_預收款;加項_剔除經費;繳付公庫數;一級用途別編號;一級用途別名稱;支出實現數;加項_預付款;加項_材料;加項_存出保證金;加項_零用金;加項_退還收入預收款;加項_其他應收款;減項_以前年度撥款於本年度實現數;公庫撥入數;公庫分配數餘額;金額_本月數;金額_累計數;年度預算數,國軍退除役官兵輔導委員會
公務會計月報,國軍退除役官兵輔導委員會106年度公務會計月報,44636,提供國軍退除役官兵輔導委員會106年度公務會計月報資訊,會計年度;月份;款;項;目;節;預算年度;預算科目編號;預算科目名稱;細目編號;細目名稱;原預算數;追加減數;截至本月止累計分配數_1;本月實現數;截至本月止累計實現數_2;應收收入數_3;分配數預算餘額_4;分支計畫編號;分支計畫名稱;用途別編號;用途別名稱;第一預備金;第二預備金;經費流用數;預算調整數;應付數;已分配尚未執行數;備註_預暫付數;以前年度轉入數;應收數;保留數;減免;截至本月止累計實現數;調整數;尚未執行數;基金別;會計分類;使用機關別;科目分類;會計科目編號;會計科目名稱;金額;科目名稱;取得成本;以前年度累計折舊_長期投資評價;本年度資本資產成本變動_增加數;本年度資本資產成本變動_減少數;本年度累計折舊_長期投資評價變動數;期末帳面金額;備註;業務計畫或工作計畫;經資門;執行數;項目;收入實現數;減項_收入待納庫數;加項_以前年度待納庫繳庫數;加項_以前年度撥款於本年度繳還數_材料;加項_以前年度撥款於本年度繳還數_存出保證金;加項_以前年度撥款於本年度繳還數_其他應收款;加項_預收款;加項_剔除經費;繳付公庫數;一級用途別編號;一級用途別名稱;支出實現數;加項_預付款;加項_材料;加項_存出保證金;加項_零用金;加項_退還收入預收款;加項_其他應收款;減項_以前年度撥款於本年度實現數;公庫撥入數;公庫分配數餘額;金額_本月數;金額_累計數;年度預算數,國軍退除役官兵輔導委員會
公務決算,國軍退除役官兵輔導委員會公務決算,11561,提供國軍退除役官兵輔導委員會公務決算資訊,會計年度;款;項;目;節;預算科目編號;預算科目名稱;細目編號;細目名稱;預算數_原預算數;預算數_預算增減數;預算數_合計1;決算數_實現數;決算數_應收數;決算數_保留數;決算數_合計2;預決算比較增減數;決算數占預算數之比率;分計畫編號;分計畫名稱;用途別編號;用途別名稱;原預算數;預算追加減數;動支第一預備金數;動支第二預備金數;經費流用數;預算調整數;預算增減數小計;預算數合計1;實現數;應付數;保留數;決算數合計2;預算年度;以前年度轉入數_應收數;以前年度轉入數_保留數;本年度減免註銷數_應收數;本年度減免註銷數_保留數;本年度實現數_應收數;本年度實現數_保留數;本年度調整數_應收數;本年度調整數_保留數;本年度未結清數_應收數;本年度未結清數_保留數;以前年度轉入數_應付數;本年度減免註銷數_應付數;本年度實現數_應付數;本年度調整數_應付數;本年度未結清數_應付數;月份;基金別;會計分類;使用機關別;科目分類;會計科目編號;會計科目名稱;本年度金額;上年度金額,國軍退除役官兵輔導委員會
公務預算,國軍退除役官兵輔導委員會公務預算,11558,提供國軍退除役官兵輔導委員會公務預算資訊,,國軍退除役官兵輔導委員會
公務預算,國軍退除役官兵輔導委員會104年度公務預算,12602,提供國軍退除役官兵輔導委員會104年度公務預算,,國軍退除役官兵輔導委員會
公務預算,國軍退除役官兵輔導委員會公務預算(106年度起),85519,提供國軍退除役官兵輔導委員會公務預算106年度以後預算資訊,,國軍退除役官兵輔導委員會
公務預算會計月報,國軍退除役官兵輔導委員會公務預算會計月報(106年度11月起),79213,提供國軍退除役官兵輔導委員會公務預算106年度11月起會計月報資訊,會計年度;月份;款;項;目;節;預算年度;預算科目編號;預算科目名稱;細目編號;細目名稱;原預算數;追加減數;截至本月止累計分配數_1;本月實現數;截至本月止累計實現數_2;應收收入數_3;分配數預算餘額_4;分支計畫編號;分支計畫名稱;用途別編號;用途別名稱;第一預備金;第二預備金;經費流用數;預算調整數;應付數;已分配尚未執行數;備註_預暫付數;以前年度轉入數;應收數;保留數;減免;截至本月止累計實現數;調整數;尚未執行數;基金別;會計分類;使用機關別;科目分類;會計科目編號;會計科目名稱;金額;科目名稱;取得成本;以前年度累計折舊_長期投資評價;本年度資本資產成本變動_增加數;本年度資本資產成本變動_減少數;本年度累計折舊_長期投資評價變動數;期末帳面金額;備註;業務計畫或工作計畫;經資門;執行數;項目;收入實現數;減項_收入待納庫數;加項_以前年度待納庫繳庫數;加項_以前年度撥款於本年度繳還數_材料;加項_以前年度撥款於本年度繳還數_存出保證金;加項_以前年度撥款於本年度繳還數_其他應收款;加項_預收款;加項_剔除經費;繳付公庫數;一級用途別編號;一級用途別名稱;支出實現數;加項_預付款;加項_材料;加項_存出保證金;加項_零用金;加項_退還收入預收款;加項_其他應收款;減項_以前年度撥款於本年度實現數;公庫撥入數;公庫分配數餘額;金額_本月數;金額_累計數;年度預算數,國軍退除役官兵輔導委員會
公務預算月報(以後),國軍退除役官兵輔導委員會公務預算月報(106年度8月以後),54230,提供國軍退除役官兵輔導委員會醫療基金106年度8月以後月報資訊,會計年度;月份;款;項;目;節;預算年度;預算科目編號;預算科目名稱;細目編號;細目名稱;原預算數;追加減數;截至本月止累計分配數_1;本月實現數;截至本月止累計實現數_2;應收收入數_3;分配數預算餘額_4;分支計畫編號;分支計畫名稱;用途別編號;用途別名稱;第一預備金;第二預備金;經費流用數;預算調整數;應付數;已分配尚未執行數;備註_預暫付數;以前年度轉入數;應收數;保留數;減免;截至本月止累計實現數;調整數;尚未執行數;基金別;會計分類;使用機關別;科目分類;會計科目編號;會計科目名稱;金額;科目名稱;取得成本;以前年度累計折舊_長期投資評價;本年度資本資產成本變動_增加數;本年度資本資產成本變動_減少數;本年度累計折舊_長期投資評價變動數;期末帳面金額;備註;業務計畫或工作計畫;經資門;執行數;項目;收入實現數;減項_收入待納庫數;加項_以前年度待納庫繳庫數;加項_以前年度撥款於本年度繳還數_材料;加項_以前年度撥款於本年度繳還數_存出保證金;加項_以前年度撥款於本年度繳還數_其他應收款;加項_預收款;加項_剔除經費;繳付公庫數;一級用途別編號;一級用途別名稱;支出實現數;加項_預付款;加項_材料;加項_存出保證金;加項_零用金;加項_退還收入預收款;加項_其他應收款;減項_以前年度撥款於本年度實現數;公庫撥入數;公庫分配數餘額;金額_本月數;金額_累計數;年度預算數,國軍退除役官兵輔導委員會
及所屬機構資料開放行動策略,國軍退除役官兵輔導委員會及所屬機構資料開放行動策略,27483,提供國軍退除役官兵輔導委員會及所屬機構資料開放行動策略,檔案名稱;下載網址,國軍退除役官兵輔導委員會
各榮服處進修訓練人數,國軍退除役官兵輔導委員會各榮服處進修訓練人數,25831,提供國軍退除役官兵輔導委員會各榮服處進修訓練人數,年月;基隆市榮服處職技訓練軍官退伍榮民人次;臺北市榮服處職技訓練軍官退伍榮民人次;新北市榮服處職技訓練軍官退伍榮民人次;宜蘭縣榮服處職技訓練軍官退伍榮民人次;桃園市榮服處職技訓練軍官退伍榮民人次;新竹榮服處職技訓練軍官退伍榮民人次;苗栗縣榮服處職技訓練軍官退伍榮民人次;臺中市榮服處職技訓練軍官退伍榮民人次;彰化縣榮服處職技訓練軍官退伍榮民人次;南投縣榮服處職技訓練軍官退伍榮民人次;雲林縣榮服處職技訓練軍官退伍榮民人次;嘉義榮服處職技訓練軍官退伍榮民人次;臺南市榮服處職技訓練軍官退伍榮民人次;高雄市榮服處職技訓練軍官退伍榮民人次;屏東縣榮服處職技訓練軍官退伍榮民人次;花蓮縣榮服處職技訓練軍官退伍榮民人次;臺東縣榮服處職技訓練軍官退伍榮民人次;澎湖縣榮服處職技訓練軍官退伍榮民人次;金門縣榮服處職技訓練軍官退伍榮民人次;基隆市榮服處職技訓練士官兵退伍榮民人次;臺北市榮服處職技訓練士官兵退伍榮民人次;新北市榮服處職技訓練士官兵退伍榮民人次;宜蘭縣榮服處職技訓練士官兵退伍榮民人次;桃園市榮服處職技訓練士官兵退伍榮民人次;新竹榮服處職技訓練士官兵退伍榮民人次;苗栗縣榮服處職技訓練士官兵退伍榮民人次;臺中市榮服處職技訓練士官兵退伍榮民人次;彰化縣榮服處職技訓練士官兵退伍榮民人次;南投縣榮服處職技訓練士官兵退伍榮民人次;雲林縣榮服處職技訓練士官兵退伍榮民人次;嘉義榮服處職技訓練士官兵退伍榮民人次;臺南市榮服處職技訓練士官兵退伍榮民人次;高雄市榮服處職技訓練士官兵退伍榮民人次;屏東縣榮服處職技訓練士官兵退伍榮民人次;花蓮縣榮服處職技訓練士官兵退伍榮民人次;臺東縣榮服處職技訓練士官兵退伍榮民人次;澎湖縣榮服處職技訓練士官兵退伍榮民人次;金門縣榮服處職技訓練士官兵退伍榮民人次;基隆市榮服處職技訓練榮眷人次;臺北市榮服處職技訓練榮眷人次;新北市榮服處職技訓練榮眷人次;宜蘭縣榮服處職技訓練榮眷人次;桃園市榮服處職技訓練榮眷人次;新竹榮服處職技訓練榮眷人次;苗栗縣榮服處職技訓練榮眷人次;臺中市榮服處職技訓練榮眷人次;彰化縣榮服處職技訓練榮眷人次;南投縣榮服處職技訓練榮眷人次;雲林縣榮服處職技訓練榮眷人次;嘉義榮服處職技訓練榮眷人次;臺南市榮服處職技訓練榮眷人次;高雄市榮服處職技訓練榮眷人次;屏東縣榮服處職技訓練榮眷人次;花蓮縣榮服處職技訓練榮眷人次;臺東縣榮服處職技訓練榮眷人次;澎湖縣榮服處職技訓練榮眷人次;金門縣榮服處職技訓練榮眷人次;基隆市榮服處職技訓練第二類退除役官兵人次;臺北市榮服處職技訓練第二類退除役官兵人次;新北市榮服處職技訓練第二類退除役官兵人次;宜蘭縣榮服處職技訓練第二類退除役官兵人次;桃園市榮服處職技訓練第二類退除役官兵人次;新竹榮服處職技訓練第二類退除役官兵人次;苗栗縣榮服處職技訓練第二類退除役官兵人次;臺中市榮服處職技訓練第二類退除役官兵人次;彰化縣榮服處職技訓練第二類退除役官兵人次;南投縣榮服處職技訓練第二類退除役官兵人次;雲林縣榮服處職技訓練第二類退除役官兵人次;嘉義榮服處職技訓練第二類退除役官兵人次;臺南市榮服處職技訓練第二類退除役官兵人次;高雄市榮服處職技訓練第二類退除役官兵人次;屏東縣榮服處職技訓練第二類退除役官兵人次;花蓮縣榮服處職技訓練第二類退除役官兵人次;臺東縣榮服處職技訓練第二類退除役官兵人次;澎湖縣榮服處職技訓練第二類退除役官兵人次;金門縣榮服處職技訓練第二類退除役官兵人次;基隆市榮服處職技訓練屆退官兵人次;臺北市榮服處職技訓練屆退官兵人次;新北市榮服處職技訓練屆退官兵人次;宜蘭縣榮服處職技訓練屆退官兵人次;桃園市榮服處職技訓練屆退官兵人次;新竹榮服處職技訓練屆退官兵人次;苗栗縣榮服處職技訓練屆退官兵人次;臺中市榮服處職技訓練屆退官兵人次;彰化縣榮服處職技訓練屆退官兵人次;南投縣榮服處職技訓練屆退官兵人次;雲林縣榮服處職技訓練屆退官兵人次;嘉義榮服處職技訓練屆退官兵人次;臺南市榮服處職技訓練屆退官兵人次;高雄市榮服處職技訓練屆退官兵人次;屏東縣榮服處職技訓練屆退官兵人次;花蓮縣榮服處職技訓練屆退官兵人次;臺東縣榮服處職技訓練屆退官兵人次;澎湖縣榮服處職技訓練屆退官兵人次;金門縣榮服處職技訓練屆退官兵人次,國軍退除役官兵輔導委員會
各項服務照顧,國軍退除役官兵輔導委員會各項服務照顧,25844,提供國軍退除役官兵輔導委員會各項服務照顧,年月;訪視榮民;陳情函件收件數;陳情函件處理數;接見件數;接見人數;座(懇)談件數;座(懇)談人數;榮民證申請換發;遺眷家戶代表證申請換發;榮欣志工服務;糾紛調處服務;善後處理服務,國軍退除役官兵輔導委員會
單位會計月報,國軍退除役官兵輔導委員會單位會計月報(107年8月起),95089,提供國軍退除役官兵輔導委員會107年8月以後單位會計月報資訊,會計年度;月份;款;項;目;節;預算年度;預算科目編號;預算科目名稱;細目編號;細目名稱;原預算數;追加減數;截至本月止累計分配數_1;本月實現數;截至本月止累計實現數_2;應收收入數_3;分配數預算餘額_4;分支計畫編號;分支計畫名稱;用途別編號;用途別名稱;第一預備金;第二預備金;經費流用數;預算調整數;應付數;已分配尚未執行數;備註_預暫付數;以前年度轉入數;應收數;保留數;減免;截至本月止累計實現數;調整數;尚未執行數;基金別;會計分類;使用機關別;科目分類;會計科目編號;會計科目名稱;金額;科目名稱;取得成本;以前年度累計折舊_長期投資評價;本年度資本資產成本變動_增加數;本年度資本資產成本變動_減少數;本年度累計折舊_長期投資評價變動數;期末帳面金額;備註;業務計畫或工作計畫;經資門;執行數;項目;收入實現數;減項_收入待納庫數;加項_以前年度待納庫繳庫數;加項_以前年度撥款於本年度繳還數_材料;加項_以前年度撥款於本年度繳還數_存出保證金;加項_以前年度撥款於本年度繳還數_其他應收款;加項_預收款;加項_剔除經費;繳付公庫數;一級用途別編號;一級用途別名稱;支出實現數;加項_預付款;加項_材料;加項_存出保證金;加項_零用金;加項_退還收入預收款;加項_其他應收款;減項_以前年度撥款於本年度實現數;公庫撥入數;公庫分配數餘額;金額_本月數;金額_累計數;年度預算數,國軍退除役官兵輔導委員會
國軍退除役官兵安置基金審定決算,國軍退除役官兵安置基金107年度審定決算,99476,安置基金107年度審定決算,SEQNO;LEVEL;BOLD;科目;本年度預算數-金額;本年度預算數-百分比;本年度決算數-金額;本年度決算數-百分比;比較增減-金額;比較增減-百分比;上年度決算數-金額;上年度決算數-百分比;項目;預算數;決算數,國軍退除役官兵輔導委員會
國軍退除役官兵安置基金審定決算書(以後),國軍退除役官兵安置基金審定決算書(107年度以後),107001,國軍退除役官兵安置基金審定決算書(107年度以後),SEQNO;LEVEL;BOLD;科目;本年度預算數-金額;本年度預算數-百分比;本年度決算數-金額;本年度決算數-百分比;比較增減-金額;比較增減-百分比;上年度決算數-金額;上年度決算數-百分比;項目;預算數;決算數,國軍退除役官兵輔導委員會
國軍退除役官兵安置基金月報,國軍退除役官兵輔導委員會104年度10月國軍退除役官兵安置基金月報,24512,提供國軍退除役官兵輔導委員會104年度10月國軍退除役官兵安置基金月報資訊,SEQNO;LEVEL;BOLD;項目;本年度法定預算數;本月份實際數;本月份預算數;本月份比較增減;本月份比較增減-百分比;本年度截至本月份累計實際數;本年度截至本月份累計預算數;本年度截至本月份累計比較增減;本年度截至本月份累計比較增減-百分比;金額;百分比;以前年度保留數;本年度奉准先行辦理數;調整數;本年度可用預算數;累計預算分配數;實際執行數-實支數;實際執行數-應付未付數;實際執行數;實際執行數-百分比;比較增減;比較增減-百分比;契約責任數;結餘款;累計工程進度-預估;累計工程進度-實際,國軍退除役官兵輔導委員會
國軍退除役官兵安置基金月報,國軍退除役官兵輔導委員會104年度11月國軍退除役官兵安置基金月報,25436,提供國軍退除役官兵輔導委員會104年度11月國軍退除役官兵安置基金月報資訊,SEQNO;LEVEL;BOLD;項目;本年度法定預算數;本月份實際數;本月份預算數;本月份比較增減;本月份比較增減-百分比;本年度截至本月份累計實際數;本年度截至本月份累計預算數;本年度截至本月份累計比較增減;本年度截至本月份累計比較增減-百分比;金額;百分比;以前年度保留數;本年度奉准先行辦理數;調整數;本年度可用預算數;累計預算分配數;實際執行數-實支數;實際執行數-應付未付數;實際執行數;實際執行數-百分比;比較增減;比較增減-百分比;契約責任數;結餘款;累計工程進度-預估;累計工程進度-實際,國軍退除役官兵輔導委員會
國軍退除役官兵安置基金月報,國軍退除役官兵輔導委員會104年度12月國軍退除役官兵安置基金月報,28162,提供國軍退除役官兵輔導委員會104年度11月國軍退除役官兵安置基金月報資訊,SEQNO;LEVEL;BOLD;項目;本年度法定預算數;本月份實際數;本月份預算數;本月份比較增減;本月份比較增減-百分比;本年度截至本月份累計實際數;本年度截至本月份累計預算數;本年度截至本月份累計比較增減;本年度截至本月份累計比較增減-百分比;金額;百分比;以前年度保留數;本年度奉准先行辦理數;調整數;本年度可用預算數;累計預算分配數;實際執行數-實支數;實際執行數-應付未付數;實際執行數;實際執行數-百分比;比較增減;比較增減-百分比;契約責任數;結餘款;累計工程進度-預估;累計工程進度-實際,國軍退除役官兵輔導委員會
國軍退除役官兵安置基金月報,國軍退除役官兵輔導委員會105年度國軍退除役官兵安置基金月報,28744,國軍退除役官兵輔導委員會105年度國軍退除役官兵安置基金月報,SEQNO;LEVEL;BOLD;項目;本年度法定預算數;本月份實際數;本月份預算數;本月份比較增減;本月份比較增減-百分比;本年度截至本月份累計實際數;本年度截至本月份累計預算數;本年度截至本月份累計比較增減;本年度截至本月份累計比較增減-百分比;金額;百分比;以前年度保留數;本年度奉准先行辦理數;調整數;本年度可用預算數;累計預算分配數;實際執行數-實支數;實際執行數-應付未付數;實際執行數;實際執行數-百分比;比較增減;比較增減-百分比;契約責任數;結餘款;累計工程進度-預估;累計工程進度-實際,國軍退除役官兵輔導委員會
國軍退除役官兵安置基金月報,國軍退除役官兵輔導委員會106年度國軍退除役官兵安置基金月報(1至7月),44635,提供國軍退除役官兵輔導委員會106年度國軍退除役官兵安置基金月報資訊,SEQNO;LEVEL;BOLD;項目;本年度法定預算數;本月份實際數;本月份預算數;本月份比較增減;本月份比較增減-百分比;本年度截至本月份累計實際數;本年度截至本月份累計預算數;本年度截至本月份累計比較增減;本年度截至本月份累計比較增減-百分比;金額;百分比;以前年度保留數;本年度奉准先行辦理數;調整數;本年度可用預算數;累計預算分配數;實際執行數-實支數;實際執行數-應付未付數;實際執行數;實際執行數-百分比;比較增減;比較增減-百分比;契約責任數;結餘款;累計工程進度-預估;累計工程進度-實際,國軍退除役官兵輔導委員會
國軍退除役官兵安置基金附屬單位預算,國軍退除役官兵安置基金106年度附屬單位預算,40457,公共資訊: 係指各種財政統計報表、政策新聞、資訊服務、法律等相關資料集,SEQNO;LEVEL;BOLD;前年度決算數-金額;前年度決算數-百分比;科目;本年度預算數-金額;本年度預算數-百分比;上年度預算數-金額;上年度預算數-百分比;比較增減-金額;比較增減-百分比;項目;說明;預算數,國軍退除役官兵輔導委員會
國軍退除役官兵安置基金附屬單位預算,國軍退除役官兵安置基金107年度附屬單位預算,52793,提供國軍退除役官兵安置基金各年度預算資訊,SEQNO;LEVEL;BOLD;前年度決算數-金額;前年度決算數-百分比;科目;本年度預算數-金額;本年度預算數-百分比;上年度預算數-金額;上年度預算數-百分比;比較增減-金額;比較增減-百分比;項目;說明;預算數,國軍退除役官兵輔導委員會
安置分類人數,國軍退除役官兵輔導委員會安置分類人數按安置類別、榮民眷分,25829,提供國軍退除役官兵輔導委員會安置分類人數按安置類別、榮民眷分,年月;總安置榮民人數;總安置榮眷人數;安置就業榮民人數;安置就業榮眷人數;安置就醫榮民人數;安置就醫榮眷人數;安置就養榮民人數;安置就養榮眷人數;安置訓練榮民人數;安置訓練榮眷人數;安置就學榮民人數;安置就學榮眷人數,國軍退除役官兵輔導委員會
安置基金委託調查會費捐助及公益支出表,國軍退除役官兵輔導委員會安置基金委託調查會費捐助及公益支出表,11708,提供國軍退除役官兵輔導委員會安置基金委託調查會費捐助及公益支出表資訊,檔案名稱;下載網址,國軍退除役官兵輔導委員會
安置基金會計月報,國軍退除役官兵輔導委員會104年度1月安置基金會計月報,20237,提供國軍退除役官兵輔導委員會104年度1月國軍退除役官兵安置基金月報資訊,SEQNO;LEVEL;BOLD;項目;本年度法定預算數;本月份實際數;本月份預算數;本月份比較增減;本月份比較增減-百分比;本年度截至本月份累計實際數;本年度截至本月份累計預算數;本年度截至本月份累計比較增減;本年度截至本月份累計比較增減-百分比;金額;百分比;以前年度保留數;本年度奉准先行辦理數;調整數;本年度可用預算數;累計預算分配數;實際執行數-實支數;實際執行數-應付未付數;實際執行數;實際執行數-百分比;比較增減;比較增減-百分比;契約責任數;結餘款;累計工程進度-預估;累計工程進度-實際,國軍退除役官兵輔導委員會
安置基金會計月報,國軍退除役官兵輔導委員會104年度2月安置基金會計月報,20238,提供國軍退除役官兵輔導委員會104年度2月國軍退除役官兵安置基金月報資訊,SEQNO;LEVEL;BOLD;項目;本年度法定預算數;本月份實際數;本月份預算數;本月份比較增減;本月份比較增減-百分比;本年度截至本月份累計實際數;本年度截至本月份累計預算數;本年度截至本月份累計比較增減;本年度截至本月份累計比較增減-百分比;金額;百分比;以前年度保留數;本年度奉准先行辦理數;調整數;本年度可用預算數;累計預算分配數;實際執行數-實支數;實際執行數-應付未付數;實際執行數;實際執行數-百分比;比較增減;比較增減-百分比;契約責任數;結餘款;累計工程進度-預估;累計工程進度-實際,國軍退除役官兵輔導委員會
安置基金會計月報,國軍退除役官兵輔導委員會104年度3月安置基金會計月報,20240,提供國軍退除役官兵輔導委員會104年度3月安置基金會計月報資訊,SEQNO;LEVEL;BOLD;項目;本年度法定預算數;本月份實際數;本月份預算數;本月份比較增減;本月份比較增減-百分比;本年度截至本月份累計實際數;本年度截至本月份累計預算數;本年度截至本月份累計比較增減;本年度截至本月份累計比較增減-百分比;金額;百分比;以前年度保留數;本年度奉准先行辦理數;調整數;本年度可用預算數;累計預算分配數;實際執行數-實支數;實際執行數-應付未付數;實際執行數;實際執行數-百分比;比較增減;比較增減-百分比;契約責任數;結餘款;累計工程進度-預估;累計工程進度-實際,國軍退除役官兵輔導委員會
安置基金會計月報,國軍退除役官兵輔導委員會104年度4月安置基金會計月報,20256,提供國軍退除役官兵輔導委員會104年度4月國軍退除役官兵安置基金月報,SEQNO;LEVEL;BOLD;項目;本年度法定預算數;本月份實際數;本月份預算數;本月份比較增減;本月份比較增減-百分比;本年度截至本月份累計實際數;本年度截至本月份累計預算數;本年度截至本月份累計比較增減;本年度截至本月份累計比較增減-百分比;金額;百分比;以前年度保留數;本年度奉准先行辦理數;調整數;本年度可用預算數;累計預算分配數;實際執行數-實支數;實際執行數-應付未付數;實際執行數;實際執行數-百分比;比較增減;比較增減-百分比;契約責任數;結餘款;累計工程進度-預估;累計工程進度-實際,國軍退除役官兵輔導委員會
安置基金會計月報,國軍退除役官兵輔導委員會104年度5月安置基金會計月報,20259,提供國軍退除役官兵輔導委員會104年度5月安置基金會計月報資訊,SEQNO;LEVEL;BOLD;項目;本年度法定預算數;本月份實際數;本月份預算數;本月份比較增減;本月份比較增減-百分比;本年度截至本月份累計實際數;本年度截至本月份累計預算數;本年度截至本月份累計比較增減;本年度截至本月份累計比較增減-百分比;金額;百分比;以前年度保留數;本年度奉准先行辦理數;調整數;本年度可用預算數;累計預算分配數;實際執行數-實支數;實際執行數-應付未付數;實際執行數;實際執行數-百分比;比較增減;比較增減-百分比;契約責任數;結餘款;累計工程進度-預估;累計工程進度-實際,國軍退除役官兵輔導委員會
安置基金會計月報,國軍退除役官兵輔導委員會104年度6月安置基金會計月報,20260,提供國軍退除役官兵輔導委員會104年度6月安置基金會計月報資訊,SEQNO;LEVEL;BOLD;項目;本年度法定預算數;本月份實際數;本月份預算數;本月份比較增減;本月份比較增減-百分比;本年度截至本月份累計實際數;本年度截至本月份累計預算數;本年度截至本月份累計比較增減;本年度截至本月份累計比較增減-百分比;金額;百分比;以前年度保留數;本年度奉准先行辦理數;調整數;本年度可用預算數;累計預算分配數;實際執行數-實支數;實際執行數-應付未付數;實際執行數;實際執行數-百分比;比較增減;比較增減-百分比;契約責任數;結餘款;累計工程進度-預估;累計工程進度-實際,國軍退除役官兵輔導委員會
安置基金會計月報,國軍退除役官兵輔導委員會104年度7月安置基金會計月報,20261,提供國軍退除役官兵輔導委員會104年度7月安置基金會計月報資訊,SEQNO;LEVEL;BOLD;項目;本年度法定預算數;本月份實際數;本月份預算數;本月份比較增減;本月份比較增減-百分比;本年度截至本月份累計實際數;本年度截至本月份累計預算數;本年度截至本月份累計比較增減;本年度截至本月份累計比較增減-百分比;金額;百分比;以前年度保留數;本年度奉准先行辦理數;調整數;本年度可用預算數;累計預算分配數;實際執行數-實支數;實際執行數-應付未付數;實際執行數;實際執行數-百分比;比較增減;比較增減-百分比;契約責任數;結餘款;累計工程進度-預估;累計工程進度-實際,國軍退除役官兵輔導委員會
安置基金會計月報,國軍退除役官兵輔導委員會104年度8月安置基金會計月報,20262,提供國軍退除役官兵輔導委員會104年度8月安置基金會計月報資訊,SEQNO;LEVEL;BOLD;項目;本年度法定預算數;本月份實際數;本月份預算數;本月份比較增減;本月份比較增減-百分比;本年度截至本月份累計實際數;本年度截至本月份累計預算數;本年度截至本月份累計比較增減;本年度截至本月份累計比較增減-百分比;金額;百分比;以前年度保留數;本年度奉准先行辦理數;調整數;本年度可用預算數;累計預算分配數;實際執行數-實支數;實際執行數-應付未付數;實際執行數;實際執行數-百分比;比較增減;比較增減-百分比;契約責任數;結餘款;累計工程進度-預估;累計工程進度-實際,國軍退除役官兵輔導委員會
安置基金會計月報,國軍退除役官兵輔導委員會104年度9月安置基金會計月報,23823,提供國軍退除役官兵輔導委員會104年度9月安置基金會計月報資訊,SEQNO;LEVEL;BOLD;項目;本年度法定預算數;本月份實際數;本月份預算數;本月份比較增減;本月份比較增減-百分比;本年度截至本月份累計實際數;本年度截至本月份累計預算數;本年度截至本月份累計比較增減;本年度截至本月份累計比較增減-百分比;金額;百分比;以前年度保留數;本年度奉准先行辦理數;調整數;本年度可用預算數;累計預算分配數;實際執行數-實支數;實際執行數-應付未付數;實際執行數;實際執行數-百分比;比較增減;比較增減-百分比;契約責任數;結餘款;累計工程進度-預估;累計工程進度-實際,國軍退除役官兵輔導委員會
安置基金月報,國軍退除役官兵輔導委員會安置基金月報(106年度8月至12月),54233,提供國軍退除役官兵輔導委員會安置基金106年度8月以後月報資訊,SEQNO;LEVEL;BOLD;項目;本年度法定預算數;本月份實際數;本月份預算數;本月份比較增減;本月份比較增減-百分比;本年度截至本月份累計實際數;本年度截至本月份累計預算數;本年度截至本月份累計比較增減;本年度截至本月份累計比較增減-百分比;金額;百分比;以前年度保留數;本年度奉准先行辦理數;調整數;本年度可用預算數;累計預算分配數;實際執行數-實支數;實際執行數-應付未付數;實際執行數;實際執行數-百分比;比較增減;比較增減-百分比;契約責任數;結餘款;累計工程進度-預估;累計工程進度-實際,國軍退除役官兵輔導委員會
安置基金月報,國軍退除役官兵輔導委員會安置基金月報(106年度12月至107年7月),85489,提供國軍退除役官兵輔導委員會安置基金106年度12月起月報資訊,SEQNO;LEVEL;BOLD;項目;本年度法定預算數;本月份實際數;本月份預算數;本月份比較增減;本月份比較增減-百分比;本年度截至本月份累計實際數;本年度截至本月份累計預算數;本年度截至本月份累計比較增減;本年度截至本月份累計比較增減-百分比;金額;百分比;以前年度保留數;本年度奉准先行辦理數;調整數;本年度可用預算數;累計預算分配數;實際執行數-實支數;實際執行數-應付未付數;實際執行數;實際執行數-百分比;比較增減;比較增減-百分比;契約責任數;結餘款;累計工程進度-預估;累計工程進度-實際,國軍退除役官兵輔導委員會
安置基金月報,國軍退除役官兵輔導委員會安置基金月報(107年度),95084,提供國軍退除役官兵輔導委員會安置基金107年8月以後月報資訊,SEQNO;LEVEL;BOLD;項目;本年度法定預算數;本月份實際數;本月份預算數;本月份比較增減;本月份比較增減-百分比;本年度截至本月份累計實際數;本年度截至本月份累計預算數;本年度截至本月份累計比較增減;本年度截至本月份累計比較增減-百分比;金額;百分比;以前年度保留數;本年度奉准先行辦理數;調整數;本年度可用預算數;累計預算分配數;實際執行數-實支數;實際執行數-應付未付數;實際執行數;實際執行數-百分比;比較增減;比較增減-百分比;契約責任數;結餘款;累計工程進度-預估;累計工程進度-實際,國軍退除役官兵輔導委員會
安置基金月報,國軍退除役官兵輔導委員會安置基金月報(108年度),103326,國軍退除役官兵輔導委員會安置基金月報(108年度),SEQNO;LEVEL;BOLD;項目;本年度法定預算數;本月份實際數;本月份預算數;本月份比較增減;本月份比較增減-百分比;本年度截至本月份累計實際數;本年度截至本月份累計預算數;本年度截至本月份累計比較增減;本年度截至本月份累計比較增減-百分比;金額;百分比;以前年度保留數;本年度奉准先行辦理數;調整數;本年度可用預算數;累計預算分配數;實際執行數-實支數;實際執行數-應付未付數;實際執行數;實際執行數-百分比;比較增減;比較增減-百分比;契約責任數;結餘款;累計工程進度-預估;累計工程進度-實際,國軍退除役官兵輔導委員會
安置基金決算,國軍退除役官兵輔導委員會安置基金決算(105年度),11623,提供國軍退除役官兵輔導委員會安置基金決算資訊,SEQNO;LEVEL;BOLD;科目;本年度預算數-金額;本年度預算數-百分比;本年度決算數-金額;本年度決算數-百分比;比較增減-金額;比較增減-百分比;上年度決算數-金額;上年度決算數-百分比;項目;預算數;決算數,國軍退除役官兵輔導委員會
安置基金決算,國軍退除役官兵輔導委員會安置基金決算(103年度),20287,提供國軍退除役官兵輔導委員會103年度國軍退除役官兵安置基金審定決算資訊,SEQNO;LEVEL;BOLD;科目;本年度預算數-金額;本年度預算數-百分比;本年度決算數-金額;本年度決算數-百分比;比較增減-金額;比較增減-百分比;上年度決算數-金額;上年度決算數-百分比;項目;預算數;決算數,國軍退除役官兵輔導委員會
安置基金決算(以後),國軍退除役官兵輔導委員會安置基金決算(106年度以後),89961,提供國軍退除役官兵輔導委員會安置基金106年度以後決算資訊,SEQNO;LEVEL;BOLD;科目;本年度預算數-金額;本年度預算數-百分比;本年度決算數-金額;本年度決算數-百分比;比較增減-金額;比較增減-百分比;上年度決算數-金額;上年度決算數-百分比;項目;預算數;決算數,國軍退除役官兵輔導委員會
安置基金預算,國軍退除役官兵輔導委員會安置基金預算(105年度),11610,提供國軍退除役官兵輔導委員會安置基金預算資訊,SEQNO;LEVEL;BOLD;前年度決算數-金額;前年度決算數-百分比;科目;本年度預算數-金額;本年度預算數-百分比;上年度預算數-金額;上年度預算數-百分比;比較增減-金額;比較增減-百分比;項目;說明;預算數,國軍退除役官兵輔導委員會
安置基金預算,國軍退除役官兵輔導委員會安置基金預算(104年度),12604,提供國軍退除役官兵輔導委員會安置基金預算(104年度),SEQNO;LEVEL;BOLD;前年度決算數-金額;前年度決算數-百分比;科目;本年度預算數-金額;本年度預算數-百分比;上年度預算數-金額;上年度預算數-百分比;比較增減-金額;比較增減-百分比;項目;說明;預算數,國軍退除役官兵輔導委員會
安置基金預算,國軍退除役官兵輔導委員會安置基金預算(107年度),56599,提供國軍退除役官兵輔導委員會安置基金106年度以後預算資訊,SEQNO;LEVEL;BOLD;前年度決算數-金額;前年度決算數-百分比;科目;本年度預算數-金額;本年度預算數-百分比;上年度預算數-金額;上年度預算數-百分比;比較增減-金額;比較增減-百分比;項目;說明;預算數,國軍退除役官兵輔導委員會
安置基金預算,國軍退除役官兵輔導委員會安置基金預算(106年度),90310,國軍退除役官兵輔導委員會安置基金106年度預算,SEQNO;LEVEL;BOLD;前年度決算數-金額;前年度決算數-百分比;科目;本年度預算數-金額;本年度預算數-百分比;上年度預算數-金額;上年度預算數-百分比;比較增減-金額;比較增減-百分比;項目;說明;預算數,國軍退除役官兵輔導委員會
安置基金預算,國軍退除役官兵輔導委員會安置基金預算(108年度起),95081,提供國軍退除役官兵輔導委員會安置基金108年度以後預算資訊,SEQNO;LEVEL;BOLD;前年度決算數-金額;前年度決算數-百分比;科目;本年度預算數-金額;本年度預算數-百分比;上年度預算數-金額;上年度預算數-百分比;比較增減-金額;比較增減-百分比;項目;說明;預算數,國軍退除役官兵輔導委員會
安置就業分類人次,國軍退除役官兵輔導委員會安置就業分類人次,25832,提供國軍退除役官兵輔導委員會安置就業分類人次,年月;榮民創業就業人次;第二類退除役官兵創業就業人次;榮眷創業就業人次;榮民介紹就業人次;第二類退除役官兵介紹就業人次;榮眷介紹就業人次,國軍退除役官兵輔導委員會
就學榮民人數,就學榮民人數按年齡別及學歷分,25830,提供就學榮民人數按年齡別及學歷分,年別;24歲以下博士;24歲以下碩士;24歲以下大學;24歲以下專科;25~29歲博士;25~29歲碩士;25~29歲大學;25~29歲專科;30~34歲博士;30~34歲碩士;30~34歲大學;30~34歲專科;35~39歲博士;35~39歲碩士;35~39歲大學;35~39歲專科;40~44歲博士;40~44歲碩士;40~44歲大學;40~44歲專科;45~49歲博士;45~49歲碩士;45~49歲大學;45~49歲專科;50~54歲博士;50~54歲碩士;50~54歲大學;50~54歲專科;55~59歲博士;55~59歲碩士;55~59歲大學;55~59歲專科;60~64歲博士;60~64歲碩士;60~64歲大學;60~64歲專科;65歲以上博士;65歲以上碩士;65歲以上大學;65歲以上專科,國軍退除役官兵輔導委員會
就學輔導統計資訊,國軍退除役官兵輔導委員會就學輔導統計資訊,11365,提供國軍退除役官兵輔導委員會榮民就學輔導統計資訊,年月;就讀博士榮民人數;就讀碩士榮民人數;就讀大學榮民人數;就讀專科榮民人數;就讀博士第二類退除役官兵人數;就讀碩士第二類退除役官兵人數;就讀大學第二類退除役官兵人數;就讀專科第二類退除役官兵人數,國軍退除役官兵輔導委員會
就業職訓輔導統計資訊,國軍退除役官兵輔導委員會就業職訓輔導統計資訊,11366,提供國軍退除役官兵輔導委員會榮民就業職訓輔導統計資訊,年月;榮民創業(會內)就業人數;第二類退除役官兵創業(會內)就業人數;榮眷創業(會內)就業人數;榮民介紹(會外)就業人數;第二類退除役官兵介紹(會外)就業人數;榮眷介紹(會外)就業人數;本會訓練中心開訓班次;本會訓練中心開訓人數;本會訓練中心結訓班次;本會訓練中心結訓人數,國軍退除役官兵輔導委員會
就醫輔導統計資訊,國軍退除役官兵輔導委員會就醫輔導統計資訊,11368,提供國軍退除役官兵輔導委員會榮民就醫輔導統計資訊,年月;榮總院健保病床數;榮院公務護理之家開設床位數;榮院自費護理之家開設床位數;榮總院精神日間治療開設病床數;六類一目榮民及遺眷門急診人次;一至五類榮民門急診人次;第二類退除役官兵(具補助身分者)門急診人次;軍、警消海巡及空勤人員門急診人次;其他健保病人門急診人次;非健保病人門急診人次;健保病床住院人日;公務預算床住院人日;總占床率;健保床占床率;急性一般病床占床率,國軍退除役官兵輔導委員會
就養輔導統計資訊,國軍退除役官兵輔導委員會就養輔導統計資訊,11367,提供國軍退除役官兵輔導委員會榮民就養輔導統計資訊,年月;公費內住榮家榮民人數;自費內住榮家榮民人數;大陸地區長期居住榮民人數;公費外住榮民人數;榮家公費床數;榮家自費床數;榮家公費床實際占床數;榮家自費床實際占床數;榮家保健組門急診治療人次,國軍退除役官兵輔導委員會
年度施政績效,國軍退除役官兵輔導委員會年度施政績效,11055,本會為貫徹行政院組織改造、募兵制等重大政策，並強化業務功能、擴大服務照顧對象，及扶助社會弱勢之施政重點，結合本會「就學、就業、就醫、就養及服務照顧」之主軸工作，依據中程施政計畫及核定預算額度，策定下列施政目標，以落實前揭行政院重大政策與本會施政重點，善盡行政團隊責任，進而精進退輔制度，做好榮民（眷）服務照顧工作： （一）提升退除役官兵人力素質，強化職技專業訓練，促進多元就業機會。 （二）建構完善長照服務網絡，提供弱勢退除役官兵適切服務，實現社會公平正義理念。 （三）賡續更新安養機構設施，營造高齡友善健康環境，達成區域資源共享目標。 （四）結合地方社褔資源，爭取退除役官兵合理權益，深化庶民服務理念。 （五）整合榮民醫療資源，提升區域醫護品質，完善健康照護體系。 （六）增進財務管理知能，提升施政效能。 （七）配合組織發展，合理配置員額，強化組織學習。 （八）落實政府內部控制機制。 （九）提升研發能量。 （十）提升資產效益，妥適配置政府資源。 （十一）提升人力資源素質與管理效能。,檔案名稱;下載網址,國軍退除役官兵輔導委員會
年度施政計畫,國軍退除役官兵輔導委員會年度施政計畫,11053,提供國軍退除役官兵輔導委員會各年度施政目標與重點,檔案名稱;下載網址,國軍退除役官兵輔導委員會
年度研究計畫成果報告,國軍退除役官兵輔導委員會年度研究計畫成果報告,11082,提供國軍退除役官兵輔導委員會研究計畫成果報告，由本會及所術機構人員就業管研究成果或委外研究辦理。,研究計畫成果報告名稱;下載網址,國軍退除役官兵輔導委員會
性別平等專案小組委員名單,國軍退除役官兵輔導委員會性別平等專案小組委員名單,123271,提供國軍退除役官兵輔導委員會性別平等專案小組目前最新委員名單,編組職稱;現職;姓名;性別;備註,國軍退除役官兵輔導委員會
性別平等專案小組會議紀錄,國軍退除役官兵輔導委員會性別平等專案小組會議紀錄,123138,國軍退除役官兵輔導委員會自106年起歷年性別平等專案小組會議紀錄(每年約3次),年度;名稱;承辦單位;全文網址;會議日期,國軍退除役官兵輔導委員會
所屬遊樂區遊客情形,國軍退除役官兵輔導委員會所屬遊樂區遊客情形,25845,提供國軍退除役官兵輔導委員會所屬遊樂區遊客情形,年月;武陵農場遊客人次;福壽山農場遊客人次;清境農場遊客人次;嘉義農場遊客人次;高雄休閒農場遊客人次;東河休閒農場遊客人次;棲蘭遊樂區遊客人次;明池遊樂區遊客人次;武陵農場住宿率;福壽山農場住宿率;清境農場住宿率;嘉義農場住宿率;高雄休閒農場住宿率;東河休閒農場住宿率;棲蘭遊樂區住宿率;明池遊樂區住宿率;武陵農場營運收入;福壽山農場營運收入;清境農場營運收入;嘉義農場營運收入;高雄休閒農場營運收入;東河休閒農場營運收入;棲蘭遊樂區營運收入;明池遊樂區營運收入,國軍退除役官兵輔導委員會
板橋榮民之家處公務電話一覽表,板橋榮民之家處公務電話一覽表,7226,本資料集主要提供板橋榮民之家各項服務業務承辦聯絡資料,總機電話;單位;職掌;分機電話;樓層,國軍退除役官兵輔導委員會
榮工公司決算,國軍退除役官兵輔導委員會榮工公司決算,11635,提供國軍退除役官兵輔導委員會榮工公司決算資訊,檔案名稱;下載網址,國軍退除役官兵輔導委員會
榮工公司預算,國軍退除役官兵輔導委員會榮工公司預算,11622,提供國軍退除役官兵輔導委員會榮工公司預算資訊,檔案名稱;下載網址,國軍退除役官兵輔導委員會
榮民(眷)整體狀況輔導統計資訊,國軍退除役官兵輔導委員會榮民(眷)整體狀況輔導統計資訊,11083,提供國軍退除役官兵輔導委員會榮民(眷)整體狀況輔導統計資訊,年月;榮民總人數;男性榮民人數;女性榮民人數;青壯年榮民人數;中高年榮民人數;老年榮民人數;將官退伍榮民人數;校官退伍榮民人數;尉官退伍榮民人數;士官兵退伍榮民人數;月退除給與榮民人數;一次退除役金榮民人數;無給退除榮民人數;其他給與榮民人數;榮民父母人數;榮民配偶人數;榮民未成年及身心障礙子女人數,國軍退除役官兵輔導委員會
榮民之家公務電話一覽表,佳里榮民之家公務電話一覽表,7227,本資料集主要提供佳里榮民之家各項服務業務承辦聯絡資料,總機電話;單位;職掌;分機電話;樓層,國軍退除役官兵輔導委員會
榮民之家公務電話一覽表,花蓮榮民之家公務電話一覽表,7228,本資料集主要提供花蓮榮民之家各項服務業務承辦聯絡資料,總機電話;單位;職掌;分機電話;樓層,國軍退除役官兵輔導委員會
榮民之家公務電話一覽表,桃園榮民之家公務電話一覽表,8501,本資料集主要提供桃園榮民之家各項服務業務承辦聯絡資料,總機電話;單位;傳真;分機電話,國軍退除役官兵輔導委員會
榮民之家公務電話一覽表,八德榮民之家公務電話一覽表,8507,本資料集主要提供八德榮民之家各項服務業務承辦聯絡資料,"單位;,電話;,備註",國軍退除役官兵輔導委員會
榮民之家公務電話一覽表,新竹榮民之家公務電話一覽表,8508,本資料集主要提供新竹榮民之家各項服務業務承辦聯絡資料,總機電話;單位;傳真;分機電話,國軍退除役官兵輔導委員會
榮民之家公務電話一覽表,中彰榮民之家公務電話一覽表,8509,本資料集主要提供中彰榮民之家各項服務業務承辦聯絡資料,單位;職掌;電話;備考,國軍退除役官兵輔導委員會
榮民之家公務電話一覽表,彰化榮民之家公務電話一覽表,8510,本資料集主要提供彰化榮民之家各項服務業務承辦聯絡資料,單位;職掌;電話;樓層,國軍退除役官兵輔導委員會
榮民之家公務電話一覽表,雲林榮民之家公務電話一覽表,8511,本資料集主要提供雲林榮民之家各項服務業務承辦聯絡資料,單位;職掌;電話,國軍退除役官兵輔導委員會
榮民之家公務電話一覽表,白河榮民之家公務電話一覽表,8512,本資料集主要提供白河榮民之家各項服務業務承辦聯絡資料,單位;職掌;電話;樓層,國軍退除役官兵輔導委員會
榮民之家公務電話一覽表,臺南榮民之家公務電話一覽表,8513,本資料集主要提供臺南榮民之家各項服務業務承辦聯絡資料,總機電話;單位;分機電話,國軍退除役官兵輔導委員會
榮民之家公務電話一覽表,高雄榮民之家公務電話一覽表,8514,本資料集主要提供高雄榮民之家各項服務業務承辦聯絡資料,單位;電話;樓層,國軍退除役官兵輔導委員會
榮民之家公務電話一覽表,岡山榮民之家公務電話一覽表,8515,本資料集主要提供岡山榮民之家各項服務業務承辦聯絡資料,單位(職掌);聯絡電話;分機,國軍退除役官兵輔導委員會
榮民之家公務電話一覽表,屏東榮民之家公務電話一覽表,8516,本資料集主要提供屏東榮民之家各項服務業務承辦聯絡資料,總機電話;單位;傳真;分機電話,國軍退除役官兵輔導委員會
榮民之家公務電話一覽表,臺北榮民之家公務電話一覽表,8517,本資料集主要提供臺北榮民之家各項服務業務承辦聯絡資料,單位;職掌;電話;備註,國軍退除役官兵輔導委員會
榮民之家公務電話一覽表,退輔會所屬榮民之家公務電話一覽表,9315,本資料集主要提供本會所屬榮民之家各項服務業務承辦聯絡資料,機關;單位;職掌;電話;備註,國軍退除役官兵輔導委員會
榮民就養人數,榮民就養人數按資深在台及公自費分,25843,提供榮民就養人數按資深在台及公自費分,年別;資深榮民公費就養人數;資深榮民自費安養人數;在台入伍榮民公費就養人數;在台入伍榮民自費安養人數,國軍退除役官兵輔導委員會
榮民服務處公務電話一覽表,臺北市榮民服務處公務電話一覽表,6987,本資料集主要提供臺北市榮民服務處各項服務業務承辦聯絡資料,單位(職掌);聯絡電話;分機,國軍退除役官兵輔導委員會
榮民服務處公務電話一覽表,新北市榮民服務處公務電話一覽表,6988,本資料集主要提供新北市榮民服務處各項服務業務承辦聯絡資料,單位(職掌);聯絡電話;分機,國軍退除役官兵輔導委員會
榮民服務處公務電話一覽表,桃園縣榮民服務處公務電話一覽表,6989,本資料集主要提供桃園縣榮民服務處各項服務業務承辦聯絡資料,單位(職掌);聯絡電話;分機,國軍退除役官兵輔導委員會
榮民服務處公務電話一覽表,高雄市榮民服務處公務電話一覽表,6990,本資料集主要提供高雄市榮民服務處各項服務業務承辦聯絡資料,單位(職掌);聯絡電話;分機,國軍退除役官兵輔導委員會
榮民服務處公務電話一覽表,基隆市榮民服務處公務電話一覽表,6991,本資料集主要提供基隆市榮民服務處各項服務業務承辦聯絡資料,單位(職掌);聯絡電話;分機,國軍退除役官兵輔導委員會
榮民服務處公務電話一覽表,宜蘭縣榮民服務處公務電話一覽表,6992,本資料集主要提供宜蘭縣榮民服務處各項服務業務承辦聯絡資料,單位(職掌);聯絡電話;分機,國軍退除役官兵輔導委員會
榮民服務處公務電話一覽表,新竹榮民服務處公務電話一覽表,6993,本資料集主要提供新竹榮民服務處各項服務業務承辦聯絡資料,單位(職掌);聯絡電話;分機,國軍退除役官兵輔導委員會
榮民服務處公務電話一覽表,苗栗縣榮民服務處公務電話一覽表,6994,本資料集主要提供苗栗縣榮民服務處各項服務業務承辦聯絡資料,單位(職掌);聯絡電話;分機,國軍退除役官兵輔導委員會
榮民服務處公務電話一覽表,臺中市榮民服務處公務電話一覽表,7201,本資料集主要提供臺中市榮民服務處各項服務業務承辦聯絡資料,單位(職掌);聯絡電話;分機,國軍退除役官兵輔導委員會
榮民服務處公務電話一覽表,南投縣榮民服務處公務電話一覽表,7202,本資料集主要提供南投縣榮民服務處各項服務業務承辦聯絡資料,單位(職掌);聯絡電話;分機,國軍退除役官兵輔導委員會
榮民服務處公務電話一覽表,雲林縣榮民服務處公務電話一覽表,7203,本資料集主要提供雲林縣榮民服務處各項服務業務承辦聯絡資料,單位(職掌);聯絡電話;分機,國軍退除役官兵輔導委員會
榮民服務處公務電話一覽表,嘉義榮民服務處公務電話一覽表,7204,本資料集主要提供嘉義榮民服務處各項服務業務承辦聯絡資料,單位(職掌);聯絡電話;分機,國軍退除役官兵輔導委員會
榮民服務處公務電話一覽表,屏東縣榮民服務處公務電話一覽表,7205,本資料集主要提供屏東縣榮民服務處各項服務業務承辦聯絡資料,單位(職掌);聯絡電話;分機,國軍退除役官兵輔導委員會
榮民服務處公務電話一覽表,花蓮縣榮民服務處公務電話一覽表,7206,本資料集主要提供花蓮縣榮民服務處各項服務業務承辦聯絡資料,單位(職掌);聯絡電話;分機,國軍退除役官兵輔導委員會
榮民服務處公務電話一覽表,澎湖縣榮民服務處公務電話一覽表,7207,本資料集主要提供澎湖縣榮民服務處各項服務業務承辦聯絡資料,單位(職掌);聯絡電話;分機,國軍退除役官兵輔導委員會
榮民服務處公務電話一覽表,金門縣榮民服務處公務電話一覽表,7208,本資料集主要提供金門縣榮民服務處各項服務業務承辦聯絡資料,單位(職掌);聯絡電話;分機,國軍退除役官兵輔導委員會
榮民服務處公務電話一覽表,彰化縣榮民服務處公務電話一覽表,7408,本資料集主要提供彰化縣榮民服務處各項服務業務承辦聯絡資料,單位(職掌);聯絡電話;分機,國軍退除役官兵輔導委員會
榮民服務處公務電話一覽表,臺東縣榮民服務處公務電話一覽表,7409,本資料集主要提供臺東縣榮民服務處各項服務業務承辦聯絡資料,單位(職掌);聯絡電話;分機,國軍退除役官兵輔導委員會
榮民服務處公務電話一覽表,臺南市榮民服務處公務電話一覽表,7410,本資料集主要提供臺南市榮民服務處各項服務業務承辦聯絡資料,單位(職掌);聯絡電話;分機,國軍退除役官兵輔導委員會
榮民醫療作業基金審定決算,國軍退除役官兵輔導委員會103年度榮民醫療作業基金審定決算,20275,提供國軍退除役官兵輔導委員會103年度榮民醫療作業基金審定決算資訊,SEQNO;LEVEL;BOLD;科目;本年度預算數-金額;本年度預算數-百分比;本年度決算數-金額;本年度決算數-百分比;比較增減-金額;比較增減-百分比;上年度決算數-金額;上年度決算數-百分比;項目;預算數-金額;決算數-金額,國軍退除役官兵輔導委員會
榮民醫療作業基金月報,國軍退除役官兵輔導委員會104年度1月榮民醫療作業基金月報,20267,提供國軍退除役官兵輔導委員會104年度1月榮民醫療作業基金月報資訊,SEQNO;LEVEL;BOLD;項目;本年度法定預算數;本月份實際數;本月份預算數;本月份比較增減;本月份比較增減-百分比;本年度截至本月份累計實際數;本年度截至本月份累計預算數;本年度截至本月份累計比較增減;本年度截至本月份累計比較增減-百分比;金額;百分比;以前年度保留數;本年度奉准先行辦理數;調整數;本年度可用預算數;累計預算分配數;實際執行數-實支數;實際執行數-應付未付數;實際執行數;實際執行數-百分比;比較增減;比較增減-百分比;契約責任數;結餘款;累計工程進度-預估;累計工程進度-實際,國軍退除役官兵輔導委員會
榮民醫療作業基金月報,國軍退除役官兵輔導委員會104年度2月榮民醫療作業基金月報,20268,提供國軍退除役官兵輔導委員會104年度2月榮民醫療作業基金月報資訊,SEQNO;LEVEL;BOLD;項目;本年度法定預算數;本月份實際數;本月份預算數;本月份比較增減;本月份比較增減-百分比;本年度截至本月份累計實際數;本年度截至本月份累計預算數;本年度截至本月份累計比較增減;本年度截至本月份累計比較增減-百分比;金額;百分比;以前年度保留數;本年度奉准先行辦理數;調整數;本年度可用預算數;累計預算分配數;實際執行數-實支數;實際執行數-應付未付數;實際執行數;實際執行數-百分比;比較增減;比較增減-百分比;契約責任數;結餘款;累計工程進度-預估;累計工程進度-實際,國軍退除役官兵輔導委員會
榮民醫療作業基金月報,國軍退除役官兵輔導委員會104年度3月榮民醫療作業基金月報,20269,提供國軍退除役官兵輔導委員會104年度3月榮民醫療作業基金月報資訊,SEQNO;LEVEL;BOLD;項目;本年度法定預算數;本月份實際數;本月份預算數;本月份比較增減;本月份比較增減-百分比;本年度截至本月份累計實際數;本年度截至本月份累計預算數;本年度截至本月份累計比較增減;本年度截至本月份累計比較增減-百分比;金額;百分比;以前年度保留數;本年度奉准先行辦理數;調整數;本年度可用預算數;累計預算分配數;實際執行數-實支數;實際執行數-應付未付數;實際執行數;實際執行數-百分比;比較增減;比較增減-百分比;契約責任數;結餘款;累計工程進度-預估;累計工程進度-實際,國軍退除役官兵輔導委員會
榮民醫療作業基金月報,國軍退除役官兵輔導委員會104年度4月榮民醫療作業基金月報,20270,提供國軍退除役官兵輔導委員會104年度4月榮民醫療作業基金月報資訊,SEQNO;LEVEL;BOLD;項目;本年度法定預算數;本月份實際數;本月份預算數;本月份比較增減;本月份比較增減-百分比;本年度截至本月份累計實際數;本年度截至本月份累計預算數;本年度截至本月份累計比較增減;本年度截至本月份累計比較增減-百分比;金額;百分比;以前年度保留數;本年度奉准先行辦理數;調整數;本年度可用預算數;累計預算分配數;實際執行數-實支數;實際執行數-應付未付數;實際執行數;實際執行數-百分比;比較增減;比較增減-百分比;契約責任數;結餘款;累計工程進度-預估;累計工程進度-實際,國軍退除役官兵輔導委員會
榮民醫療作業基金月報,國軍退除役官兵輔導委員會104年度5月榮民醫療作業基金月報,20272,提供國軍退除役官兵輔導委員會104年度5月榮民醫療作業基金月報資訊,SEQNO;LEVEL;BOLD;項目;本年度法定預算數;本月份實際數;本月份預算數;本月份比較增減;本月份比較增減-百分比;本年度截至本月份累計實際數;本年度截至本月份累計預算數;本年度截至本月份累計比較增減;本年度截至本月份累計比較增減-百分比;金額;百分比;以前年度保留數;本年度奉准先行辦理數;調整數;本年度可用預算數;累計預算分配數;實際執行數-實支數;實際執行數-應付未付數;實際執行數;實際執行數-百分比;比較增減;比較增減-百分比;契約責任數;結餘款;累計工程進度-預估;累計工程進度-實際,國軍退除役官兵輔導委員會
榮民醫療作業基金月報,國軍退除役官兵輔導委員會104年度6月榮民醫療作業基金月報,20273,提供國軍退除役官兵輔導委員會104年度6月榮民醫療作業基金月報資訊,SEQNO;LEVEL;BOLD;項目;本年度法定預算數;本月份實際數;本月份預算數;本月份比較增減;本月份比較增減-百分比;本年度截至本月份累計實際數;本年度截至本月份累計預算數;本年度截至本月份累計比較增減;本年度截至本月份累計比較增減-百分比;金額;百分比;以前年度保留數;本年度奉准先行辦理數;調整數;本年度可用預算數;累計預算分配數;實際執行數-實支數;實際執行數-應付未付數;實際執行數;實際執行數-百分比;比較增減;比較增減-百分比;契約責任數;結餘款;累計工程進度-預估;累計工程進度-實際,國軍退除役官兵輔導委員會
榮民醫療作業基金月報,國軍退除役官兵輔導委員會104年度7月榮民醫療作業基金月報,20274,提供國軍退除役官兵輔導委員會104年度7月榮民醫療作業基金月報資訊,SEQNO;LEVEL;BOLD;項目;本年度法定預算數;本月份實際數;本月份預算數;本月份比較增減;本月份比較增減-百分比;本年度截至本月份累計實際數;本年度截至本月份累計預算數;本年度截至本月份累計比較增減;本年度截至本月份累計比較增減-百分比;金額;百分比;以前年度保留數;本年度奉准先行辦理數;調整數;本年度可用預算數;累計預算分配數;實際執行數-實支數;實際執行數-應付未付數;實際執行數;實際執行數-百分比;比較增減;比較增減-百分比;契約責任數;結餘款;累計工程進度-預估;累計工程進度-實際,國軍退除役官兵輔導委員會
榮民醫療作業基金月報,國軍退除役官兵輔導委員會104年度8月榮民醫療作業基金月報,21728,提供國軍退除役官兵輔導委員會104年度8月榮民醫療作業基金月報資訊,SEQNO;LEVEL;BOLD;項目;本年度法定預算數;本月份實際數;本月份預算數;本月份比較增減;本月份比較增減-百分比;本年度截至本月份累計實際數;本年度截至本月份累計預算數;本年度截至本月份累計比較增減;本年度截至本月份累計比較增減-百分比;金額;百分比;以前年度保留數;本年度奉准先行辦理數;調整數;本年度可用預算數;累計預算分配數;實際執行數-實支數;實際執行數-應付未付數;實際執行數;實際執行數-百分比;比較增減;比較增減-百分比;契約責任數;結餘款;累計工程進度-預估;累計工程進度-實際,國軍退除役官兵輔導委員會
榮民醫療作業基金月報,國軍退除役官兵輔導委員會104年度9月榮民醫療作業基金月報,23825,提供國軍退除役官兵輔導委員會104年度9月榮民醫療作業基金月報資訊,SEQNO;LEVEL;BOLD;項目;本年度法定預算數;本月份實際數;本月份預算數;本月份比較增減;本月份比較增減-百分比;本年度截至本月份累計實際數;本年度截至本月份累計預算數;本年度截至本月份累計比較增減;本年度截至本月份累計比較增減-百分比;金額;百分比;以前年度保留數;本年度奉准先行辦理數;調整數;本年度可用預算數;累計預算分配數;實際執行數-實支數;實際執行數-應付未付數;實際執行數;實際執行數-百分比;比較增減;比較增減-百分比;契約責任數;結餘款;累計工程進度-預估;累計工程進度-實際,國軍退除役官兵輔導委員會
榮民醫療作業基金月報,國軍退除役官兵輔導委員會104年度11月榮民醫療作業基金月報,25435,提供國軍退除役官兵輔導委員會104年度11月榮民醫療作業基金月報資訊,SEQNO;LEVEL;BOLD;項目;本年度法定預算數;本月份實際數;本月份預算數;本月份比較增減;本月份比較增減-百分比;本年度截至本月份累計實際數;本年度截至本月份累計預算數;本年度截至本月份累計比較增減;本年度截至本月份累計比較增減-百分比;金額;百分比;以前年度保留數;本年度奉准先行辦理數;調整數;本年度可用預算數;累計預算分配數;實際執行數-實支數;實際執行數-應付未付數;實際執行數;實際執行數-百分比;比較增減;比較增減-百分比;契約責任數;結餘款;累計工程進度-預估;累計工程進度-實際,國軍退除役官兵輔導委員會
榮民醫療作業基金月報,國軍退除役官兵輔導委員會104年度12月榮民醫療作業基金月報,28163,提供國軍退除役官兵輔導委員會104年度12月榮民醫療作業基金月報資訊,SEQNO;LEVEL;BOLD;項目;本年度法定預算數;本月份實際數;本月份預算數;本月份比較增減;本月份比較增減-百分比;本年度截至本月份累計實際數;本年度截至本月份累計預算數;本年度截至本月份累計比較增減;本年度截至本月份累計比較增減-百分比;金額;百分比;以前年度保留數;本年度奉准先行辦理數;調整數;本年度可用預算數;累計預算分配數;實際執行數-實支數;實際執行數-應付未付數;實際執行數;實際執行數-百分比;比較增減;比較增減-百分比;契約責任數;結餘款;累計工程進度-預估;累計工程進度-實際,國軍退除役官兵輔導委員會
榮民醫療作業基金月報,國軍退除役官兵輔導委員會105年度榮民醫療作業基金月報,28743,提供國軍退除役官兵輔導委員會105年度榮民醫療作業基金月報資訊,SEQNO;LEVEL;BOLD;項目;本年度法定預算數;本月份實際數;本月份預算數;本月份比較增減;本月份比較增減-百分比;本年度截至本月份累計實際數;本年度截至本月份累計預算數;本年度截至本月份累計比較增減;本年度截至本月份累計比較增減-百分比;金額;百分比;以前年度保留數;本年度奉准先行辦理數;調整數;本年度可用預算數;累計預算分配數;實際執行數-實支數;實際執行數-應付未付數;實際執行數;實際執行數-百分比;比較增減;比較增減-百分比;契約責任數;結餘款;累計工程進度-預估;累計工程進度-實際,國軍退除役官兵輔導委員會
榮民醫療作業基金月報,國軍退除役官兵輔導委員會106年度榮民醫療作業基金月報,44637,提供國軍退除役官兵輔導委員會106年度榮民醫療作業基金1月至7月月報資訊,SEQNO;LEVEL;BOLD;項目;本年度法定預算數;本月份實際數;本月份預算數;本月份比較增減;本月份比較增減-百分比;本年度截至本月份累計實際數;本年度截至本月份累計預算數;本年度截至本月份累計比較增減;本年度截至本月份累計比較增減-百分比;金額;百分比;以前年度保留數;本年度奉准先行辦理數;調整數;本年度可用預算數;累計預算分配數;實際執行數-實支數;實際執行數-應付未付數;實際執行數;實際執行數-百分比;比較增減;比較增減-百分比;契約責任數;結餘款;累計工程進度-預估;累計工程進度-實際,國軍退除役官兵輔導委員會
榮民醫療作業基金月報資訊,國軍退除役官兵輔導委員會104年度10月榮民醫療作業基金月報資訊,24511,提供國軍退除役官兵輔導委員會104年度10月榮民醫療作業基金月報資訊,SEQNO;LEVEL;BOLD;項目;本年度法定預算數;本月份實際數;本月份預算數;本月份比較增減;本月份比較增減-百分比;本年度截至本月份累計實際數;本年度截至本月份累計預算數;本年度截至本月份累計比較增減;本年度截至本月份累計比較增減-百分比;金額;百分比;以前年度保留數;本年度奉准先行辦理數;調整數;本年度可用預算數;累計預算分配數;實際執行數-實支數;實際執行數-應付未付數;實際執行數;實際執行數-百分比;比較增減;比較增減-百分比;契約責任數;結餘款;累計工程進度-預估;累計工程進度-實際,國軍退除役官兵輔導委員會
榮民醫院占床率,榮民醫院占床率,25841,提供榮民醫院占床率,年月;健保床占床率;臺北榮民總醫院健保床占床率;臺北榮總桃園分院健保床占床率;臺北榮總新竹分院健保床占床率;臺北榮總蘇澳分院健保床占床率;臺北榮總員山分院健保床占床率;臺北榮總玉里分院健保床占床率;臺北榮總鳳林分院健保床占床率;臺北榮總臺東分院健保床占床率;臺中榮民總醫院健保床占床率;臺中榮總埔里分院健保床占床率;臺中榮總嘉義分院健保床占床率;臺中榮總灣橋分院健保床占床率;高雄榮民總醫院健保床占床率;高雄榮總臺南分院健保床占床率;高雄榮總屏東分院健保床占床率;急性一般病床占床率;臺北榮民總醫院急性一般病床占床率;臺北榮總桃園分院急性一般病床占床率;臺北榮總新竹分院急性一般病床占床率;臺北榮總蘇澳分院急性一般病床占床率;臺北榮總員山分院急性一般病床占床率;臺北榮總玉里分院急性一般病床占床率;臺北榮總鳳林分院急性一般病床占床率;臺北榮總臺東分院急性一般病床占床率;臺中榮民總醫院急性一般病床占床率;臺中榮總埔里分院急性一般病床占床率;臺中榮總嘉義分院急性一般病床占床率;臺中榮總灣橋分院急性一般病床占床率;高雄榮民總醫院急性一般病床占床率;高雄榮總臺南分院急性一般病床占床率;高雄榮總屏東分院急性一般病床占床率,國軍退除役官兵輔導委員會
榮民醫院醫事人員數占員工比率,榮民醫院醫事人員數占員工比率,25839,提供榮民醫院醫事人員數占員工比率,年別;臺北榮民總醫院醫事人員數占員工人數比率;臺中榮民總醫院醫事人員數占員工人數比率;高雄榮民總醫院醫事人員數占員工人數比率;12所榮(分)院醫事人員數占員工人數比率,國軍退除役官兵輔導委員會
榮民醫院門急診人次,榮民醫院門急診人次按科別分,25840,提供榮民醫院門急診人次按科別分,年別;臺北榮民總醫院內科門(急)診人次;臺北榮總桃園分院內科門(急)診人次;臺北榮總新竹分院內科門(急)診人次;臺北榮總蘇澳分院內科門(急)診人次;臺北榮總員山分院內科門(急)診人次;臺北榮總玉里分院內科門(急)診人次;臺北榮總鳳林分院內科門(急)診人次;臺北榮總臺東分院內科門(急)診人次;臺中榮民總醫院內科門(急)診人次;臺中榮總埔里分院內科門(急)診人次;臺中榮總嘉義分院內科門(急)診人次;臺中榮總灣橋分院內科門(急)診人次;高雄榮民總醫院內科門(急)診人次;高雄榮總臺南分院內科門(急)診人次;高雄榮總屏東分院內科門(急)診人次;臺北榮民總醫院外科門(急)診人次;臺北榮總桃園分院外科門(急)診人次;臺北榮總新竹分院外科門(急)診人次;臺北榮總蘇澳分院外科門(急)診人次;臺北榮總員山分院外科門(急)診人次;臺北榮總玉里分院外科門(急)診人次;臺北榮總鳳林分院外科門(急)診人次;臺北榮總臺東分院外科門(急)診人次;臺中榮民總醫院外科門(急)診人次;臺中榮總埔里分院外科門(急)診人次;臺中榮總嘉義分院外科門(急)診人次;臺中榮總灣橋分院外科門(急)診人次;高雄榮民總醫院外科門(急)診人次;高雄榮總臺南分院外科門(急)診人次;高雄榮總屏東分院外科門(急)診人次;臺北榮民總醫院其他科別門(急)診人次;臺北榮總桃園分院其他科別門(急)診人次;臺北榮總新竹分院其他科別門(急)診人次;臺北榮總蘇澳分院其他科別門(急)診人次;臺北榮總員山分院其他科別門(急)診人次;臺北榮總玉里分院其他科別門(急)診人次;臺北榮總鳳林分院其他科別門(急)診人次;臺北榮總臺東分院其他科別門(急)診人次;臺中榮民總醫院其他科別門(急)診人次;臺中榮總埔里分院其他科別門(急)診人次;臺中榮總嘉義分院其他科別門(急)診人次;臺中榮總灣橋分院其他科別門(急)診人次;高雄榮民總醫院其他科別門(急)診人次;高雄榮總臺南分院其他科別門(急)診人次;高雄榮總屏東分院其他科別門(急)診人次,國軍退除役官兵輔導委員會
法定預算(公務預算),國軍退除役官兵輔導委員會105年度法定預算(公務預算),27269,國軍退除役官兵輔導委員會105年度法定預算(公務預算),,國軍退除役官兵輔導委員會
法規,國軍退除役官兵輔導委員會法規,11014,提供國軍退除役官兵輔導委員會主管法規內容之網頁連結,法規類別;法規名稱;網址,國軍退除役官兵輔導委員會
照顧服務輔導統計資訊,國軍退除役官兵輔導委員會照顧服務輔導統計資訊,11413,提供國軍退除役官兵輔導委員會榮民照顧服務輔導統計資訊,年月;榮民子女獎學金發放人次;遺眷子女獎學金發放人次;就養榮民子女助學金發放人次;榮民急難救助暨災害慰問人次;第二類退除役官兵急難救助暨災害慰問人次;清寒榮民三節慰問發放人次;823及619未就養榮民三節慰問發放人次;榮民遺眷三節慰問發放人次;榮民遺孤三節慰問發放人次;第二類退除役官兵三節慰問發放人次,國軍退除役官兵輔導委員會
生活光廊商店街資訊,生活光廊商店街資訊,94828,高雄榮總生活光廊商店街，供應各種商品與餐飲。資料提供依各店家類別分為飲食、便利、用品服飾四類，並各別提供商店名稱、營業項目、營業地點、營業時間及聯絡電話供查詢。,類別;商店名稱;營業項目;營業地點;營業時間;聯絡電話,高雄榮民總醫院
職技訓練課程資訊,國軍退除役官兵輔導委員會職技訓練課程資訊,127380,提供國軍退除役官兵輔導委員會職技訓練課程資訊,機構名稱;課程種類;課程名稱;是否全天;開訓日期;結訓日期;訓練時數;名額,國軍退除役官兵輔導委員會
臺中榮民總醫院作業基金補(捐)助其他政府機關或團體私人經費報告表,臺中榮民總醫院作業基金105年補（捐）助其他政府機關或團體私人經費報告表,45375,公共資訊: 係指各種財政統計報表、政策新聞、資訊服務、法律等相關資料集,檔案名稱;下載網址,臺中榮民總醫院
臺中榮民總醫院作業基金補(捐)助其他政府機關或團體私人經費報告表,臺中榮民總醫院作業基金106年補（捐）助其他政府機關或團體私人經費報告表,75492,公共資訊: 係指各種財政統計報表、政策新聞、資訊服務、法律等相關資料集,檔案名稱;下載網址,臺中榮民總醫院
臺中榮民總醫院作業基金補(捐)助其他政府機關或團體私人經費報告表,臺中榮民總醫院作業基金107年補（捐）助其他政府機關或團體私人經費報告表,98164,公共資訊: 係指各種財政統計報表、政策新聞、資訊服務、法律等相關資料集,檔案名稱;下載網址,臺中榮民總醫院
臺中榮民總醫院作業基金補(捐)助其他政府機關或團體私人經費報告表,臺中榮民總醫院作業基金108年補（捐）助其他政府機關或團體私人經費報告表,115942,補（捐）助其他政府機關或團體私人經費報告表,檔案名稱;下載網址,臺中榮民總醫院
臺北榮民總醫院對民間團體或個人之補捐助經費,106年臺北榮民總醫院對民間團體或個人之補捐助經費,45127,公共資訊: 係指各種財政統計報表、政策新聞、資訊服務、法律等相關資料集,檔案名稱;下載網址,臺北榮民總醫院
臺北榮民總醫院對民間團體或個人之補捐助經費,臺北榮民總醫院107年對民間團體或個人之補捐助經費,77229,臺北榮民總醫院107年對民間團體或個人之補捐助經費,檔案名稱;下載網址,臺北榮民總醫院
臺北榮民總醫院對民間團體或個人之補捐助經費,臺北榮民總醫院109年對民間團體或個人之補捐助經費,129927,臺北榮民總醫院109年針對民間團體及個人之補捐款經費資料,檔案名稱;下載網址,臺北榮民總醫院
臺北榮總捐助公益明細表,105年臺北榮總捐助公益明細表,103275,105年臺北榮總捐助公益明細表,檔案名稱;下載網址,臺北榮民總醫院
行政規則,國軍退除役官兵輔導委員會行政規則,11016,提供國軍退除役官兵輔導委員會主管行政規則內容之網頁連結,行政規則類別;行政規則名稱;網址,國軍退除役官兵輔導委員會
資料開放諮詢小組會議紀錄,國軍退除役官兵輔導委員會資料開放諮詢小組會議紀錄,123277,國軍退除役官兵輔導委員會資料開放諮詢小組歷次會議紀錄清單,會議名稱;日期;時間;地點;主席;會議紀錄,國軍退除役官兵輔導委員會
辦理人民申請提供政府資訊案件統計,國軍退除役官兵輔導委員會辦理人民申請提供政府資訊案件統計,90406,國軍退除役官兵輔導委員會及其所屬服務機構辦理人民申請提供政府資訊案件統計,機關名稱;資料時間;本月已辦結之申請提供政府資訊案件總數─檔案應用;本月已辦結之申請提供政府資訊案件總數─其他政府資訊;申請內容全部核准案件數─檔案應用;申請內容全部核准案件數─其他政府資訊;申請內容部分核准案件數─檔案應用;申請內容部分核准案件數─其他政府資訊;申請內容全部駁回案件數─檔案應用;申請內容全部駁回案件數─其他政府資訊,國軍退除役官兵輔導委員會
退輔會全球資訊網站最新消息,退輔會全球資訊網站最新消息,6427,提供退輔會全球資訊網站就業、就學、就養、就醫及其他服務照顧最新消息,全球資訊網站就業;就學;就養;就醫;服務照顧,國軍退除役官兵輔導委員會
退輔會就養榮民人數統計表,退輔會就養榮民人數統計表,7225,本資料集主要提供退輔會就養榮民人數統計表,年月;公費內住榮家榮民人數;自費內住榮家榮民人數;大陸地區長期居住榮民人數;公費外住榮民人數;榮家公費床數;榮家自費床數;榮家公費床實際占床數;榮家自費床實際占床數;榮家保健組門急診治療人次,國軍退除役官兵輔導委員會
退輔會所屬安養機構基本資料,退輔會所屬安養機構基本資料,6124,提供退輔會所屬安養機構聯絡地址、電話及傳真,單位名稱;地址;電話;傳真,國軍退除役官兵輔導委員會
退輔會所屬安養機構現有床位數,退輔會所屬安養機構現有床位數,6125,提供退輔會附屬安養機構現有公費床位數及就養自費安養床位數,總計;小計;公費就養;自費安養,國軍退除役官兵輔導委員會
退輔會所屬服務機構基本資料,退輔會所屬服務機構基本資料,7407,本資料集主要提供退輔會所屬服務機構聯絡地址、電話及傳真,單位名稱;聯絡地址;電話;傳真,國軍退除役官兵輔導委員會
退輔會所屬農林遊憩區基本資料,退輔會所屬農林遊憩區基本資料,6126,提供退輔會所屬農林遊憩區聯絡地址、電話及傳真,單位名稱;地址;電話;傳真,國軍退除役官兵輔導委員會
退輔會所屬醫療機構基本資料,退輔會所屬醫療機構基本資料,6122,提供退輔會所屬醫療機構聯絡地址、電話及傳真,單位名稱;地址;聯絡電話;傳真,國軍退除役官兵輔導委員會
退輔會所屬醫療機構開設病床數,退輔會所屬醫療機構開設病床數,6123,提供退輔會所屬醫療機構健保病床數及公務預算病床數資料,年月;榮總院健保病床數;榮院公務護理之家開設床位數;榮院自費護理之家開設床位數;榮總院精神日間治療開設病床數;六類一目榮民及遺眷門急診人次;一至五類榮民門急診人次;第二類退除役官兵(具補助身分者)門急診人次;軍警消海巡及空勤人員門急診人次;其他健保病人門急診人次;非健保病人門急診人次;健保病床住院人日;公務預算床住院人日;總占床率;健保床占床率;急性一般病床占床率,國軍退除役官兵輔導委員會
退輔會投資之民營公司資料,退輔會投資之民營公司資料,7218,本資料集主要提供退輔會投資之民營公司資料,項次;機構名稱;營業內容;會股代表人職稱;會股代表人姓名;連絡地址;連絡電話,國軍退除役官兵輔導委員會
退輔會榮民服務處進修訓練課程資訊,退輔會102年度榮民服務處進修訓練課程資訊,6430,退輔會依據國軍退除役官兵輔導條例第13條提供榮民(眷)就業及轉業所需專長進修訓練,項次;機構名稱;課程種類;課程名稱;開訓日期;結訓日期;訓練時數(小時);名額(人),國軍退除役官兵輔導委員會
退輔會榮民服務處進修訓練課程資訊,退輔會103年度榮民服務處進修訓練課程資訊,8499,退輔會依據國軍退除役官兵輔導條例第13條提供榮民(眷)就業及轉業所需專長進修訓練,機構名稱;課程種類;課程名稱;開訓日期;結訓日期;訓練時數;名額,國軍退除役官兵輔導委員會
退輔會武陵農場休閒農莊房價表,退輔會武陵農場休閒農莊房價表,7211,本資料集主要提供武陵農場休閒農莊房價資料,房型名稱;平日;假日;備註,國軍退除役官兵輔導委員會
退輔會武陵農場入門收費表,退輔會武陵農場入門收費表,7209,本資料集主要提供武陵農場入門收費資料,項目;定價;備註,國軍退除役官兵輔導委員會
退輔會武陵農場國民賓館本棟房價表,退輔會武陵農場國民賓館本棟房價表,7210,本資料集主要提供武陵農場國民賓館本棟房價資料,房型名稱;平日;假日;備註,國軍退除役官兵輔導委員會
退輔會武陵農場山水館房價表,退輔會武陵農場山水館房價表,7212,本資料集主要提供陵農場山水館房價資料,房型名稱;平日;假日;備註,國軍退除役官兵輔導委員會
退輔會武陵農場露營位價目表,退輔會武陵農場露營位價目表,7213,本資料集主要提供武陵農場露營位價目資料,營位名稱;金額;備註,國軍退除役官兵輔導委員會
退輔會武陵農場露營屋價目表,退輔會武陵農場露營屋價目表,7214,本資料集主要提供武陵農場露營屋價目資料,露營屋;金額;備註,國軍退除役官兵輔導委員會
退輔會海外榮光聯誼會,退輔會海外榮光聯誼會,6841,為聯繫僑居海外地區之國軍退除役官兵及其眷屬，協助成立海外榮光聯誼會，加強團結互助及推展國民外交，榮光會之基本任務： 一、增進本地區國軍退除役官兵及其眷屬之團結及共同福利。 二、促進與地主國退伍軍人組織之聯誼及相互觀摩。 三、增進與地主國人民之友誼。 四、配合本國重要節日舉辦慶祝紀念活動。 五、結合當地僑胞拓展國民外交。,"序號,名稱",國軍退除役官兵輔導委員會
退輔會清境農場客房價表,退輔會清境農場客房價表,7217,本資料集主要提供清境農場客房價目資料,房型名稱;定價;房數;床型;坪數,國軍退除役官兵輔導委員會
退輔會福壽山農場入門收費表,退輔會福壽山農場入門收費表,7219,本資料集主要提供提供福壽山農場門票資料,票別;假日票價;平日票價;備註,國軍退除役官兵輔導委員會
退輔會福壽山農場客房價表,退輔會福壽山農場客房價表,7216,本資料集主要提供福壽山農場客房價資料,房型名稱;平日房價;假日房價,國軍退除役官兵輔導委員會
退輔會福壽山農場網站最新消息,退輔會福壽山農場網站最新消息,6428,提供退輔會所屬福壽山農場網站最新消息,"標題,日期",國軍退除役官兵輔導委員會
退輔會福壽山農場露營區營位價目表,退輔會福壽山農場露營區營位價目表,7215,本資料集主要提供福壽山農場露營區營位價目資料,項目;假日定價;平日定價;說明,國軍退除役官兵輔導委員會
退輔會訓練中心榮民(眷)職技訓練課程資訊,退輔會102年度訓練中心榮民(眷)職技訓練課程資訊,6840,退輔會依據國軍退除役官兵輔導條例第13條提供榮民(眷)就業及轉業所需職業技術專長訓練，主要區分日間養成訓練、夜間進修訓練、短期訓練及委外專長訓練等4大類，訓練職類主要涵蓋機械修護職群、物業管理職群、精密機械職群、資訊服務職群、餐飲服務職群等五大職群。,項次;機構名稱;課程種類;課程名稱;開訓日期;結訓日期;訓練時數(小時);名額(人),國軍退除役官兵輔導委員會
退輔會訓練中心榮民(眷)職技訓練課程資訊,退輔會103年度訓練中心榮民(眷)職技訓練課程資訊,8500,退輔會依據國軍退除役官兵輔導條例第13條提供榮民(眷)就業及轉業所需職業技術專長訓練，主要區分日間養成訓練、夜間進修訓練、短期訓練及委外專長訓練等4大類，訓練職類主要涵蓋機械修護職群、物業管理職群、精密機械職群、資訊服務職群、餐飲服務職群等五大職群。,機構名稱;課程種類;課程名稱;開訓日期;結訓日期;訓練時數;名額,國軍退除役官兵輔導委員會
退輔會輔導就學榮民人數統計表,退輔會輔導就學榮民人數統計表,7220,本資料集主要提供退輔會輔導就學榮民人數統計表,年月;就讀博士榮民人數;就讀碩士榮民人數;就讀大學榮民人數;就讀專科榮民人數;就讀博士第二類退除役官兵人數;就讀碩士第二類退除役官兵人數;就讀大學第二類退除役官兵人數;就讀專科第二類退除役官兵人數,國軍退除役官兵輔導委員會
退輔會輔導就學歷年榮民畢業人數統計表,退輔會輔導就學歷年榮民畢業人數統計表,7221,本資料集主要提供退輔會輔導就學歷年榮民畢業人數統計表,學年度;博士班;碩士班;大學;專科,國軍退除役官兵輔導委員會
退輔會輔導就業榮民(眷)人數統計表,退輔會輔導就業榮民(眷)人數統計表,7222,本資料集主要提供退輔會輔導就業榮民(眷)人數統計表,年月;榮民創業(會內)就業人數;第二類退除役官兵創業(會內)就業人數;榮眷創業(會內)就業人數;榮民介紹(會外)就業人數;第二類退除役官兵介紹(會外)就業人數;榮眷介紹(會外)就業人數;本會訓練中心開訓班次;本會訓練中心開訓人數;本會訓練中心結訓班次;本會訓練中心結訓人數,國軍退除役官兵輔導委員會
退輔會附屬訓練機構職技訓練結訓人數統計表,退輔會附屬訓練機構職技訓練結訓人數統計表,7224,本資料集主要提供退輔會附屬訓練機構職技訓練結訓人數統計表,年月;榮民創業(會內)就業人數;第二類退除役官兵創業(會內)就業人數;榮眷創業(會內)就業人數;榮民介紹(會外)就業人數;第二類退除役官兵介紹(會外)就業人數;榮眷介紹(會外)就業人數;本會訓練中心開訓班次;本會訓練中心開訓人數;本會訓練中心結訓班次;本會訓練中心結訓人數,國軍退除役官兵輔導委員會
退輔會附屬訓練機構職技訓練開訓人數統計表,退輔會附屬訓練機構職技訓練開訓人數統計表,7223,本資料集主要提供退輔會附屬訓練機構職技訓練開訓人數統計表,年月;榮民創業(會內)就業人數;第二類退除役官兵創業(會內)就業人數;榮眷創業(會內)就業人數;榮民介紹(會外)就業人數;第二類退除役官兵介紹(會外)就業人數;榮眷介紹(會外)就業人數;本會訓練中心開訓班次;本會訓練中心開訓人數;本會訓練中心結訓班次;本會訓練中心結訓人數,國軍退除役官兵輔導委員會
退除役官兵人數統計,第二類退除役官兵人數統計,113705,提供第二類退除役官兵人數統計,年月;未滿25歲第二類退除役官兵人數;25-未滿30歲第二類退除役官兵人數;30-未滿35歲第二類退除役官兵人數;35歲以上第二類退除役官兵人數;服役4-未滿5年第二類退除役官兵人數;服役5-未滿6年第二類退除役官兵人數;服役6-未滿7年第二類退除役官兵人數;服役7-未滿8年第二類退除役官兵人數;服役8-未滿9年第二類退除役官兵人數;服役9-未滿10年第二類退除役官兵人數;男性第二類退除役官兵人數;女性第二類退除役官兵人數;軍官退伍第二類退除役官兵人數;士官兵退伍第二類退除役官兵人數,國軍退除役官兵輔導委員會
退除役官兵暨國軍上校以上軍官轉任公務人員特種考試人數,退除役官兵暨國軍上校以上軍官轉任公務人員特種考試人數,25837,提供退除役官兵暨國軍上校以上軍官轉任公務人員特種考試人數,年別;退除役官兵轉任公務人員特種考試三(乙)等考試報考人數;退除役官兵轉任公務人員特種考試三(乙)等考試錄取人數;退除役官兵轉任公務人員特種考試四(丙)等考試報考人數;退除役官兵轉任公務人員特種考試四(丙)等考試錄取人數;退除役官兵轉任公務人員特種考試五(初)等考試報考人數;退除役官兵轉任公務人員特種考試五(初)等考試錄取人數;國軍上校以上軍官轉任公務人員特種考試報考人數;國軍上校以上軍官轉任公務人員特種考試錄取人數,國軍退除役官兵輔導委員會
退除役官兵輔導狀況,第二類退除役官兵輔導狀況,113706,提供第二類退除役官兵輔導狀況,年月;輔導第二類退除役官兵總人次;輔導第二類退除役官兵就業人次;輔導第二類退除役官兵就醫(門急診)人次;輔導第二類退除役官兵職業訓練人次;輔導第二類退除役官兵就學獎補助及就業考試進修補助人次;輔導第二類退除役官兵各項服務照顧人次,國軍退除役官兵輔導委員會
醫療基金委託調查會費捐助及公益支出表,國軍退除役官兵輔導委員會醫療基金委託調查會費捐助及公益支出表,11723,提供國軍退除役官兵輔導委員會醫療基金委託調查會費捐助及公益支出表資訊,檔案名稱;下載網址,國軍退除役官兵輔導委員會
醫療基金審定決算,國軍退除役官兵輔導委員會醫療基金104年度審定決算,11624,提供國軍退除役官兵輔導委員會醫療基金決算資訊,SEQNO;LEVEL;BOLD;科目;本年度預算數-金額;本年度預算數-百分比;本年度決算數-金額;本年度決算數-百分比;比較增減-金額;比較增減-百分比;上年度決算數-金額;上年度決算數-百分比;項目;預算數;決算數,國軍退除役官兵輔導委員會
醫療基金審定決算,國軍退除役官兵輔導委員會醫療基金105年度審定決算,53237,國軍退除役官兵輔導委員會醫療基金105年度審定決算,SEQNO;LEVEL;BOLD;科目;本年度預算數-金額;本年度預算數-百分比;本年度決算數-金額;本年度決算數-百分比;比較增減-金額;比較增減-百分比;上年度決算數-金額;上年度決算數-百分比;項目;預算數;決算數,國軍退除役官兵輔導委員會
醫療基金審定決算,國軍退除役官兵輔導委員會醫療基金106年度審定決算,90301,國軍退除役官兵輔導委員會醫療基金106年度審定決算,SEQNO;LEVEL;BOLD;科目;本年度預算數-金額;本年度預算數-百分比;本年度決算數-金額;本年度決算數-百分比;比較增減-金額;比較增減-百分比;上年度決算數-金額;上年度決算數-百分比;項目;預算數;決算數,國軍退除役官兵輔導委員會
醫療基金審定決算,國軍退除役官兵輔導委員會醫療基金107年度審定決算,106938,國軍退除役官兵輔導委員會醫療基金107年度審定決算,SEQNO;LEVEL;BOLD;科目;本年度預算數-金額;本年度預算數-百分比;本年度決算數-金額;本年度決算數-百分比;比較增減-金額;比較增減-百分比;上年度決算數-金額;上年度決算數-百分比;項目;預算數;決算數,國軍退除役官兵輔導委員會
醫療基金月報,國軍退除役官兵輔導委員會醫療基金月報(106年度8月-11月),54229,提供國軍退除役官兵輔導委員會醫療基金106年度8月以後月報資訊,SEQNO;LEVEL;BOLD;項目;本年度法定預算數;本月份實際數;本月份預算數;本月份比較增減;本月份比較增減-百分比;本年度截至本月份累計實際數;本年度截至本月份累計預算數;本年度截至本月份累計比較增減;本年度截至本月份累計比較增減-百分比;金額;百分比;以前年度保留數;本年度奉准先行辦理數;調整數;本年度可用預算數;累計預算分配數;實際執行數-實支數;實際執行數-應付未付數;實際執行數;實際執行數-百分比;比較增減;比較增減-百分比;契約責任數;結餘款;累計工程進度-預估;累計工程進度-實際,國軍退除役官兵輔導委員會
醫療基金月報,國軍退除役官兵輔導委員會醫療基金月報(106年度12月-107年度7月),85492,國軍退除役官兵輔導委員會醫療基金月報(106年度12月-107年度7月),會計年度;月份;款;項;目;節;預算年度;預算科目編號;預算科目名稱;細目編號;細目名稱;原預算數;追加減數;截至本月止累計分配數_1;本月實現數;截至本月止累計實現數_2;應收收入數_3;分配數預算餘額_4;分支計畫編號;分支計畫名稱;用途別編號;用途別名稱;第一預備金;第二預備金;經費流用數;預算調整數;應付數;已分配尚未執行數;備註_預暫付數;以前年度轉入數;應收數;保留數;減免;截至本月止累計實現數;調整數;尚未執行數;基金別;會計分類;使用機關別;科目分類;會計科目編號;會計科目名稱;金額;科目名稱;取得成本;以前年度累計折舊_長期投資評價;本年度資本資產成本變動_增加數;本年度資本資產成本變動_減少數;本年度累計折舊_長期投資評價變動數;期末帳面金額;備註;業務計畫或工作計畫;經資門;執行數;項目;收入實現數;減項_收入待納庫數;加項_以前年度待納庫繳庫數;加項_以前年度撥款於本年度繳還數_材料;加項_以前年度撥款於本年度繳還數_存出保證金;加項_以前年度撥款於本年度繳還數_其他應收款;加項_預收款;加項_剔除經費;繳付公庫數;一級用途別編號;一級用途別名稱;支出實現數;加項_預付款;加項_材料;加項_存出保證金;加項_零用金;加項_退還收入預收款;加項_其他應收款;減項_以前年度撥款於本年度實現數;公庫撥入數;公庫分配數餘額;金額_本月數;金額_累計數;年度預算數;SEQNO;LEVEL;BOLD;本年度法定預算數;本月份實際數;本月份預算數;本月份比較增減;本月份比較增減-百分比;本年度截至本月份累計實際數;本年度截至本月份累計預算數;本年度截至本月份累計比較增減;本年度截至本月份累計比較增減-百分比;百分比;以前年度保留數;本年度奉准先行辦理數;本年度可用預算數;累計預算分配數;實際執行數-實支數;實際執行數-應付未付數;實際執行數;實際執行數-百分比;比較增減;比較增減-百分比;契約責任數;結餘款;累計工程進度-預估;累計工程進度-實際,國軍退除役官兵輔導委員會
醫療基金月報,國軍退除役官兵輔導委員會醫療基金月報(107年8月至12月),95088,提供國軍退除役官兵輔導委員會醫療基金107年度8月以後月報,SEQNO;LEVEL;BOLD;項目;本年度法定預算數;本月份實際數;本月份預算數;本月份比較增減;本月份比較增減-百分比;本年度截至本月份累計實際數;本年度截至本月份累計預算數;本年度截至本月份累計比較增減;本年度截至本月份累計比較增減-百分比;金額;百分比;以前年度保留數;本年度奉准先行辦理數;調整數;本年度可用預算數;累計預算分配數;實際執行數-實支數;實際執行數-應付未付數;實際執行數;實際執行數-百分比;比較增減;比較增減-百分比;契約責任數;結餘款;累計工程進度-預估;累計工程進度-實際,國軍退除役官兵輔導委員會
醫療基金月報,國軍退除役官兵輔導委員會醫療基金108年度月報,103437,國軍退除役官兵輔導委員會醫療基金108年度月報,SEQNO;LEVEL;BOLD;項目;本年度法定預算數;本月份實際數;本月份預算數;本月份比較增減;本月份比較增減-百分比;本年度截至本月份累計實際數;本年度截至本月份累計預算數;本年度截至本月份累計比較增減;本年度截至本月份累計比較增減-百分比;金額;百分比;以前年度保留數;本年度奉准先行辦理數;調整數;本年度可用預算數;累計預算分配數;實際執行數-實支數;實際執行數-應付未付數;實際執行數;實際執行數-百分比;比較增減;比較增減-百分比;契約責任數;結餘款;累計工程進度-預估;累計工程進度-實際,國軍退除役官兵輔導委員會
醫療基金月報,國軍退除役官兵輔導委員會醫療基金109年度月報,118219,國軍退除役官兵輔導委員會醫療基金109年度月報,SEQNO;LEVEL;BOLD;科目;本年度法定預算數;本月份實際數;本月份預算數;本月份比較增減-金額;本月份比較增減-百分比;本年度截止本月份實際數;本年度截止本月份預算數;本年度截止本月份比較增減-金額;本年度截至本月份累計比較增減-百分比;科目代碼;金額;百分比;計畫名稱;以前年度保留數;本年度奉准先行辦理數;調整數;合計;累計預算分配數;實支數;應付未付數;實際執行數-合計;累計執行數-百分比;比較增減;比較增減-百分比;差異或落後原因;改進措施,國軍退除役官兵輔導委員會
醫療基金法定預算,國軍退除役官兵輔導委員會醫療基金105年度法定預算,11611,提供國軍退除役官兵輔導委員會醫療基金預算資訊,SEQNO;LEVEL;BOLD;前年度決算數-金額;前年度決算數-百分比;科目;本年度預算數-金額;本年度預算數-百分比;上年度預算數-金額;上年度預算數-百分比;比較增減-金額;比較增減-百分比;項目;說明;預算數,國軍退除役官兵輔導委員會
醫療基金法定預算,國軍退除役官兵輔導委員會醫療基金104年度法定預算,12607,提供國軍退除役官兵輔導委員會104年度醫療基金預算,SEQNO;LEVEL;BOLD;前年度決算數-金額;前年度決算數-百分比;科目;本年度預算數-金額;本年度預算數-百分比;上年度預算數-金額;上年度預算數-百分比;比較增減-金額;比較增減-百分比;項目;說明;預算數,國軍退除役官兵輔導委員會
醫療基金法定預算,國軍退除役官兵輔導委員會醫療基金107年度法定預算,54324,提供國軍退除役官兵輔導委員會醫療基金106年度以後預算資訊,SEQNO;LEVEL;BOLD;前年度決算數-金額;前年度決算數-百分比;科目;本年度預算數-金額;本年度預算數-百分比;上年度預算數-金額;上年度預算數-百分比;比較增減-金額;比較增減-百分比;項目;說明;預算數,國軍退除役官兵輔導委員會
醫療基金法定預算,國軍退除役官兵輔導委員會醫療基金106年度法定預算,90309,國軍退除役官兵輔導委員會醫療基金106年度預算,SEQNO;LEVEL;BOLD;前年度決算數-金額;前年度決算數-百分比;科目;本年度預算數-金額;本年度預算數-百分比;上年度預算數-金額;上年度預算數-百分比;比較增減-金額;比較增減-百分比;項目;說明;預算數,國軍退除役官兵輔導委員會
醫療基金法定預算,國軍退除役官兵輔導委員會醫療基金108年度法定預算,114487,提供國軍退除役官兵輔導委員會醫療基金108年度法定預算資訊,SEQNO;LEVEL;BOLD;前年度決算數-金額;前年度決算數-百分比;科目;本年度預算數-金額;本年度預算數-百分比;上年度預算數-金額;上年度預算數-百分比;比較增減-金額;比較增減-百分比;項目;說明;預算數,國軍退除役官兵輔導委員會
醫療基金自編決算,國軍退除役官兵輔導委員會醫療基金104年度自編決算,28168,提供國軍退除役官兵輔導委員會104年度榮民醫療作業基金自編決算資訊,SEQNO;LEVEL;BOLD;科目;本年度預算數-金額;本年度預算數-百分比;本年度決算數-金額;本年度決算數-百分比;比較增減-金額;比較增減-百分比;上年度決算數-金額;上年度決算數-百分比;項目;預算數;決算數,國軍退除役官兵輔導委員會
醫療基金自編決算,國軍退除役官兵輔導委員會醫療基金108年度自編決算,118166,國軍退除役官兵輔導委員會醫療基金108年度自編決算,SEQNO;LEVEL;BOLD;科目;本年度預算數-金額;本年度預算數-百分比;本年度決算數-金額;本年度決算數-百分比;比較增減-金額;比較增減-百分比;上年度決算數-金額;上年度決算數-百分比;項目;預算數;決算數,國軍退除役官兵輔導委員會
醫療基金預算案,國軍退除役官兵輔導委員會醫療基金107年度預算案,40458,國軍退除役官兵輔導委員會醫療基金107年度預算案,SEQNO;LEVEL;BOLD;前年度決算數-金額;前年度決算數-百分比;科目;本年度預算數-金額;本年度預算數-百分比;上年度預算數-金額;上年度預算數-百分比;比較增減-金額;比較增減-百分比;項目;說明;預算數,國軍退除役官兵輔導委員會
預算案(公務預算),國軍退除役官兵輔導委員會106年度預算案(公務預算),40036,國軍退除役官兵輔導委員會106年度預算案(公務預算),,國軍退除役官兵輔導委員會
高雄榮民總醫院公益支出及補(捐)助經費,106年高雄榮民總醫院公益支出及補(捐)助經費,45733,106年高雄榮民總醫院公益支出及補(捐)助經費,檔案名稱;下載網址,高雄榮民總醫院
高雄榮民總醫院公益支出及補(捐)助經費,107年高雄榮民總醫院公益支出及補(捐)助經費,77360,高雄榮民總醫院公益支出及補(捐)助經費一覽表,檔案名稱;下載網址,高雄榮民總醫院
