(年)檔案數量統計表,['45626']
106-井下應變儀資料處理暨地殼變形分析(1-4),['77881']
106-活動斷層帶大地測量-測量成果報告,"['77882', '77883', '77884']"
107-GNSS測量總報告,['112056']
107-活動斷層近地表構造特性調查總報告,['112059']
107-精密水準測量總報告,['112057']
1百萬分之1臺灣區域地質圖數值檔-臺灣,['6694']
1秒搞懂政府網站創意競賽得獎名單,['41463']
1至97章中國大陸物品開放及不開放情形統計,['41508']
2015-2017資訊服務產業專業人才需求調查,['16404']
2015IPO得獎名單,['32488']
2016鐙烜獎獲獎名單,['32613']
2017智慧機械產學合作人才培育執行成果文宣,['86545']
2017鐙烜獎得獎名單,['45317']
2十5萬分之1臺灣區域地質圖數值檔-臺灣,['6695']
30分鐘快速上手集水區地形及地質資料庫應用服務,['45253']
3大科學園區公司資料集,['29277']
5萬分之1地質圖幅索引圖,['8293']
APEC小辭典,['41505']
APICTA Awards歷年競賽我國得獎名單,['29786']
AU 類自動化技術服務機構登錄合格名單,['32451']
CITES許可文件資料,['41510']
DS Forum參展廠商名單,['22220']
ECFA早收清單業管機關聯絡窗口,['22246']
FINDIT平台-新創企業補給站-中央各部會,['95996']
FINDIT平台-研究專區,['95995']
GEM報告,['16378']
HACCP外銷食品加工廠認可登錄廠商資料集,['30177']
ISO認可登錄廠商查詢,['5978']
LED產業專業人才需求調求,['22240']
List of Antidumping Investigation Cases,['45619']
List of Antidumping Review Cases,['45620']
List of Safeguard Investigation Cases,['45621']
Mobileheroes 通訊大賽歷屆得獎作品團隊,['22326']
OTOP城鄉特色網店家列表,['45359']
"Open Data of What's New of International trade Commission, the Ministry of Economic Affairs",['45622']
Open Data創新應用競賽歷年得獎名單,['41462']
Open Data跨國黑客松歷年得獎名單,['59633']
Program participants share their experiences,['77851']
SBTR績優廠商,['128508']
WTO小詞典,['22660']
「A+企業創新研發淬鍊計畫」-「前瞻技術研發計畫」補助計畫清單,['45602']
「A+企業創新研發淬鍊計畫」-「整合型研發計畫」補助計畫清單,['45603']
「A+企業創新研發淬鍊計畫」-「鼓勵國內企業在台設立研發中心」補助計畫清單,['110295']
「國際技術合作計畫」研習統計,['8856']
「智慧手持裝置核心技術攻堅計畫」人才培訓課程資訊,['29814']
「重要原物料國內外市場情勢分析及研究」執行成果報告,['29964']
一般塗料類驗證登錄證書資料集,['41582']
上市櫃公司對外投資事業名錄,['7076']
上市櫃公司赴中國大陸投資事業名錄,['7077']
世界貿易組織WTO會員,['30167']
中區水資源局轄管水庫、堰、壩洩洪訊息,['58343']
中國大陸進口其他類不安全商品,['63036']
中國大陸進口化工類不安全商品,['63033']
中國大陸進口機械類不安全商品資訊,['59604']
中國大陸進口電子類不安全商品,['63027']
中國大陸進口電機類不安全商品資訊,['59608']
中國石油化學工業開發股份有限公司申請對自美國、日本及韓國進口之丙烯腈課徵反傾銷稅暨臨時課徵反傾銷稅並依法追溯課徵案產業損害初步調查公開資料,['22965']
中國鋼鐵股份有限公司、燁輝企業股份有限公司、裕鐵企業股份有限公司、盛餘股份有限公司、中鴻鋼鐵股份有限公司及欣建工業股份有限公司等6家公司申請對自中國大陸及韓國產製進口特定鍍鋅、鋅合金扁軋鋼品課徵反傾銷稅、臨時課徵反傾銷稅暨回溯課徵反傾銷稅案產業損害調查公開資料,['32550']
中國鋼鐵股份有限公司申請對自中國大陸及韓國產製進口之碳鋼冷軋鋼品課徵反傾銷稅暨臨時課徵反傾銷稅案產業損害初步調查公開資料,['25805']
中國鋼鐵股份有限公司申請對自巴西、中國大陸、印度、印尼、韓國及烏克蘭產製進口碳鋼鋼板課徵反傾銷稅、臨時課徵反傾銷稅暨回溯課徵反傾銷稅案產業損害調查公開資料,['32549']
中國鋼鐵股份有限公司申請對自日本產製進口之非方向性低規電磁鋼片課徵反傾銷稅暨臨時課徵反傾銷稅案產業損害初步調查公開資料,['25806']
中國鋼鐵股份有限公司申請對自韓國及印度產製進口碳鋼鋼板課徵反傾銷稅暨臨時課徵反傾銷稅案產業損害初步調查公開資料,['25807']
中堅企業獲獎名單,['29790']
中央地質調所土壤液化潛勢圖,['28708']
中央地質調查所-會計月報,['18620']
中央地質調查所_出國報告,['22819']
中央地質調查所_單位決算書,"['16781', '21027']"
中央地質調查所_單位法定預算,['21028']
中央地質調查所_單位預算,['12319']
中央地質調查所_單位預算(法定預算),['16782']
中央地質調查所_單位預算(預算案),['16783']
中央地質調查所_單位預算案,['21029']
中央地質調查所_機關典藏-地質百科,['13633']
中央地質調查所_流域地層界線,"['11001', '11002', '11003', '11004', '11005', '11006']"
中央地質調查所_航照判釋山崩目錄,['13686']
中央地質調查所出版品、調查及研究報告等,"['103247', '103248', '103249']"
中央地質調查所勞務外包,['32510']
中央地質調查所地質審議委員會設置要點,['45241']
中央地質調查所委託專業服務,['32513']
中央地質調查所委託技術服務,['32506']
中央地質調查所委託資訊服務,['32505']
中央地質調查所機關典藏(含出版品、調查及研究報告等),['16684']
中央地質調查所研究發展工作實施要點,['45242']
中央地質調查所統一代碼,['16779']
中央地質調查所財務採購,['32507']
中央機關所屬公營事業或政府持有資本達百分之2十之民營企業(主管業務部分),['86354']
中央管區域排水設施範圍公告一覽表,['58679']
中央管排水,['32732']
中央管水門,['32722']
中央管河川河堤,['32730']
中央管河川河川區域公告一覽表,['58681']
中央管海堤,['32731']
中小企業協會服務窗口,['29978']
中小企業即時技術輔導計畫通過業者名單,['16394']
中小企業參與政府採購常見問題(FAQ),['45358']
中小企業員工加薪薪資費用加成減除辦法,['86657']
中小企業增僱員工薪資費用加成減除辦法,['86656']
中小企業智權加值服務中心-智權問答,['112556']
中小企業智權加值服務中心-智財專家團隊,['112555']
中小企業榮譽律師基本資料,['32920']
中小企業發展基金出國及赴大陸計畫執行情形,['103810']
中小企業發展基金補捐助團體及個人情形統計表,['16369']
中小企業發展條例,['29979']
中小企業研究發展支出適用投資抵減辦法,['86655']
中小企業網路大學校實體課程,['29793']
中小企業網路大學校會員特性資料統計,['30086']
中小企業網路大學校線上課程,['30085']
中小企業落實消費者保護指引手冊,['29980']
中小企業處-新聞稿,['26132']
中小企業處-活動訊息,['26133']
中小企業處-群聚商品列表,['61161']
中小企業處-重大政策,['26134']
中小企業處_中小企業發展基金會計報告,['20528']
中小企業處_中小企業發展基金決算,['14344']
中小企業處_中小企業發展基金預算,['10719']
中小企業處_內部保有個人資料公告項目,['10722']
中小企業處_前瞻特別預算會計報告,['56958']
中小企業處_單位決算,['12581']
中小企業處_單位預算,['12565']
中小企業處_地方產業發展基金會計報告,['20530']
中小企業處_地方產業發展基金決算,['10720']
中小企業處_地方產業發展基金預算,['12135']
中小企業處_年度施政計畫,['16542']
中小企業處_廣宣影音,['16372']
中小企業處_招標公告,['16370']
中小企業處_會計報告,['20529']
中小企業處_決標公告,['16371']
中小企業處_補捐助團體及個人情形統計表,['10721']
中小企業處_辦理政策宣導廣告彙整表,['10723']
中小企業處辦理國家賠償事件收結情形表,['103809']
中小企業融資服務平台服務項目,['29800']
中小企業行銷價值躍升計畫_優質商品,['22735']
中小企業行銷價值躍升計畫_行銷服務團顧問名單,['22737']
中小企業認定標準,['86654']
中小企業財務融通電子報,['29794']
中小企業財務顧問群,['86660']
中小企業財會知識庫,['86661']
中東及近東地區自臺灣進口產品之市佔情形,['45370']
中東及非洲地區對臺貿易障礙調查報告,['25655']
中東地區駐外單位聯絡資訊,['41504']
中油主產品牌價,['6339']
中油天然氣牌價,['8304']
中油燃料油牌價,['9751']
中油生技經銷商名單,['13185']
中港園區動產擔保交易資料,['32669']
中港園區區內事業名錄資訊,['22289']
中港園區各業別投資金額,['32666']
中港園區各類別採購案件資訊,['41484']
中港園區就業訊息,['16483']
中港園區工廠名錄,['41486']
中港園區年度勞工育樂活動,['32671']
中港園區廠商海關監管資訊,['32667']
中港園區新聞稿清單,['79656']
中港園區於傳媒(含平面、網路、廣播)辦理政策宣導之相關廣告費用統計資訊(公務預算),['16487']
中港園區營業聯絡處所廠商名錄,['22290']
中港園區獲准投資區內事業行業別統計,['25791']
中港園區產業別土地使用狀況,['16503']
中港園區群聚的產業別及廠商名稱,['93996']
中美洲地區自臺灣進口產品之市佔情形,['62467']
中華民國台灣半導體產業協會申請對自美國進口之動態隨機存取記憶體課徵反傾銷稅暨臨時反傾銷稅案產業損害初步調查公開資料,['22966']
中華民國台灣半導體產業協會申請對自美國進口之動態隨機存取記憶體課徵反傾銷稅暨臨時反傾銷稅案產業損害最後調查公開資料,['22970']
中華民國國家標準分類目錄,['16685']
中軟園區土地租用業別資料,['41483']
中部地區水資源管理最新消息,['45505']
中部辦公室_ 訪視輔導列管未登記食品或飼料廠業者清冊,['77817']
中部辦公室_公務預算會計月報,['19033']
中部辦公室_公司登記及證明影印統計表,['10570']
中部辦公室_公司與有限合夥名稱及所營事業預查案件統計資料,['77811']
中部辦公室_公有零售市場基本資料,['59855']
中部辦公室_冷凍空調業廠商資料,['36507']
中部辦公室_冷凍空調業登記家數統計表,['16872']
中部辦公室_印刷品印製勞務委外,['25699']
中部辦公室_各縣市傳統市集、列管攤集場(區)統計表,['10572']
中部辦公室_品牌市集,['95758']
中部辦公室_商品標示業務考核績優單位,['62930']
中部辦公室_單位決算,['19035']
中部辦公室_夜市資料,['95760']
中部辦公室_工程採購契約-無障礙改善施工,['32486']
中部辦公室_工程採購契約-防水施工,['30030']
中部辦公室_改進傳統市場經營管理-市集品牌塑造暨競爭力提升計畫,['29971']
中部辦公室_樂活菜市仔競爭力提升計畫,['22232']
中部辦公室_樂活菜市仔競爭力提升計畫(專案管理中心)委外服務契約,['10686']
中部辦公室_樂活菜市仔競爭力提升計畫(網路市集維運)」委外服務契約,['10690']
中部辦公室_歲入歲出預算表,['10573']
中部辦公室_汽車維修服務定型化契約範本,['16871']
中部辦公室_清潔委外-勞務採購契約,['41529']
中部辦公室_臨時工廠名錄,['45429']
中部辦公室_自用發電設備登記廠商資料,['45430']
中部辦公室_觀光工廠輔導法規命令,['16873']
中部辦公室_零售市場管理條例,['22233']
中部辦公室法定預算,['12732']
中部辦公室預算,['12734']
主管個人資料保護法非公務機關之分工表,['17203']
主管核能發電後端營運基金會計月報,['20424']
主管核能發電後端營運基金決算資料,['20421']
主管核能發電後端營運基金預算案主要表,['12755']
主要礦產品產銷量值表,['6850']
亞太地區對臺貿易障礙調查報告,['25658']
亞太地區駐外單位聯絡資訊,['30168']
亞太經濟合作(APEC)會員,['36489']
亞洲地區自臺灣進口產品之市佔情形,['62474']
亞洲水泥、台灣水泥、幸福水泥、信大水泥及中國力霸等股份有限公司申請對自菲律賓及韓國進口卜特蘭水泥及熟料課徵反傾銷稅暨臨時課徵反傾銷稅案產業損害初步調查公開資料,['22971']
亞洲水泥、台灣水泥、幸福水泥、信大水泥及中國力霸等股份有限公司申請對自菲律賓及韓國進口卜特蘭水泥及熟料課徵反傾銷稅暨臨時課徵反傾銷稅案產業損害最後調查公開資料,['22972']
亞洲水泥股份有限公司等申請對自菲律賓、韓國進口第Ⅰ型、第Ⅱ型卜特蘭水泥暨其熟料課徵反傾銷稅屆滿後繼續課徵案產業損害調查公開資料,['25808']
人工智慧服務產業專業人才需求調查結果報告,['100029']
以色列投資環境簡介,['91856']
企業內部出口管控制度(ICP)認證廠商,['16522']
企業內部出口管控制度(ICP)負責人性別及產業別資料,['36423']
低放射性廢棄物最終處置設施場址選擇小組設置要點,['16673']
低放射性廢棄物最終處置設施選址作業資訊,['109919']
作業基金會計月報,['18570']
來台採購年度活動資訊,['25656']
供水人口及普及率,['6309']
依申請提供資料(含各式法規收費之資料)盤點清單,['89863']
保健食品廠商資料庫,['41430']
保健食品產業服務網,['22368']
保有個人資料檔案,['10490']
保護智慧財產權行動方案,['10578']
信保基金信保通訊月刊,['29795']
信保基金信用保證對象,['29796']
信保基金申請信用保證途徑,['29797']
信保基金簽約金融機構,['16375']
信保基金薪傳學院活動訊息,['16376']
個人資料保護作業手冊,['25139']
個人資料保護推動執行小組設置要點,['17199']
個人資料風險類型暨風險對策參考表,['17201']
個人防護具類驗證登錄證書資料集,['32639']
停水資訊,['6050']
僑外來臺投資分區分業月資料統計,['89755']
僑外來臺投資分區月資料統計,['89752']
僑外來臺投資分業月資料統計,['89754']
僑外及陸資投資事業營運狀況調查分析報告,['76392']
僑外投資事業(國內被投資事業)員工之性別指數(服務業),['76387']
僑外投資事業(國內被投資事業)員工之性別指數(非服務業),['76388']
僑外投資廠商僱用員工之性別結構分析,['76390']
優化我國產業科技創新政策規劃與治理研究計畫,"['94209', '110292', '126483']"
優良市集,['6469']
先驅化學品工業原料列管項目-甲類/乙類,['41431']
光碟法規資訊,['25640']
光碟聯合查核小組成果統計表,['16417']
光電及半導體設備產學合作成果,['29819']
光電及半導體設備產業輔導廠商資料集,['59763']
兒童用品類驗證登錄證書資料集,['41581']
內銷報驗案件合格/不合格案件統計,['129746']
內銷報驗案件型式認可案件統計,['129757']
全國4大超商資料集,['32086']
全國前100大公司資料集,['32087']
全國前500大公司資料集,['32687']
全國商圈盤點清冊,['103804']
全國政府主辦創業競賽資料,['29792']
全國砂土石產銷存動態統計表,['8700']
全國紡織技術論文競賽得獎名單,['22369']
全國育成中心資訊,['16381']
全國郵局振興3倍券即時領券量,['127751']
全球化產業競合與創新治理計畫,"['85130', '94207']"
全球招商執行成效,['30157']
兩岸不安全消費品通報合作統計資料,['63039']
兩岸服貿協議對我產業之影響評估資料,['9688']
兩岸消費品安全資訊通報資料集,['96326']
公共工程優質獎得獎名單,['45320']
公共工程優質獎評選及獎勵作業要點,['16681']
公務預算會計月報,['18566']
公協會形象館核定補助案件,['36486']
公司之登記及認許辦法,['16945']
公司名稱及業務預查審核準則,['16944']
公司決算書表申報暨查核辦法,['16941']
公司登記(依營業項目別)-一般廣告服務業,['22185']
公司登記(依營業項目別)-三溫暖浴室服務,['26257']
公司登記(依營業項目別)-不動產代銷經紀業,['32688']
公司登記(依營業項目別)-不動產仲介經紀業,['32682']
公司登記(依營業項目別)-中藥零售業,['36721']
公司登記(依營業項目別)-乳品製造業,['44690']
公司登記(依營業項目別)-五金批發業,['81105']
公司登記(依營業項目別)-五金零售業,['81113']
公司登記(依營業項目別)-人力派遣業,['22196']
公司登記(依營業項目別)-仲介服務業,['26245']
公司登記(依營業項目別)-便利商店,['26256']
公司登記(依營業項目別)-保全業,['26250']
公司登記(依營業項目別)-倉儲業,['22179']
公司登記(依營業項目別)-兒童課後照顧服務業,['41452']
公司登記(依營業項目別)-公寓大廈管理服務業,['36714']
公司登記(依營業項目別)-公益彩券服務,['26246']
公司登記(依營業項目別)-公證業,['26251']
公司登記(依營業項目別)-公路汽車客運業,['36717']
公司登記(依營業項目別)-其他工商服務業,['26261']
公司登記(依營業項目別)-其他服務,['26247']
公司登記(依營業項目別)-其他綜合零售,['22174']
公司登記(依營業項目別)-其他農、畜、水產品批發業,['45643']
公司登記(依營業項目別)-其他農畜水產品零售業,['45651']
公司登記(依營業項目別)-其他餐飲,['22177']
公司登記(依營業項目別)-剪報業,['22191']
公司登記(依營業項目別)-加氣站業,['41453']
公司登記(依營業項目別)-加油站業,['41455']
公司登記(依營業項目別)-化粧品零售業,['81109']
公司登記(依營業項目別)-即食餐食製造業,['44683']
公司登記(依營業項目別)-合成橡膠製造業,['102683']
公司登記(依營業項目別)-喜慶綜合服務業,['26253']
公司登記(依營業項目別)-國際貿易業,['45647']
公司登記(依營業項目別)-園藝服務業,['102682']
公司登記(依營業項目別)-基本化學工業,['102673']
公司登記(依營業項目別)-塑膠日用品製造業,['102685']
公司登記(依營業項目別)-塑膠皮、布、板、管材製造業,['102671']
公司登記(依營業項目別)-塑膠膜、袋製造業,['102677']
公司登記(依營業項目別)-室內裝修,['22167']
公司登記(依營業項目別)-室內裝潢,['22165']
公司登記(依營業項目別)-室內輕鋼架工程業,['22169']
公司登記(依營業項目別)-家畜家禽批發業,['45659']
公司登記(依營業項目別)-寵物食品及其用品批發業,['45664']
公司登記(依營業項目別)-寵物食品及其用品零售業,['45645']
公司登記(依營業項目別)-寵物食品製造業,['44695']
公司登記(依營業項目別)-小客車租賃業,['36715']
公司登記(依營業項目別)-就業服務業,['36718']
公司登記(依營業項目別)-屠宰業,['44687']
公司登記(依營業項目別)-市區汽車客運業,['36716']
公司登記(依營業項目別)-市場研究及民意調查業,['26254']
公司登記(依營業項目別)-布疋、衣著、鞋、帽、傘、服飾品零售業,['81103']
公司登記(依營業項目別)-廚具、衛浴設備安裝工程業,['22166']
公司登記(依營業項目別)-廣告傳單分送業,['22186']
公司登記(依營業項目別)-建材批發業,['102684']
公司登記(依營業項目別)-建材零售業,['81118']
公司登記(依營業項目別)-建築物清潔服務業,['32689']
公司登記(依營業項目別)-影印業,['22187']
公司登記(依營業項目別)-打字業,['22189']
公司登記(依營業項目別)-排版業,['22188']
公司登記(依營業項目別)-攝影業,['26244']
公司登記(依營業項目別)-文教、樂器、育樂用品零售業,['102680']
公司登記(依營業項目別)-日常用品批發業,['81122']
公司登記(依營業項目別)-日常用品零售業,['81104']
公司登記(依營業項目別)-智慧財產權業,['102670']
公司登記(依營業項目別)-未分類其他食品製造業,['44688']
公司登記(依營業項目別)-機械批發業,['102678']
公司登記(依營業項目別)-機車零售業,['102674']
公司登記(依營業項目別)-殯葬禮儀服務業,['32679']
公司登記(依營業項目別)-水產品批發業,['45641']
公司登記(依營業項目別)-水產品零售業,['45652']
公司登記(依營業項目別)-汽、機車零件配備零售業,['81121']
公司登記(依營業項目別)-汽車貨運業,['36719']
公司登記(依營業項目別)-汽車零售業,['102669']
公司登記(依營業項目別)-漁船加油站業,['41454']
公司登記(依營業項目別)-烘焙炊蒸食品製造業,['44696']
公司登記(依營業項目別)-無店面零售業,['22173']
公司登記(依營業項目別)-特定寵物批發業,['41451']
公司登記(依營業項目別)-特定寵物服務業,['41450']
公司登記(依營業項目別)-特定寵物零售業,['41448']
公司登記(依營業項目別)-玻璃安裝工程業,['22170']
公司登記(依營業項目別)-理貨包裝業,['22192']
公司登記(依營業項目別)-環保服務,['26248']
公司登記(依營業項目別)-留、遊學服務業,['102676']
公司登記(依營業項目別)-畜產品零售業,['45648']
公司登記(依營業項目別)-當舖業,['36712']
公司登記(依營業項目別)-瘦身美容業,['26259']
公司登記(依營業項目別)-百貨公司業,['45654']
公司登記(依營業項目別)-眼鏡零售業,['102675']
公司登記(依營業項目別)-短期補習班業,['36713']
公司登記(依營業項目別)-石油化工原料製造業,['102686']
公司登記(依營業項目別)-移民服務業,['32686']
公司登記(依營業項目別)-第3方支付服務業,['22184']
公司登記(依營業項目別)-管理系統驗證業,['22194']
公司登記(依營業項目別)-精密化學材料製造業,['102681']
公司登記(依營業項目別)-糖果製造業,['44694']
公司登記(依營業項目別)-糖類製造業,['44681']
公司登記(依營業項目別)-網路認證服務業,['26255']
公司登記(依營業項目別)-罐頭、冷凍、脫水及醃漬食品製造業,['44703']
公司登記(依營業項目別)-美容美髮服務,['26262']
公司登記(依營業項目別)-翻譯業,['22190']
公司登記(依營業項目別)-航空顧問業,['102679']
公司登記(依營業項目別)-茶葉批發業,['45667']
公司登記(依營業項目別)-菸酒批發業,['45649']
公司登記(依營業項目別)-菸酒零售業,['45657']
公司登記(依營業項目別)-菸類輸入業,['45650']
公司登記(依營業項目別)-蔬果批發業,['45655']
公司登記(依營業項目別)-製冰業,['44689']
公司登記(依營業項目別)-製粉業,['44686']
公司登記(依營業項目別)-製茶業,['44685']
公司登記(依營業項目別)-製菸業,['44691']
公司登記(依營業項目別)-製酒業,['44677']
公司登記(依營業項目別)-西藥零售業,['36722']
公司登記(依營業項目別)-計程車客運服務業,['44678']
公司登記(依營業項目別)-計程車客運業,['36711']
公司登記(依營業項目別)-調味品製造業,['44698']
公司登記(依營業項目別)-豆類加工食品製造業,['44701']
公司登記(依營業項目別)-資料處理服務,['26260']
公司登記(依營業項目別)-資訊軟體服務,['22180']
公司登記(依營業項目別)-超級市場業,['45642']
公司登記(依營業項目別)-農產品批發市場業,['45640']
公司登記(依營業項目別)-農產品整理業,['102672']
公司登記(依營業項目別)-農產品零售業,['45618']
公司登記(依營業項目別)-逾期應收帳款管理服務業,['22195']
公司登記(依營業項目別)-遊覽車客運業,['36720']
公司登記(依營業項目別)-遊說業,['26252']
公司登記(依營業項目別)-酒精零售業,['45660']
公司登記(依營業項目別)-酒類半成品製造業,['44684']
公司登記(依營業項目別)-酒類輸入業,['45639']
公司登記(依營業項目別)-鐘錶零售業,['102687']
公司登記(依營業項目別)-門窗安裝工程業,['22168']
公司登記(依營業項目別)-電器批發業,['81123']
公司登記(依營業項目別)-電器零售業,['81107']
公司登記(依營業項目別)-電子資訊供應服務業,['26249']
公司登記(依營業項目別)-食品什貨、飲料零售業,['45661']
公司登記(依營業項目別)-食品什貨批發業,['45665']
公司登記(依營業項目別)-食品添加物批發業,['45646']
公司登記(依營業項目別)-食品添加物製造業,['44699']
公司登記(依營業項目別)-食品添加物零售業,['45666']
公司登記(依營業項目別)-食品顧問業,['54288']
公司登記(依營業項目別)-食用油脂批發業,['45653']
公司登記(依營業項目別)-食用油脂製造業,['44693']
公司登記(依營業項目別)-食用酒精製造業,['44680']
公司登記(依營業項目別)-飲料店業,['22176']
公司登記(依營業項目別)-飲料批發業,['45658']
公司登記(依營業項目別)-飲料製造業,['44697']
公司登記(依營業項目別)-飲酒店業,['22178']
公司登記(依營業項目別)-飼料批發業,['45663']
公司登記(依營業項目別)-飼料製造業,['44679']
公司登記(依營業項目別)-飼料零售業,['45656']
公司登記(依營業項目別)-餐具清洗業,['26258']
公司登記(依營業項目別)-餐廳餐館,['22175']
公司登記(依營業項目別)-麵條、粉條類食品製造業,['44700']
公司登記便利商店業,['22172']
公司登記公證服務業,['22193']
公司登記基本資料-應用,"['13861', '22197', '22198']"
公司登記家數及實收資本額異動,"['8298', '9347', '9348']"
公司登記家數及資本額(年份),['32088']
公司登記新設立家數及實收資本額,['8299']
公司登記現有家數及實收資本額,"['8296', '8297', '9345', '9346', '9349']"
公司登記現有家數及資本額,['32089']
公司登記統計表,['29237']
公司登記董監事資料集,['13863']
公司登記規費收費準則,['16943']
公司登記資料-A農、林、漁、牧業,"['91693', '91696', '91709', '91713', '91719', '91722', '108351', '108371', '108374', '108389']"
公司登記資料-B礦業及土石採取業,"['91689', '91691', '91700', '91702', '91706', '91724']"
公司登記資料-C製造業,"['44676', '44692', '45644', '45662', '54294', '54295', '108354', '108363', '108367', '108385']"
公司登記資料-D水電燃氣業,"['91694', '91711', '91715', '91718', '91727', '91730']"
公司登記資料-E營造及工程業,"['91682', '91683', '91699', '91712', '91723', '91725']"
公司登記資料-F零售、批發及餐飲業,"['54290', '54291', '54293', '54296', '54297', '54298', '108338', '108342', '108386', '108390']"
公司登記資料-G運輸、倉儲及通信業,"['91680', '91686', '91695', '91705', '91728', '91731']"
公司登記資料-H金融、保險及不動產業,"['91681', '91685', '91687', '91697', '91701', '91717', '108341', '108343', '108347', '108382']"
公司登記資料-I專業、科學及技術服務業,"['53662', '53664', '54285', '54286', '54287', '54289', '108336', '108370', '108383', '108395']"
公司登記資料-J文化、運動、休閒及其他服務業,"['91688', '91698', '91703', '91704', '91714', '91716']"
公司登記資料-Z其他未分類業,"['91690', '91692', '91720', '91726', '91729', '91732']"
公司登記資料影像建檔勞務委外,['25698']
公司登記資料處理服務業,['22182']
公司登記資本額查詢,['84883']
公司登記關鍵字查詢,['84876']
公司登記電子資訊供應服務業,['22183']
公司行號營業項目代碼表,['8295']
公司解散、撒銷及廢止家數及實收資本額,['8300']
公司解散、撤銷及廢止家數,"['29262', '29266']"
公司解散、撤銷及廢止資本額,"['29252', '29271']"
公司解散登記清冊(月份),['6049']
公司設立登記清冊(月份),['6047']
公司變更登記清冊(月份),['6048']
公司負責人資料查詢,['84879']
公司資料異動查詢,['84880']
公告訂定「地質遺跡地質敏感區(H0018花蓮縣石梯坪海階及凝灰岩)」,['77874']
公告訂定「活動斷層地質敏感區(斷層)」,['77875']
公播版影片著作權介紹,['123142']
公文共用範本,['17114']
公文時效統計比較分析表,['17133']
公文核擬各簽核判行人員應注意事項,['17131']
公文流程管理及檢核作業要點,['17132']
公文線上簽核應用,['61177']
公有單位抗旱井,['129449']
其他類驗證登錄證書資料集,['41583']
再生能源-風力發電產業年投資總額,['32583']
出國考察研習人數性別統計,['94533']
出納事務查核計畫,['17134']
出納內部控制自行評估手冊,['17135']
出進口廠商新登記家數負責人性別統計表,['36422']
出進口廠商現有家數負責人性別統計表,['41497']
出進口廠商異動表,"['16531', '16538']"
出進口廠商登記資料,['79641']
刊登行政院公報作業流程,['23354']
刊登行政院公報應附(書)函稿檢核表,['23356']
利商股份有限公司申請停止對日本進口Ｈ型鋼課徵反傾銷稅案產業損害調查公開資料,['22973']
創新研究獎,['5974']
創新科技之經濟效益衡量與策略規劃計畫,"['94205', '102894', '126485']"
創新科技國際競合策略與政策研究計畫,['85128']
創業空間資料,['9647']
創業顧問名單,['16377']
創育加速卓越服務網_成果展示,['41490']
創育加速卓越服務網_破殼而出企業公告,['22741']
創育加速卓越服務網_績優育成中心公告,['22742']
創育加速卓越服務網_育成出版品,['26135']
創育加速卓越服務網_育成協調中心公告,['22743']
創育加速卓越服務網_育成補捐助申請須知公告,['22744']
加工出口區中港園區事業類別樓地板持有面積,['101507']
加工出口區中港園區性別工作平等委員會設置要點,['32668']
加工出口區作業基金轉投資台灣絲織開發股份有限公司公股代表名單,['41473']
加工出口區原水限值與產水水質要求,['127833']
加工出口區屏東園區事業類別樓地板持有面積,['101508']
加工出口區屏東園區性別工作平等委員會設置要點,['32675']
加工出口區屏東園區群聚的產業別及廠商名稱,['101504']
加工出口區廉政效能及行政革新問卷調查報告,['41495']
加工出口區投資程序,['79652']
加工出口區新聞稿資料彙整,['56928']
加工出口區楠梓園區內部保有及管理之個人資料項目彙整,['110386']
加工出口區楠梓第2園區事業類別樓地板持有面積,['101506']
加工出口區社團,['79650']
加工出口區管理處-作業基金會計月報,['18692']
加工出口區管理處-作業基金決算,['15861']
加工出口區管理處-作業基金預算,['12191']
加工出口區管理處-年度單位預算,['12127']
加工出口區管理處_人民申請案件辦理期限明細,['10484']
加工出口區管理處_加工出口區園區行道樹修剪作業要點,['10475']
加工出口區管理處_加工出口區土地綠化認養維護要點,['10466']
加工出口區管理處_加工出口區管理處「熱心公益貢獻獎」選拔及表揚作業要點,['10479']
加工出口區管理處_加工出口區管理處及分處業務管理規則,['10457']
加工出口區管理處_加工出口區管理處對民間團體補助作業規範,['10463']
加工出口區管理處_加工出口區管理處推動研究發展工作作業規定,['10486']
加工出口區管理處_加工出口區管理處施政計畫,['10488']
加工出口區管理處_加工出口區管理處暨所屬分處政府資訊及卷宗閱覽須知,['10469']
加工出口區管理處_加工出口區設置管理條例,['10453']
加工出口區管理處_加工出口區設置管理條例施行細則,['10455']
加工出口區管理處_楠梓加工出口區廣告物及指示牌設置原則,['10461']
加工出口區管理處_楠梓加工出口區性別工作平等委員會設置要點,['10481']
加工出口區管理處_楠梓加工出口區獎勵實施資源回收及變賣所得款回饋作業要點,['10473']
加工出口區管理處_預算及決算,['10491']
加工出口區管理處及所屬單位決算報表,['17868']
加工出口區管理處及所屬會計報表,['17612']
加工出口區管理處暨各分處獎勵廉潔楷模實施要點,['41493']
加工出口區管理處暨所屬單位績優人員選拔要點,['41488']
加工出口區管理處補助加工出口區形塑新風貌作業要點,['41475']
加工出口區管理費規費及服務費收費標準,['32555']
加工出口區臺中園區內部保有及管理之個人資料項目彙整,['110390']
加工出口區近年進出口貿易值,['6403']
加工出口區進口貿易額統計_國家別,['32619']
加工出口區高雄園區事業類別樓地板持有面積,['101509']
加工區各園區參訪來賓統計資訊,['41477']
加工區土地租金暨公共設施建設費用,['94000']
加工區簽訂之福利廠商及優惠商品,['56924']
加工處全區營業聯絡處所廠商名錄總表,['45199']
加工處及所屬分處特約托育機構,['41491']
加工處各園區勞動檢查情形統計資訊,['22291']
加工處各園區空污操作許可證(家數)統計,['22292']
加工處園區公告列管應檢送廢棄物清理計畫書統計,['22293']
加工處園區別進出口貿易額統計,['25792']
加工處對補助民間團體及個人之補捐助案件彙總,['16493']
加工處形塑新風貌補助統計,['45200']
加工處投增撤資環保事項審查作業程序,['110387']
加工處租稅優惠訊息,['93999']
加工處臺中園區列管污染源基本資料,['36420']
加工處辦理公益支出、委託調查、會費、捐助及睦鄰經費統計(作業基金),['16494']
加強節水、節電實施計畫,['29867']
加油站服務資訊,['6065']
動產擔保交易公示登記清冊(月份),['32676']
動產擔保交易公示註銷清冊(月份),['32677']
動產擔保交易公示變更清冊(月份),['32684']
動產擔保交易登記統計-信託占有及總擔保債權額(民迄今),['32683']
動產擔保交易登記統計-動產抵押及總擔保債權額(民迄今),['32678']
動產擔保交易登記統計-附條件買賣及總擔保債權額(民迄今),['32680']
化工類不合格進口商品,['59601']
化粧品優良製造規範驗證通過廠商及產品品項,['16395']
北美洲地區自臺灣進口產品之市佔情形,['45367']
區內事業員工教育程度統計表,['79653']
半導體產業人才需求調查,['29811']
半導體產業專業人才調查集,['9731']
卑南溪種植區域等級劃分,['58342']
協助中油公司推動國內第3座液化天然氣接收站投資計畫之摘要,['36591']
協助中油公司推動高雄港洲際貨櫃2期大林石化油品儲運中心計畫,['95049']
協助中油公司推動高雄煉油廠遷廠計畫之摘要,['36811']
協助傳統產業技術開發計畫歷年獲補助廠商清單,['22377']
協助台糖公司推動營運改造計畫之摘要,['36812']
協助台糖公司推動農業循環豬場改建投資計畫之摘要,['122279']
協助台電公司強化輸配電線路之摘要,['32482']
協助台電公司推動再生能源發電計畫之摘要,['41382']
協助台電公司推動火力電廠更新擴充計畫之摘要,['36588']
協助爭取全球政府採購商機專家資訊,['16527']
南向18國來臺投資分年統計,['98776']
南向18國來臺投資分業統計,['98778']
南投縣歷史山崩目錄,['103238']
南投縣非營業用戶售電量,['83644']
南美洲地區自臺灣進口產品之市佔情形,['62462']
印尼投資環境簡介,['100276']
即時水位資料,['25768']
原油進口成本,['9766']
參加中小企業融資服務平台會員金融機構名單,['29798']
參與各類國際活動性別統計,['62465']
及所屬機關個人資料保護管理要點,['17200']
及所屬機關提供政府資訊收費標準,['17195']
及所屬機關辦理國家賠償事件收結情形表,['17197']
反傾銷稅案件之產業損害調查處理情形,['6401']
反傾銷稅案件產業損害初步調查報告,['80625']
反傾銷稅案件產業損害情勢變更調查報告,['94882']
反傾銷稅案件產業損害最後調查報告,['94689']
反傾銷稅案件產業損害落日調查報告,['94883']
受託試驗費額表資料集,['30175']
台中市商業登記資料-C製造業,['53667']
台中市商業登記資料-F零售、批發及餐飲業,['52935']
台中市商業登記資料-I專業、科學及技術服務業,['52928']
台中市非營業用戶售電量,['83432']
台北國際數位內容交流會參展廠商名單,['22334']
台北市商業登記資料-C製造業,['53663']
台北市商業登記資料-F零售、批發及餐飲業,['53661']
台北市商業登記資料-I專業、科學及技術服務業,['52934']
台北市非營業用戶售電量,['83422']
台南市商業登記資料-C製造業,['53668']
台南市商業登記資料-F零售、批發及餐飲業,['52933']
台南市商業登記資料-I專業、科學及技術服務業,['52926']
台南市非營業用戶售電量,['83622']
台東縣非營業用戶售電量,['83735']
台水公司經營改善小組執行情形摘要,['32480']
台灣20大國際品牌得獎名單,['16396']
台灣中油公司_會計月報,['78541']
台灣中油公司歷年審定決算書,['20973']
台灣中油股份有限公司_92無鉛汽油安全資料表,['30116']
台灣中油股份有限公司_95無鉛汽油安全資料表,['30130']
台灣中油股份有限公司_98無鉛汽油介紹,['41540']
台灣中油股份有限公司_98無鉛汽油安全資料表,['30131']
台灣中油股份有限公司_MiRAGE專業經銷商(汽車用油),['109915']
台灣中油股份有限公司_「苯」參考牌價表,['109914']
台灣中油股份有限公司_丁烷危害標示,['30096']
台灣中油股份有限公司_丁烷安全資料表,['11072']
台灣中油股份有限公司_丙烯安全資料表,['16843']
台灣中油股份有限公司_丙烷危害標示,['30113']
台灣中油股份有限公司_丙烷及丁烷規範,['11070']
台灣中油股份有限公司_丙烷安全資料表,['11071']
台灣中油股份有限公司_中油加油站油品品質抽驗月報表,['32622']
台灣中油股份有限公司_中油大樓國光會議廳暨1樓各場地收費標準表,['32608']
台灣中油股份有限公司_中油大樓國光會議廳暨1樓各場地租借資訊,['103252']
台灣中油股份有限公司_中油會員卡特約商店,['41534']
台灣中油股份有限公司_中油生技產品牌價表,['62887']
台灣中油股份有限公司_中油生技經銷商名單,['22280']
台灣中油股份有限公司_中油綠色生技產品履歷,['32614']
台灣中油股份有限公司_乙烯安全資料表,['16842']
台灣中油股份有限公司_人力資源處訓練所_圖書出版資訊,['32591']
台灣中油股份有限公司_人力資源處訓練所_場地出租資訊,['32595']
台灣中油股份有限公司_人力資源處訓練所_學員房間訂房資訊,['32597']
台灣中油股份有限公司_人力資源處訓練所_開課資訊,['32602']
台灣中油股份有限公司_人力資源處訓練所數位學習成效資訊,['94876']
台灣中油股份有限公司_什麼是汽油添加劑,['41536']
台灣中油股份有限公司_儲槽租賃費率,['62926']
台灣中油股份有限公司_公益及睦鄰支出,['30115']
台灣中油股份有限公司_出磺坑老油田文化園區景點導覽,['81386']
台灣中油股份有限公司_加油站附設獨立無障礙公廁,['59744']
台灣中油股份有限公司_台灣地熱區34口地熱井井下地質報告,['86147']
台灣中油股份有限公司_各直銷中心營業地點,['16835']
台灣中油股份有限公司_員工人數及性別統計,['16845']
台灣中油股份有限公司_國光牌 9000 SN 車用機油安全資料表,['62937']
台灣中油股份有限公司_國光牌基礎油 ( Base oil )產品說明書,['25518']
台灣中油股份有限公司_國光牌工業用油 ( Industrial oil )產品說明書,['25570']
台灣中油股份有限公司_國光牌海運機油 ( Marilube Oil )產品說明書,['25566']
台灣中油股份有限公司_國光牌滑脂 ( Grease )產品說明書,['25571']
台灣中油股份有限公司_國光牌潤滑油產品牌價表,['25492']
台灣中油股份有限公司_國光牌潤滑油脂經銷商聯絡資訊,['30132']
台灣中油股份有限公司_國光牌車輛用油 ( Motor Oil )產品說明書,['25519']
台灣中油股份有限公司_國內礦區合作探勘公司收費原則,['30133']
台灣中油股份有限公司_國內線海運燃油牌價,['25575']
台灣中油股份有限公司_國際線海運燃油牌價,['25578']
台灣中油股份有限公司_大林煉油廠空氣品質監測,['25589']
台灣中油股份有限公司_天然氣(NG1)安全資料表,['32581']
台灣中油股份有限公司_天然氣(NG2)安全資料表,['32585']
台灣中油股份有限公司_天然氣事業部營業處服務據點電話地址一覽表,['81401']
台灣中油股份有限公司_天然氣公用事業用戶ACH轉帳代繳金融機構一覽表,['22281']
台灣中油股份有限公司_天然氣公用事業用戶臨櫃代收金融機構一覽表,['22282']
台灣中油股份有限公司_天然氣用戶數,['81398']
台灣中油股份有限公司_天然氣用戶結構(用氣量百分比),['103250']
台灣中油股份有限公司_天然氣管線長度,['81400']
台灣中油股份有限公司_委託調查支出,['127434']
台灣中油股份有限公司_家用液化石油氣批售牌價與亞鄰各國比較表,['16840']
台灣中油股份有限公司_快保中心,['41553']
台灣中油股份有限公司_愛車如何決定要加那種汽油,['32627']
台灣中油股份有限公司_捐助支出,['30134']
台灣中油股份有限公司_探勘資料收費原則,['30135']
台灣中油股份有限公司_探採事業部對外工程服務收費標準,['45343']
台灣中油股份有限公司_探採事業部對外技術服務收費標準,['45344']
台灣中油股份有限公司_探採事業部對外提供海域震測資料收費原則,['103264']
台灣中油股份有限公司_探採事業部採購公告,['30136']
台灣中油股份有限公司_探採事業部服務據點電話地址一覽表,['94973']
台灣中油股份有限公司_探採事業部營運成果,['94972']
台灣中油股份有限公司_探採事業部環境監測摘要報告,['16841']
台灣中油股份有限公司_探採研究所台灣陸域鑽井位置,['62919']
台灣中油股份有限公司_探採研究所對外論文發表,['22283']
台灣中油股份有限公司_探採研究所探採研究報告分類,['95075']
台灣中油股份有限公司_探採研究所接受委託服務項目,['41532']
台灣中油股份有限公司_探採研究所新技術發展應用,['22229']
台灣中油股份有限公司_探採研究所發展計畫表,['41531']
台灣中油股份有限公司_提供cpcpay加油站,['127439']
台灣中油股份有限公司_提供etag儲值加油站,['59745']
台灣中油股份有限公司_提供代收停車費加油站,['81397']
台灣中油股份有限公司_提供充氣服務加油站,['103254']
台灣中油股份有限公司_提供加水服務加油站,['103251']
台灣中油股份有限公司_提供廢潤滑油回收加油站,['81394']
台灣中油股份有限公司_提供機車泵島1卡通交易加油站,['45426']
台灣中油股份有限公司_提供機車泵島HappyCash卡交易加油站,['59732']
台灣中油股份有限公司_提供機車泵島悠遊卡交易加油站,['45424']
台灣中油股份有限公司_提供泵島柴油自助加油站,['59741']
台灣中油股份有限公司_提供泵島汽油自助加油站,['59737']
台灣中油股份有限公司_提供真空吸油機加油站,['81395']
台灣中油股份有限公司_提供複合式商店服務加油站,['59743']
台灣中油股份有限公司_提供電動機車充電服務加油站,['106246']
台灣中油股份有限公司_提供電動機車換電服務加油站,['106247']
台灣中油股份有限公司_政策宣導媒體廣告,['30137']
台灣中油股份有限公司_新進人員性別統計,['16844']
台灣中油股份有限公司_桃園煉油廠廢氣燃燒塔使用事件,['22284']
台灣中油股份有限公司_桃園煉油廠空氣品質監測,['22285']
台灣中油股份有限公司_桃園煉油廠第三重油加氫脫硫工場興建計畫環境影響說明書,['129938']
台灣中油股份有限公司_檢驗分析服務項目,['62818']
台灣中油股份有限公司_氮氣充填服務快保中心,['41547']
台灣中油股份有限公司_決算書,['18306']
台灣中油股份有限公司_汽油小常識,['32632']
台灣中油股份有限公司_洗車中心,['41554']
台灣中油股份有限公司_液化天然氣氣源成本,['36488']
台灣中油股份有限公司_液化石油氣加氣站,['16834']
台灣中油股份有限公司_液化石油氣歷史價格,['11152']
台灣中油股份有限公司_液化石油氣牌價,['16832']
台灣中油股份有限公司_液化石油氣規範,['11058']
台灣中油股份有限公司_液化石油氣類氣槽車灌裝時間表,['127438']
台灣中油股份有限公司_混合丙丁烷危害標示,['30138']
台灣中油股份有限公司_混合丙丁烷安全資料表,['16838']
台灣中油股份有限公司_混合丙丁烷規範,['16839']
台灣中油股份有限公司_溶劑化學品事業部各區營業處所地址電話,['94969']
台灣中油股份有限公司_溶劑類牌價,['16828']
台灣中油股份有限公司_溶劑類產品編號_名稱_包裝對照表,['22286']
台灣中油股份有限公司_煉研所論文發表資料集,['103498']
台灣中油股份有限公司_煉製研究所技術服務項目,['81402']
台灣中油股份有限公司_煉製研究所提供之油品檢驗分析服務項目,['22287']
台灣中油股份有限公司_煉製研究所歷年已獲專利清單,['22288']
台灣中油股份有限公司_煤油供應,['41539']
台灣中油股份有限公司_直營漁船加油站,['16833']
台灣中油股份有限公司_省好油、接妙招,['41549']
台灣中油股份有限公司_石化事業部固定污染源連續監測即時數據,['95023']
台灣中油股份有限公司_石化特定用途參考牌價表,['36512']
台灣中油股份有限公司_石化產品特性與規範,['36492']
台灣中油股份有限公司_綠能所太陽能發電加油站發電量統計,['16846']
台灣中油股份有限公司_綠能科技研究所研發成果,['95072']
台灣中油股份有限公司_航空燃油牌價,['25591']
台灣中油股份有限公司_認識加油機,['41545']
台灣中油股份有限公司_車用液化石油氣規範,['16836']
台灣中油股份有限公司_輪胎中心,['41550']
台灣中油股份有限公司_進口天然氣成本之指標原油價格,['36483']
台灣中油股份有限公司_附設自助電子式充氣加油站,['127435']
台灣中油股份有限公司_電測資料收費原則,['30090']
台灣中油股份有限公司會計報表,['19201']
台灣中油股份有限公司歷年會計報表,['30042']
台灣企業品牌發展現況調查,['9729']
台灣創新技術博覽會發明競賽得獎名單,['8302']
台灣區土石生產量值表,['5980']
台灣區水泥工業同業公會申請對自中國大陸產製進口卜特蘭水泥及其熟料第1次落日調查案產業損害調查公開資料,['45614']
台灣區水泥工業同業公會申請對自中國大陸產製進口卜特蘭水泥及其熟料課徵反傾銷稅暨臨時課徵反傾銷稅案產業損害初步調查公開資料,['25809']
台灣區水泥工業同業公會申請對自中國大陸產製進口卜特蘭水泥及其熟料課徵反傾銷稅暨臨時課徵反傾銷稅案產業損害最後調查公開資料,['25825']
台灣區造紙工業同業公會申請對自日本、中國及印尼進口非塗佈紙課徵反傾銷稅暨臨時課徵反傾銷稅案產業損害初步調查公開資料,['22974']
台灣區造紙工業同業公會申請對自日本、中國及印尼進口非塗佈紙課徵反傾銷稅暨臨時課徵反傾銷稅案產業損害最後調查公開資料,['22975']
台灣區造紙工業同業公會申請對自日本及印尼進口之銅版紙課徵反傾銷稅暨臨時反傾銷稅案產業損害最後調查公開資料,['22976']
台灣區造紙工業同業公會申請對自日本進口之銅版紙課徵反傾銷稅屆滿後繼續課徵案產業損害調查公開資料,['22977']
台灣區鋼線鋼纜工業同業公會申請對自南韓、泰國及馬來西亞進口預力鋼絞線課徵反傾銷稅暨臨時課徵反傾銷稅案產業損害初步調查公開資料,['22978']
台灣區鋼線鋼纜工業同業公會申請對自南韓、泰國及馬來西亞進口預力鋼絞線課徵反傾銷稅暨臨時課徵反傾銷稅案產業損害最後調查公開資料,['22979']
台灣區鋼線鋼纜工業同業公會申請對自印尼進口預力鋼絞線課徵反傾銷稅暨臨時課徵反傾銷稅案產業損害初步調查公開資料,['22980']
台灣區鋼鐵工業同業公會申請對自巴西、烏克蘭、俄羅斯之進口鋼板課徵反傾銷稅暨臨時反傾銷稅並依法追溯課徵案產業損害初步調查公開資料,['22981']
台灣區鋼鐵工業同業公會申請對自巴西、烏克蘭、俄羅斯之進口鋼板課徵反傾銷稅暨臨時反傾銷稅並依法追溯課徵案產業損害最後調查公開資,['22982']
台灣地區砂糖平準基金條例,['16682']
台灣地區砂糖平準基金條例施行細則,['16683']
台灣工業用地供給租售資訊,['29824']
台灣糖業公司_ 公司治理實務守則,['36649']
台灣糖業公司_5分車營運資料,['30043']
台灣糖業公司_不動產標售資訊,['25752']
台灣糖業公司_中彰區處5分車票價資料,['45478']
台灣糖業公司_中彰區處休閒活動區介紹,['36647']
台灣糖業公司_中彰區處小火車介紹,['36644']
台灣糖業公司_中彰區處景觀植栽樹種,['16870']
台灣糖業公司_中彰區處溪湖糖廠糖業文化園區,['22767']
台灣糖業公司_中彰區處農場辦公據點,['22769']
台灣糖業公司_休憩事業部參加外界評比獲獎績優表,['62573']
台灣糖業公司_休憩事業部據點AED資料,['32663']
台灣糖業公司_休憩事業部旅館及遊憩景區環境資訊,['32653']
台灣糖業公司_休閒遊憩據點影音介紹,['16864']
台灣糖業公司_信用評等,['16857']
台灣糖業公司_停車場據點,['16852']
台灣糖業公司_健康食品認證,['16859']
台灣糖業公司_分配現金股利,['16858']
台灣糖業公司_加油站24小時營業據點,['45489']
台灣糖業公司_加油站自助加油區營業據點,['45488']
台灣糖業公司_加油站贈品資料,['101665']
台灣糖業公司_南靖休閒廣場,['22771']
台灣糖業公司_可供出租不動產資料,['110971']
台灣糖業公司_可供出租土地資訊,['25754']
台灣糖業公司_可供出租資產設備資訊,['25756']
台灣糖業公司_台南區處5分車票價資料,['91532']
台灣糖業公司_台南區處所屬各農場聯絡資訊,['62570']
台灣糖業公司_台南區處新營鐵道文化園區,['41589']
台灣糖業公司_台南區處景觀植栽樹種,['62568']
台灣糖業公司_台南區處有機園區,['41587']
台灣糖業公司_台南區處有機肥料資訊,['91533']
台灣糖業公司_台東糖廠文物館,['81301']
台灣糖業公司_台糖商品資料,['101667']
台灣糖業公司_台糖問卷,['110974']
台灣糖業公司_台糖大事紀,['101660']
台灣糖業公司_台糖年報,['10995']
台灣糖業公司_台糖研究所對外技術移轉資訊集,['22772']
台灣糖業公司_台糖研究所老樹登錄明細,['91530']
台灣糖業公司_台糖簡介,['25758']
台灣糖業公司_台糖肉品銷售據點,['45486']
台灣糖業公司_各糖廠據點,['41592']
台灣糖業公司_各級主管性別人數統計資料,['45480']
台灣糖業公司_員工平均年齡統計資料,['45479']
台灣糖業公司_員工平均服務年資,['36653']
台灣糖業公司_員工性別比率,['36657']
台灣糖業公司_商品行銷事業部商品資料,['45484']
台灣糖業公司_商品銷售通路資料,['101666']
台灣糖業公司_商銷營業所據點,['16863']
台灣糖業公司_善化及虎尾自產糖廠全年發電量統計表,['81308']
台灣糖業公司_善糖文物館,['16860']
台灣糖業公司_土地招標設定地上權資訊,['25746']
台灣糖業公司_土地標租資訊,['25749']
台灣糖業公司_外部影音資料,['110975']
台灣糖業公司_安全農產驗證通過資訊,['32662']
台灣糖業公司_屏東區處所屬各農場聯絡資訊,['16856']
台灣糖業公司_屏東區處景觀植栽樹種,['32661']
台灣糖業公司_屏東區處牧草種植相關資訊,['120115']
台灣糖業公司_屏東區處造林面積,['32660']
台灣糖業公司_屏東區處非基改黃豆種植相關資訊,['81307']
台灣糖業公司_屏東糖廠文物館,['62957']
台灣糖業公司_岡山及崁頂垃圾焚化廠空氣污染物排放量,['91535']
台灣糖業公司_常見問答資料,['110972']
台灣糖業公司_影音及出版品資料,['110976']
台灣糖業公司_房屋及設備標租資訊,['25760']
台灣糖業公司_文化園區旅遊資訊,['16866']
台灣糖業公司_文化性資產導覽資訊,['16862']
台灣糖業公司_新進工員甄試錄取統計表,['81306']
台灣糖業公司_新進職員甄試錄取統計表,['81305']
台灣糖業公司_旅遊景點,['101663']
台灣糖業公司_最新消息,['41593']
台灣糖業公司_會計月報,['21125']
台灣糖業公司_有機栽培作物驗證面積,['91531']
台灣糖業公司_有機米銷售地點資料表,['30044']
台灣糖業公司_有機質肥料經銷商資料表,['30045']
台灣糖業公司_服務據點,['101662']
台灣糖業公司_歷史糖價報報,['25759']
台灣糖業公司_歷年各級主管性別人數統計表,['120117']
台灣糖業公司_每日糖價報報,['25761']
台灣糖業公司_永續發展報告書,['22774']
台灣糖業公司_決算,['21207']
台灣糖業公司_活動公告,['101661']
台灣糖業公司_活動預約,['110973']
台灣糖業公司_溪湖糖業鐵道文化園區環境教育認證,['81304']
台灣糖業公司_烏樹林休閒園區,['120111']
台灣糖業公司_焚化廠據點,['16854']
台灣糖業公司_熱門連結資料,['110977']
台灣糖業公司_物流中心據點,['16853']
台灣糖業公司_生物科技事業部工廠據點,['30046']
台灣糖業公司_生物科技事業部認證資料集,['30047']
台灣糖業公司_畜殖場場址資料,['45487']
台灣糖業公司_畜殖肉品工場據點,['22776']
台灣糖業公司_畜殖飼料工場據點,['22777']
台灣糖業公司_砂糖事業部各農場聯絡資訊,['30048']
台灣糖業公司_砂糖事業部大包糖發貨據點,['30049']
台灣糖業公司_研究所固定資產購置,['32656']
台灣糖業公司_研究所糖業圖書館,['32657']
台灣糖業公司_精緻農業事業部國內生產據點,['36641']
台灣糖業公司_精緻農業事業部業務部門Sales,['36648']
台灣糖業公司_股東會議事手冊,['10993']
台灣糖業公司_股東會議事錄,['10886']
台灣糖業公司_花卉農園中心5分車時刻表,['91534']
台灣糖業公司_花東區處景觀植栽樹種,['81294']
台灣糖業公司_花東區處花蓮農場課造林面積,['62955']
台灣糖業公司_花蓮糖廠文化資產清冊,['120116']
台灣糖業公司_花蓮觀光糖廠營業商圈,['22778']
台灣糖業公司_董事會會議紀錄,['10997']
台灣糖業公司_蘭花賣場據點,['16855']
台灣糖業公司_虎尾糖業文物館,['41588']
台灣糖業公司_訓練教室租借辦法,['16865']
台灣糖業公司_資產公告主檔,['101668']
台灣糖業公司_資產公告土地明細資料,['101669']
台灣糖業公司_資產設備標售資訊,['25762']
台灣糖業公司_近退休人數,['16868']
台灣糖業公司_道德行為守則,['36650']
台灣糖業公司_都市土地使用分區統計表,['45482']
台灣糖業公司_非都市土地使用編定統計表,['45483']
台灣糖業公司_預算案,['10998']
台灣糖業公司_高雄區處文創產業,['16867']
台灣糖業公司_高雄區處觀光資訊,['16861']
台灣糖業公司_高雄花卉農園中心,['41590']
台灣糖業公司_鳳山園藝休閒廣場,['41591']
台灣綠色典範獎商品,['8285']
台灣自來水公司ISO14001資訊,['16898']
台灣自來水公司_最近十年水費收入及用戶數,['11197']
台灣自來水公司_最近十年配、售水量及售水率,['11201']
台灣自來水公司_業務關鍵數據資料,['11203']
台灣自來水公司_每戶家庭每年水費占消費支出比率,['11195']
台灣自來水公司_道路平整方案執行成果,['11223']
台灣自來水公司中止廢止或極低用水量之用戶數,['32578']
台灣自來水公司中長期借款機構及融資餘額,['41533']
台灣自來水公司主要供水系統之供水戶數及供水量,['86105']
台灣自來水公司主要產品成本比較表,['45339']
台灣自來水公司代收繳比例,['95123']
台灣自來水公司代管用戶加壓受水設備處理要點,['63209']
台灣自來水公司企業社會責任實務守則,['32560']
台灣自來水公司供水系統,['16891']
台灣自來水公司供水系統供水能力,['22257']
台灣自來水公司供水系統設計供水人口,['16892']
台灣自來水公司供水轄區各區域供水普及率,['8310']
台灣自來水公司供水轄區資訊,['36602']
台灣自來水公司借款餘額統計資料,['22258']
台灣自來水公司公共給水資訊,['25677']
台灣自來水公司公文電子交換數量統計表,['32557']
台灣自來水公司分區計量管網建置數,['103686']
台灣自來水公司勞務採購報表,['59729']
台灣自來水公司南化水庫景點介紹,['41556']
台灣自來水公司各供水系統及其行政區範圍對照表,['112081']
台灣自來水公司各區處廠所地址及座標,['86110']
台灣自來水公司各區處檢驗量統計件數,['32573']
台灣自來水公司各口徑分段用水量水費統計表,['95124']
台灣自來水公司各用水種別用水量比例分析,['45342']
台灣自來水公司各項性別主流化課程統計,['86108']
台灣自來水公司固定資產建設改良擴充年報表,['32571']
台灣自來水公司土地資料,['62876']
台灣自來水公司安全維護工作統計表,['22259']
台灣自來水公司對民間團體及個人之補(捐)助經費表,['95120']
台灣自來水公司工程採購報表,['32565']
台灣自來水公司工項名稱及編碼,['41543']
台灣自來水公司年度各類採購表,['86107']
台灣自來水公司延性鑄鐵管(DIP)採購檢驗,['41541']
台灣自來水公司彈性座封閘閥採購檢驗,['59939']
台灣自來水公司影片宣導統計表,['59742']
台灣自來水公司所屬政風機構檢舉管道,['86106']
台灣自來水公司折舊性資產資料,['41535']
台灣自來水公司抽水機規範,['41544']
台灣自來水公司招考新進人員簡章公告錄取人數統計表,['16896']
台灣自來水公司提升服務效能執行計畫,['45341']
台灣自來水公司改善無自來水地區年度計畫,['25678']
台灣自來水公司文化資產維護管理,['16887']
台灣自來水公司新進人員性別統計表,['32575']
台灣自來水公司會計月報,['20516']
台灣自來水公司服務據點,['25679']
台灣自來水公司未來經營目標,['103681']
台灣自來水公司材料採購統計表,['25680']
台灣自來水公司材料週轉率統計表,['16890']
台灣自來水公司榮獲勞動部推行職業安全衛生優良單位統計表,['59740']
台灣自來水公司檔案管理成果統計表,['32558']
台灣自來水公司歷年水質合格率,['103684']
台灣自來水公司每度用水CO2排放量,['25681']
台灣自來水公司民眾陳情案件年度檢討分析報告,['16885']
台灣自來水公司水庫有效蓄水容量表,['32562']
台灣自來水公司水源巡查作業須知,['63206']
台灣自來水公司水管口徑基本費計費標準,['41558']
台灣自來水公司水質實驗室,['59738']
台灣自來水公司水質生物檢驗技術精進化,['25682']
台灣自來水公司水質風險管理,['22260']
台灣自來水公司水量計採購檢驗,['41542']
台灣自來水公司水量計裝置數,['95125']
台灣自來水公司決算書,['20517']
台灣自來水公司消費者保護宣傳工作成果統計表,['41548']
台灣自來水公司消防栓資料,['44642']
台灣自來水公司淨水場擴建計畫,['62881']
台灣自來水公司淨水場污泥餅處理情形,['61237']
台灣自來水公司漏水案件1日及3日案件修妥率統計表,['25683']
台灣自來水公司澄清湖入園人數統計表,['103680']
台灣自來水公司澄清湖園區介紹,['41557']
台灣自來水公司無自來水地區供水改善計畫之自來水延管工程,['112086']
台灣自來水公司現有員工性別及年齡統計表,['25684']
台灣自來水公司現有員工教育程度,['16895']
台灣自來水公司現有員工服務年資,['22261']
台灣自來水公司現有員工統計人數,['16894']
台灣自來水公司環境教育設施場所,['32568']
台灣自來水公司環境會計年報表,['32569']
台灣自來水公司用戶成長數,['41537']
台灣自來水公司用戶水質資訊公開,['36605']
台灣自來水公司用水度數分段統計表,['86112']
台灣自來水公司睦鄰工作要點,['16899']
台灣自來水公司管線工程技術人員工作證申請,['25685']
台灣自來水公司管線種類統計表,['25686']
台灣自來水公司給水廠出水能力,['25687']
台灣自來水公司經營基本資訊,['22262']
台灣自來水公司職員專長結構及人數統計表,['45338']
台灣自來水公司職業安全衛生管理計畫,['16893']
台灣自來水公司股東持股情形,['16886']
台灣自來水公司訓練所開課統計表,['32576']
台灣自來水公司設計出水量大於20萬CMD淨水場彙整表,['32563']
台灣自來水公司財務採購報表,['32566']
台灣自來水公司財務採購規範預審統計表,['112085']
台灣自來水公司財產申報受理申報案件分析表,['41546']
台灣自來水公司購建固定資產計畫執行月報表,['32570']
台灣自來水公司輔導合格清洗水池及水塔業者名冊,['123149']
台灣自來水公司辦理行政中立訓練統計表,['112087']
台灣自來水公司近年債務利息支出表,['86104']
台灣自來水公司近年委外研究計畫,['95119']
台灣自來水公司近年每人每日生活配水量,['103682']
台灣自來水公司近年水價資料表,['86103']
台灣自來水公司近年漏水率,['22263']
台灣自來水公司近年漏水防治國際合作成果,['41552']
台灣自來水公司近年管線汰換,['22264']
台灣自來水公司近年簡易損益表,['45340']
台灣自來水公司近年簡易資產負債表,['95121']
台灣自來水公司近年自行研究計畫,['95122']
台灣自來水公司近幾年總合災害指數,['112088']
台灣自來水公司近幾年重要財務比率,['122867']
台灣自來水公司通過環境影響評估,['22265']
台灣自來水公司通過環境教育設施場所認證課程表,['86111']
台灣自來水公司重大計畫執行進度,['16897']
台灣自來水公司閒置資產活化,['22266']
台灣自來水公司防貪業務統計表,['25688']
台灣自來水公司降低漏水率計畫,['41551']
台灣自來水公司顧客滿意度調查,['41538']
台灣自來水公司風險管理政策,['32561']
台灣自來水股份有限公司損益預計表,['12331']
台灣自來水股份有限公司現金流量表,['12491']
台灣自來水股份有限公司盈虧撥補預計表,['12332']
台灣製鞋品發展協會、台北縣鞋類商業同業公會、台南市皮革製品商業同業公會申請對自中國進口鞋靴課徵反傾銷稅暨臨時課徵反傾銷稅案產業損害初步調查公開資料,['22983']
台灣製鞋品發展協會、台北縣鞋類商業同業公會、台南市皮革製品商業同業公會申請對自中國進口鞋靴課徵反傾銷稅暨臨時課徵反傾銷稅案產業損害最後調查公開資料,['25836']
台灣製鞋品發展協會等3公協會申請對自中國進口鞋靴產品繼續課徵反傾銷稅案產業損害調查公開資料,['25819']
台灣金印獎得獎名單,['8291']
台灣電力公司-築蹟特展資訊,['102758']
台灣電力公司_2次變電所主變壓器裝置容量及負載,['16960']
台灣電力公司_人力現況分析,['16955']
台灣電力公司_供電系統介紹,['29929']
台灣電力公司_信用評等,['16884']
台灣電力公司_公司債,['16883']
台灣電力公司_再生能源別裝置容量,['29933']
台灣電力公司_再生能源別購入情形,['29936']
台灣電力公司_再生能源可併網容量,"['44193', '44194', '44195', '44196', '44202', '44203', '44204', '44206', '44207', '44208', '44209', '80285', '111479', '111480', '111481', '111483', '111484']"
台灣電力公司_再生能源各場址資料,['17141']
台灣電力公司_前促進電力發展營運協助金核定案件、捐助、會費、委託調查研究公佈事項,['29930']
台灣電力公司_可靠供電考慮要項,['29931']
台灣電力公司_台電公司配電系統重大事故停電速報案件記錄,['122741']
台灣電力公司_台電委託調查研究案,['24959']
台灣電力公司_各區域間過去電力潮流量,['37326']
台灣電力公司_各單位申請台灣職安衛管理系統(TOSHMS)驗證登錄情形一覽表,['29932']
台灣電力公司_各國電價比較,['17080']
台灣電力公司_各機組過去發電量,['37331']
台灣電力公司_各煤源國燃煤採購數量暨比例,['29934']
台灣電力公司_各縣市住宅、服務業及機關用電統計資料,['29935']
台灣電力公司_各縣市年度住宅、服務業、機關及工業用電比例,['38959']
台灣電力公司_各類電價表及計算範例,['17060']
台灣電力公司_員工清廉度調查報告,['29937']
台灣電力公司_太陽光電發電量及平均單位裝置容量每日發電量統計表,['29938']
台灣電力公司_太陽光電購電實績,['32986']
台灣電力公司_年度備轉容量彙整,['122035']
台灣電力公司_年度線路損失量,['122036']
台灣電力公司_年度電燈營業用戶(依行業別)售電量,['122521']
台灣電力公司_廉政會報會議紀錄,['29939']
台灣電力公司_志工活動,['16825']
台灣電力公司_惜物網拍賣金額,['29940']
台灣電力公司_招標決標件數比較表,['29941']
台灣電力公司_新聞稿,['25846']
台灣電力公司_會計報表,['18917']
台灣電力公司_未來1週電力供需預測,['33462']
台灣電力公司_未來兩年機組大修停機排程,['35393']
台灣電力公司_本年度每日尖峰備轉容量率,['25850']
台灣電力公司_柴油採購價格及數量,['29944']
台灣電力公司_核1、2、3及龍門廠機組歷次大修紀錄相關資料,['33583']
台灣電力公司_核子設施違規事項及注意改進事項定義,['29945']
台灣電力公司_核能發電廠位置及機組設備,['10858']
台灣電力公司_核能電廠事件通報,['37711']
台灣電力公司_核設施輻射監測即時資料,['42326']
台灣電力公司_歷年發購電量(能源別)及售電量(用途別),['35392']
台灣電力公司_歷年行業別用電按月統計資料,['31966']
台灣電力公司_每月住宅及小商店實際用電情形,['17062']
台灣電力公司_水力購電實績,['32988']
台灣電力公司_決算主要表,['18911']
台灣電力公司_汽電共生購電實績,['32985']
台灣電力公司_溫室氣體排放係數,['30151']
台灣電力公司_火力發電溫室氣體排放量,['29947']
台灣電力公司_煙道資料即時量測值,['44163']
台灣電力公司_燃料油採購價格及數量,['29952']
台灣電力公司_現有員工人數,['29948']
台灣電力公司_現有員工教育程度,['29949']
台灣電力公司_當年度促進電力發展營運協助金核定案件、捐助、會費、委託調查研究公佈事項,['29950']
台灣電力公司_第7輸變電計畫歷年加入系統新增CKM數,['29953']
台灣電力公司_第7輸變電計畫歷年加入系統新增變電所數量,['29954']
台灣電力公司_總管理處圖書室館藏,['17144']
台灣電力公司_表燈用電不及底度用戶數,['33463']
台灣電力公司_計畫性工作停電資料,['26144']
台灣電力公司_訓練所接受代訓統計資料,['29955']
台灣電力公司_訓練所核能、水火力電廠員工及承包商技術檢定統計資料,['29956']
台灣電力公司_變電所電磁場資訊,['16877']
台灣電力公司_財務資訊,['10857']
台灣電力公司_超高壓及1次變電所主變壓器裝置容量及負載,['16874']
台灣電力公司_路平專區,['26140']
台灣電力公司_近十年各類型火力機組可用率,['33662']
台灣電力公司_近十年水力機組大修紀錄,['33582']
台灣電力公司_近十年火力機組大修紀錄,['33581']
台灣電力公司_近核能發電績效及減碳效益,['10859']
台灣電力公司_近每日尖峰備轉容量率,['24945']
台灣電力公司_近決算書,['29957']
台灣電力公司_過去電力供需資訊,['19995']
台灣電力公司_鄉鎮市(郵遞區)別用電統計資料,['14135']
台灣電力公司_配電工程承攬商工安罰款,['26141']
台灣電力公司_配電線路地下化規劃原則,['26145']
台灣電力公司_重要電業經營績效,['10855']
台灣電力公司_電價及單位成本資訊,['30242']
台灣電力公司_電價小常識,['17051']
台灣電力公司_電價成本,['10856']
台灣電力公司_電價種類及適用範圍,['17052']
台灣電力公司_電價調整近況,['17081']
台灣電力公司_電力維生管線災情資訊,['44799']
台灣電力公司_電桿坐標及桿號,"['33305', '122523', '122524', '122737', '122738', '122739', '122740']"
台灣電力公司_電源開發方案,['30184']
台灣電力公司_電路出租業務公開招租須知,['29959']
台灣電力公司_需量競價執行成效,['102210']
台灣電力公司_預算主要表,['12336']
台灣電力公司_風力及太陽光電發電量,['17140']
台灣電力公司_風力購電實績,['32987']
台灣電力公司_風機發電量及發電時數統計表,['29961']
台灣風力發電廠商分布概況,['59760']
台糖休閒遊憩營業據點,['8315']
台糖冰店據點,['9724']
台糖加油站據點資訊,['6173']
台糖學苑據點,['8946']
台糖蜜鄰便利超市據點資訊,['6337']
台糖高雄物流園區區內事業名錄資訊,['22297']
台電中油經營改善小組執行情形摘要,['32475']
台電公司天然氣採購價格及數量,['9750']
台電服務據點相關資訊,['6570']
台電歷年尖峰負載及備用容量率,['8307']
台電系統(含外購電力)各機組發電量即時資訊,['8931']
台電年度委託研究主題及研究重點,['9711']
各單位暨所屬機關新聞稿,['10861']
各國基本資料檔-中東地區,['54819']
各國基本資料檔-亞太地區,['45203']
各國基本資料檔-歐洲地區,['54820']
各國基本資料檔-美洲地區,['54821']
各國基本資料檔-非洲地區,['54822']
各國實施防衛措一覽表,['103331']
各國對我國出口產品採反傾銷資訊,['22673']
各國政經情勢與商機資訊,['97537']
各國貿易救濟案件訊息,['8851']
各園區土地細項資訊,['16482']
各招商辦公室聯繫窗口,['24669']
各縣市商業會服務窗口,['29981']
各縣市工業會服務窗口,['29982']
各類專利案件審查實務案例研討,['32496']
各類貨品檢驗合格名單,['5979']
各行政區每年每季雲對地落雷次數統計,['9713']
合1紙業有限公司申請停止對日本進口銅版紙課徵反傾銷稅案產業損害調查公開資料,['22984']
合1紙業有限公司申請停止對日本進口銅版紙課徵反傾銷稅重為調查案產業損害調查公開資料,['25820']
合板類驗證登錄證書資料集,['36627']
含沙量測站位置圖,['16929']
呼氣酒精測試器及分析儀檢查合格單資料集,['103478']
咖啡連鎖業者公司登記異動數,['108362']
咖啡連鎖業者商業登記異動數,['108396']
品質計畫製作綱要,['22276']
品質驗證認可機構資料集,['96324']
商品型式認可品目資料,['8875']
商品暨服務異動資料,['9685']
商品與服務國際(尼斯)分類,['8489']
商業使用電子方式處理會計資料辦法,['16958']
商業司_企業併購法,['10430']
商業司_公司法,['10429']
商業司_商品標示法,['10433']
商業司_商業會計法,['10432']
商業司_商業登記法,['10431']
商業司_電子簽章法,['10434']
商業名稱及所營業務預查審核準則,['16954']
商業會計處理準則,['16957']
商業歇業登記清冊(月份),['6670']
商業登記(依營業項目別)-三溫暖浴室服務,['108364']
商業登記(依營業項目別)-不動產代銷經紀業,['81115']
商業登記(依營業項目別)-不動產仲介經紀業,['81110']
商業登記(依營業項目別)-五金批發業,['41449']
商業登記(依營業項目別)-五金零售業,['41456']
商業登記(依營業項目別)-人力派遣業,['102991']
商業登記(依營業項目別)-仲介服務業,['108360']
商業登記(依營業項目別)-便利商店,['108388']
商業登記(依營業項目別)-保全業,['81120']
商業登記(依營業項目別)-倉儲業,['108393']
商業登記(依營業項目別)-兒童課後照顧服務業,['81119']
商業登記(依營業項目別)-公寓大廈管理服務業,['81101']
商業登記(依營業項目別)-公益彩券服務,['108378']
商業登記(依營業項目別)-公證業,['108384']
商業登記(依營業項目別)-公路汽車客運業,['81102']
商業登記(依營業項目別)-其他工商服務業,['108379']
商業登記(依營業項目別)-其他綜合零售,['102986']
商業登記(依營業項目別)-其他農、畜、水產品批發業,['125964']
商業登記(依營業項目別)-其他餐飲,['102985']
商業登記(依營業項目別)-剪報業,['108344']
商業登記(依營業項目別)-加氣站業,['81100']
商業登記(依營業項目別)-加油站業,['81098']
商業登記(依營業項目別)-化粧品零售業,['82605']
商業登記(依營業項目別)-合成橡膠製造業,['125953']
商業登記(依營業項目別)-喜慶綜合服務業,['108380']
商業登記(依營業項目別)-國際貿易業,['82574']
商業登記(依營業項目別)-基本化學工業,['125954']
商業登記(依營業項目別)-塑膠日用品製造業,['125959']
商業登記(依營業項目別)-室內裝修,['102995']
商業登記(依營業項目別)-室內裝潢,['102992']
商業登記(依營業項目別)-室內裝潢業,['82566']
商業登記(依營業項目別)-室內輕鋼架工程業,['102984']
商業登記(依營業項目別)-寵物食品及其用品批發業,['125952']
商業登記(依營業項目別)-寵物食品及其用品零售業,['82609']
商業登記(依營業項目別)-寵物食品製造業,['82603']
商業登記(依營業項目別)-小客車租賃業,['81106']
商業登記(依營業項目別)-就業服務業,['81116']
商業登記(依營業項目別)-市區汽車客運業,['81124']
商業登記(依營業項目別)-市場研究及民意調查業,['108340']
商業登記(依營業項目別)-布疋、衣著、鞋、帽、傘、服飾品零售業,['82613']
商業登記(依營業項目別)-廚具、衛浴設備安裝工程業,['108348']
商業登記(依營業項目別)-廣告傳單分送業,['108350']
商業登記(依營業項目別)-建材零售業,['82611']
商業登記(依營業項目別)-影印業,['108356']
商業登記(依營業項目別)-打字業,['102994']
商業登記(依營業項目別)-排版業,['102987']
商業登記(依營業項目別)-攝影業,['108377']
商業登記(依營業項目別)-日常用品批發業,['82583']
商業登記(依營業項目別)-日常用品零售業,['82576']
商業登記(依營業項目別)-智慧財產權業,['125958']
商業登記(依營業項目別)-未分類其他食品製造業,['82569']
商業登記(依營業項目別)-殯葬禮儀服務業,['81112']
商業登記(依營業項目別)-水產品批發業,['125951']
商業登記(依營業項目別)-汽、機車零件配備零售業,['82595']
商業登記(依營業項目別)-汽車貨運業,['81114']
商業登記(依營業項目別)-漁船加油站業,['81108']
商業登記(依營業項目別)-烘焙炊蒸食品製造業,['82590']
商業登記(依營業項目別)-無店面零售業,['108368']
商業登記(依營業項目別)-特定寵物批發業,['82601']
商業登記(依營業項目別)-特定寵物服務業,['82581']
商業登記(依營業項目別)-特定寵物零售業,['82616']
商業登記(依營業項目別)-玻璃安裝工程業,['102983']
商業登記(依營業項目別)-理貨包裝業,['108387']
商業登記(依營業項目別)-當舖業,['81125']
商業登記(依營業項目別)-瘦身美容業,['108359']
商業登記(依營業項目別)-短期補習班業,['81117']
商業登記(依營業項目別)-移民服務業,['81099']
商業登記(依營業項目別)-第3方支付服務業,['108381']
商業登記(依營業項目別)-管理系統驗證業,['108353']
商業登記(依營業項目別)-糖果製造業,['125948']
商業登記(依營業項目別)-網路認證服務業,['108346']
商業登記(依營業項目別)-罐頭、冷凍、脫水及醃漬食品製造業,['82563']
商業登記(依營業項目別)-美容美髮服務,['108376']
商業登記(依營業項目別)-翻譯業,['108375']
商業登記(依營業項目別)-般廣告服務業,['102988']
商業登記(依營業項目別)-茶葉批發業,['125957']
商業登記(依營業項目別)-菸酒批發業,['125946']
商業登記(依營業項目別)-菸酒零售業,['82618']
商業登記(依營業項目別)-製粉業,['125966']
商業登記(依營業項目別)-製茶業,['125950']
商業登記(依營業項目別)-製酒業,['125962']
商業登記(依營業項目別)-西藥零售業,['82560']
商業登記(依營業項目別)-計程車客運服務業,['44702']
商業登記(依營業項目別)-計程車客運業,['44682']
商業登記(依營業項目別)-豆類加工食品製造業,['82572']
商業登記(依營業項目別)-資料處理服務,['108372']
商業登記(依營業項目別)-資訊軟體服務,['108361']
商業登記(依營業項目別)-超級市場業,['125955']
商業登記(依營業項目別)-農產品批發市場,['125956']
商業登記(依營業項目別)-農產品整理業,['125963']
商業登記(依營業項目別)-農產品零售業,['125960']
商業登記(依營業項目別)-逾期應收帳款管理服務業,['108366']
商業登記(依營業項目別)-遊覽車客運業,['81111']
商業登記(依營業項目別)-遊說業,['108392']
商業登記(依營業項目別)-門窗安裝工程業,['102982']
商業登記(依營業項目別)-電器批發業,['82606']
商業登記(依營業項目別)-電器零售業,['82608']
商業登記(依營業項目別)-電子資訊供應服務業,['108391']
商業登記(依營業項目別)-食品什貨、飲料零售業,['82588']
商業登記(依營業項目別)-食品什貨批發業,['82599']
商業登記(依營業項目別)-食品添加物批發業,['82614']
商業登記(依營業項目別)-食品添加物製造業,['82579']
商業登記(依營業項目別)-食品添加物零售業,['82586']
商業登記(依營業項目別)-食品顧問業,['82593']
商業登記(依營業項目別)-食用油脂批發業,['125965']
商業登記(依營業項目別)-飲料店業,['32685']
商業登記(依營業項目別)-飲料製造業,['125947']
商業登記(依營業項目別)-飲酒店業,['108358']
商業登記(依營業項目別)-飼料批發業,['125961']
商業登記(依營業項目別)-餐具清洗業,['108369']
商業登記(依營業項目別)-餐廳餐館,['108355']
商業登記(依營業項目別)-餐館業,['32681']
商業登記(依營業項目別)-麵條、粉條類食品製造業,['82597']
商業登記基本資料-應用,"['44709', '44710', '108339']"
商業登記家數及資本額異動,"['25344', '25345']"
商業登記新設立家數及資本額,['25341']
商業登記歇業家數,"['29256', '29268']"
商業登記歇業家數及資本額,['25343']
商業登記歇業資本額,"['29251', '29265']"
商業登記法施行細則,['16946']
商業登記現有家數及資本額,"['25342', '25346']"
商業登記申請辦法,['16956']
商業登記統計表,['29255']
商業登記規費收費準則,['16947']
商業設立登記清冊(月份),['6668']
商業變更登記清冊(月份),['6669']
商標代理人資訊,['59717']
商標專有名詞中英對照,['6437']
商標案件提起行政救濟統計表,['10487']
商標案件數量統計,['6436']
商標案件申請統計表,['101673']
商標案件統計季報,['35459']
商標案件處理績效統計表,['101675']
商標案優先權資料,['35466']
商標權狀態異動資料,['30117']
商標權異動公報,"['15979', '15980', '15981', '15982']"
商標法施行細則,['35452']
商標申請案,['41664']
商標處理時限,['59707']
商標規費清單,['59713']
商標註冊案公報,"['15975', '15976', '15977', '15978']"
商標註冊案分割紀錄,['30119']
商標註冊案移轉紀錄,['30120']
商標註冊申請案件前10名國籍統計報表,['101676']
商標註冊申請案各國申請件數統計表,['101684']
商標註冊申請類別標題對照表,['101697']
商標註冊申請類別統計表,['101696']
單位決算,['12179']
單位預算,['12164']
嘉義市非營業用戶售電量,['83620']
嘉義縣市歷史山崩目錄,['103241']
嘉義縣非營業用戶售電量,['83619']
噪音計檢查合格單資料集,['129736']
嚴重特殊傳染性肺炎防治及紓困振興特別預算執行情形表,['122677']
因應登革熱疫情環境孳生源清除與督導管理計畫,['29869']
固定地秤檢查合格單資料集,['103479']
國內各場域行動支付滲透率,['128268']
國內外經濟情勢分析,"['17030', '17038', '17040', '25568', '25572', '25573']"
國內外與中國大陸經濟情勢發展與我經貿策略規劃-中國大陸十9大後內外經濟趨勢動向觀察,['102833']
國內外與中國大陸經濟情勢發展與我經貿策略規劃-美國近期重大政策觀察與對臺影響研析,['102827']
國內消費者4G應用服務使用現況與趨勢盤點報告,['59468']
國外投資分區分業月資料統計,['32522']
國外投資分區月資料統計,['32520']
國外投資分業月資料統計,['32521']
國家品質獎歷屆得獎名單,['8288']
國家標準資料集,['85993']
國家產業創新獎得獎專輯,['16935']
國家產業創新獎英文手冊,['58846']
國家發明創作獎得獎名單,['8490']
國家磐石獎,['5973']
國家科技創新系統動態監視與建構我國產業競爭優勢研究計畫,['85132']
國家賠償事件處理要點,['17196']
國泰化工廠股份有限公司申請對自中國大陸產製進口之甲醛合次硫酸氫鈉產品課徵反傾銷稅暨臨時課徵反傾銷稅案產業損害初步調查公開資料,['25821']
國泰化工廠股份有限公司申請對自中國大陸產製進口之甲醛合次硫酸氫鈉產品課徵反傾銷稅暨臨時課徵反傾銷稅案產業損害最後調查公開資料,['25824']
國營事業委員會_公共工程基本設計審查機制,['16669']
國營事業委員會_加強所屬事業董事會及監察人功能實施要點,['16672']
國營事業委員會_所屬事業機構因公派員赴大陸地區案件處理要點,['16504']
國營事業委員會_所屬事業機構派員出國實施要點,['16679']
國營事業委員會_所屬事業機構用人費薪給管理要點,['16671']
國營事業委員會上年度重大紀事,['59840']
國營事業委員會委員名單,['86366']
國營事業委員會預算,['12616']
國營事業管理法,['10494']
國營會_補助縣市政府經費表,['95053']
國際企業經營班海外派訓合作單位資訊,['25660']
國際合作處-最新消息,['21111']
國際專利分類,['22312']
國際展覽代碼,['16537']
國際工業設計分類,['22313']
國際技術合作計畫出國考察研習人數_英文(No. of Taiwan trainees (by year/field of study/destination country),['77855']
國際技術合作計畫日本專家來臺指導人數_英文(No. of Japanese experts visiting Taiwan as instructors),['77856']
國際會議展覽補助資訊,['8286']
國際經濟整合趨勢下，南部產業的衝擊、商機及升級轉型研究-南部地區發展總部經濟拓展國際鏈結之策略研究,['102837']
國際經濟整合趨勢下，南部產業的衝擊、商機及升級轉型研究-南部都會發展國際區域銀髮養老產業可行性研究,['102838']
國際經濟整合趨勢下，南部產業的衝擊、商機及升級轉型研究-運用高雄地區定錨企業優勢，協助提升區域創新之策略研究,['102839']
國際貿易局_其他相關輸入規定,['10464']
國際貿易局_其他相關輸出規定,['10472']
國際貿易局_函釋與裁量基準資料,['122072']
國際貿易局_工業產品輸入行政規定,['10480']
國際貿易局_建議開放大陸物品進口之程序,['10482']
國際貿易局_農產品進口行政規定,['10477']
國際貿易局任務,['62473']
國際貿易局及所屬單位會計月報,['17447']
國際貿易局及所屬單位決算,['17443']
國際貿易局及所屬單位預算,['12169']
國際貿易局組織職掌與聯絡方式,['103329']
園區事業別核准投資家數分類資訊,['8185']
園區事業別營業額資訊,['6333']
園區事業資金來源資訊,['6334']
園區公司登記家數及資本額資訊,['8182']
園區別歷年受雇員工人數增減比較資訊,['8183']
園區別營業額資訊,['8181']
園區各業別暨受雇員工平均工資資訊,['6335']
園區土地資訊,['6331']
園區投資指南(簡要版),['56938']
園區標準廠房資訊,['6332']
園區水電耗用狀況資訊,['6336']
園區現況表,['32554']
園區群聚的產業別及廠商名稱,['56927']
土壤液化潛勢圖資群組,['28691']
在大陸地區從事商業行為許可辦法,['22138']
在臺公司大陸地區股東股權行使條例,['22137']
地下水分區第1含水層觀測井控制範圍,['129460']
地下水分區第2含水層觀測井控制範圍,['129461']
地下水分區範圍圖,['129317']
地下水水位年度統計,['22224']
地下水水位歷年統計,['32717']
地下水水位觀測井井況,['32718']
地下水水質監測站位置圖,['129315']
地下水第1級管制區,['129318']
地下水第2級管制區,['129319']
地下水觀測井位置圖_已廢站,['129316']
地下水觀測井位置圖_現存站,['32725']
地層下陷水準高程檢測點,['129312']
地方政府招商評比得名名單,['36482']
地方產業發展基金補助計畫(歷年清單),['45360']
地方產業發展基金補捐助縣市政府情形統計表,['14352']
地調所辦理政策宣導之廣告,['16780']
地質敏感區劃定變更及廢止辦法,['16801']
地質敏感區基地地質調查及地質安全評估作業準則,['16803']
地質敏感區基地地質調查及地質安全評估參考資料,['77872']
地質敏感區審議會組織及運作辦法,['16802']
地質敏感區研習班講義相關資料,['77873']
地質敏感區範圍數值檔,['27744']
地質法,['16800']
地質法地質敏感區之公告宜界定為法規命令或一般處分疑義,['45243']
地質法重大公共建設之定義,['16788']
地質災害委託調查及鑑定辦法,['45239']
地質百科,['16777']
地質資料蒐集管理辦法,['45240']
基本金屬及其製品潛力出口市場篩選,['111081']
基金決算,['12188']
基金預算,['12166']
基隆市非營業用戶售電量,['83418']
堤防或護岸位置圖,['129462']
場地借用要點及價目表,['8312']
塑膠管類驗證登錄證書資料集,['32642']
塑膠箱類驗證登錄證書資料集,['41580']
塑膠與橡膠及其製品潛力出口市場篩選,['122084']
外國人來臺投資分區分業月資料統計,['32518']
外國人來臺投資分區月資料統計,['32515']
外國人來臺投資分業月資料統計,['32517']
外國人投資-國內被投資事業清冊,['7075']
外國公司認許與代表人辦事處現有家數,['8301']
外國憑證機構許可辦法,['16985']
外國申請人發明專利申請前十大國籍統計表,['81173']
外賓統計,['17150']
外賓統計表_英文,['77853']
外銷訂單,['6845']
大專校院資訊應用服務創新競賽入圍決賽名單,['16402']
大屯火山地區地溫觀測資料,['16798']
大屯火山地區地質鑽探點位資料,['77877']
大屯火山地區溫泉採樣分析點位資料,['77878']
大屯火山地區溫泉水質分析資料,['16794']
大屯火山地區溫泉水質連續觀測資料,['16795']
大屯火山地區火山氣體分析資料,['16796']
大屯火山地區火山氣體採樣分析點位資料,['77879']
大屯火山地區火山氣體連續觀測資料,['16797']
大洋洲地區自臺灣進口產品之市佔情形,['62475']
大臺北華城社區內各污水下水道系統水量累計歷年統計資料,['58682']
大陸來台申請商標類型及其處理結果統計表,['101659']
大陸地區之營利事業在臺設立分公司或辦事處許可辦法,['22139']
大陸地區經貿事務非營利法人、團體或其他機構來臺設立辦事處許可辦法,['22163']
大陸物品不准許輸入項目,['22674']
大陸物品准許輸入項目,['9687']
大陸物品有條件准許輸入項目,['22675']
大陸物品輸入特別規定代號,['30169']
天使與新創資源平台-投資人成員名單,['61159']
天使與新創資源平台-新創企業資料庫,['61157']
天然災害區排排水設施受損情形,['129233']
太普高精密影像股份有限公司申請對原產於中國大陸之熱敏電腦直接感光數位版材課徵反傾銷稅暨臨時課徵反傾銷稅案產業損害初步調查公開資料,['25823']
太普高精密影像股份有限公司申請對原產於中國大陸之熱敏電腦直接感光數位版材課徵反傾銷稅暨臨時課徵反傾銷稅案產業損害最後調查公開資料,['25822']
奈米標章獲證產品及廠商資訊,['22370']
女性創業菁英賽-歷屆獲獎名單,['8321']
嬰兒學步車商品標示基準,['16968']
嬰兒床商品標示基準,['16969']
學界協助中小企業科技關懷跨域整合計畫,['37408']
完成漢翔航空工業公司民營化之摘要,['29084']
宜蘭地區全磁力異常圖,['61126']
宜蘭縣非營業用戶售電量,['83650']
家電產業臺灣製產品MIT微笑標章獲證業者資料,['45318']
審查所屬事業之事業計畫、投資計畫及預算的摘要,['29085']
審查經濟事務財團法人設立許可及監督要點,['22145']
寶山第2水庫濁度資料,['58690']
寶山第2水庫集水區範圍圖,['58344']
專利1案兩請關聯案件,['30121']
專利優先權案,['30122']
專利公告公報,"['15972', '15983', '15984', '15985', '15986']"
專利公告數量分類統計表,['94243']
專利公告發證件數國籍統計表,['81184']
專利分割案,['30123']
專利商品化意願調查統計,['32497']
專利商標電子服務問答集,['22314']
專利問答集,['16414']
專利審查高速公路(PPH)申請案件統計,['35454']
專利審查高速公路PPH問答集,['109938']
專利師法問答集,['22315']
專利師法規資訊,['25641']
專利師相關解釋函,['22316']
專利師訓練歷次試題,['22317']
專利年費應繳金額表,['109939']
專利年費繳納通知之虛擬帳號機制問答集,['22318']
專利改請案,['30124']
專利新申請、公告核准、發證及公告發證件數統計表,['94247']
專利新申請、再審查及舉發案件件數統計表,['94248']
專利新申請案國籍統計表,['94255']
專利案件代理人資訊,['25642']
專利案件依產業分類發證件數,['94251']
專利案件年費繳納紀錄,['35465']
專利案件數量統計,['6435']
專利案件申請及處理數量統計表,['94250']
專利權狀態異動資料,"['30125', '30126', '30127']"
專利權異動公報,"['15974', '15990', '15991']"
專利申請數量分類統計表,['94245']
專利申請案IPC/LOC及第1申請人國籍資訊,"['35462', '35463', '35464']"
專利異議、舉發成立、不成立與舉發部分成立案件數統計表,['94253']
專利百大排行,['6028']
專利行政救濟提起、被撤銷案件數量統計表,['94249']
專利行政爭訟案例研討彙編,['35457']
專利訴願案件數量統計表,['94254']
專利說明書(1案1),['15987']
專利說明書(單頁式掃描檔),['15989']
專利說明書(多頁式掃描檔),['15988']
專利讓與紀錄,['30128']
專業人員研究中心_學員綜合滿意度統計表,['32670']
專業人員研究中心_年度受訓學員人數與水資源消耗比較表,['37160']
專業人員研究中心_年度受訓學員人數與電能源消耗比較表,['37161']
專業人員研究中心_年度訓練計畫執行概況表,['31516']
專業人員研究中心_訓練硬體設施資源,['42548']
專業人員研究中心_課程資訊,['31515']
對中國大陸投資分區分業月資料統計,['32525']
對中國大陸投資分區月資料統計,['32523']
對中國大陸投資分業月資料統計,['32524']
對海外投資事業營運狀況調查分析報告,['76393']
對經濟事務財團法人管理及監督作業規範,['22146']
對自中國大陸產製進口不銹鋼冷軋鋼品課徵平衡稅案,['126292']
對自中國大陸產製進口特定不銹鋼熱軋鋼品課徵平衡稅及反傾銷稅案,['126272']
對自中國大陸產製進口特定碳鋼冷軋鋼品課徵平衡稅及反傾銷稅案,['126275']
對自中國大陸產製進口特定鍍鋅、鋅合金扁軋鋼品課徵平衡稅案,['126281']
對自中國大陸產製進口碳鋼鋼板課徵平衡稅案,['126291']
對自中國大陸進口之毛巾產品臨時課徵反傾銷稅暨課徵反傾銷稅案產業損害初步調查公開資料,['22985']
對自中國大陸進口之毛巾產品臨時課徵反傾銷稅暨課徵反傾銷稅案產業損害最後調查公開資料,['22986']
對自日本及韓國進口之聚丙烯課徵反傾銷稅課徵原因第1次檢討案產業損害調查公開資料,['16995']
對自日本及韓國進口之聚丙烯課徵反傾銷稅課徵原因第2次檢討案產業損害調查公開資料,['16997']
對自日本進口之保險粉課徵反傾銷稅課徵原因檢討案產業損害調查公開資料,['17007']
對自韓國進口之高、低密度聚乙烯課徵反傾銷稅課徵原因第1次檢討案產業損害調查公開資料,['16996']
對自韓國進口之高、低密度聚乙烯課徵反傾銷稅課徵原因第2次檢討案產業損害調查公開資料,['16998']
對進口之高密度及線性低密度聚乙烯採行進口救濟措施案,['80622']
對進口之高密度及線性低密度聚乙烯採行進口救濟措施調查案公開資料,['25818']
導入身分安全驗證機制業者資料表,['59739']
小型企業創新研發計畫(SBIR)-最新消息,['45353']
小型企業創新研發計畫(SBIR)-活動快訊,['45355']
小型企業創新研發計畫(SBIR)-申請須知,['86667']
小型企業創新研發計畫(SBIR)-計畫公告,['45354']
小型企業創新研發計畫(SBIR)-顧問諮詢單位合格名冊,['86668']
小型企業創新研發計畫(SBIR)核定補助名單,['26131']
小巨人獎,['5975']
屏東園區區內事業名錄資訊,['22294']
屏東園區土地出租資訊,['56935']
屏東園區就業訊息,['8180']
屏東園區工廠產品統計,['36421']
屏東園區年度勞工育樂活動,['32672']
屏東園區廠商海關監管資訊,['56933']
屏東園區待租售廠房資訊,['32674']
屏東園區新聞稿清單,['79659']
屏東園區於傳媒(含平面、網路、廣播)辦理政策宣導之相關廣告費用統計資訊(作業基金),['16496']
屏東園區於傳媒(含平面、網路、廣播)辦理政策宣導之相關廣告費用統計資訊(公務預算),['16489']
屏東園區歷年各項採購案件,['32673']
屏東園區獲准投資區內事業行業別統計,['25793']
屏東園區產業別土地使用狀況,['16501']
屏東縣非營業用戶售電量,['83634']
層積材類驗證登錄證書資料集,['36628']
山區水文地質鑽探-鑽孔井錄,['103246']
山區水文地質鑽探-鑽孔基本資料,['103244']
山區水文地質鑽探-鑽孔岩心紀錄,['103245']
山區水文地質鑽探phase2-鑽孔井錄,['122766']
山區水文地質鑽探phase2-鑽孔基本資料,['122753']
山區水文地質鑽探phase2-鑽孔岩心紀錄,['122762']
山崩與地滑地質敏感區劃定計畫書,"['77886', '77887', '77888', '77889', '77890']"
岩屑崩滑潛勢分析圖,['8294']
岩體滑動潛勢分析圖,['9701']
工商綜合區設置方針及申請作業要點,['22143']
工廠校正營運(按縣市別),['6847']
工廠校正營運(按行業別),['6846']
工業區污水處理廠放流水水質資訊,['22371']
工業區污水處理費現行收費標準,['22372']
工業局_台灣設計產業翱翔計畫,['10715']
工業局_安全供應鏈推動計畫,['10709']
工業局_生技醫藥產業發展推動計畫,['22375']
工業局_產業用地規劃與活化策略期末報告,['10698']
工業局_紙器產業振興輔導計畫,['10707']
工業局_金屬機電傳產維新推動計畫,['10704']
工業局人才培訓計畫課程資訊,['8797']
工業局單位決算,['19897']
工業局單位預算,['12195']
工業局所轄工廠採樣檢驗資料,['95105']
工業局所轄工業區基本資料,['80190']
工業局所轄工業區寬頻管道電子地圖,['16390']
工業局所轄工業區已租售土地建廠使用情形,['8796']
工業局所轄工業區服務中心機關基本資料,['95102']
工業局所轄工業區污水管道電子地圖,['16388']
工業局所轄工業區污水處理廠污泥採購資料,['80277']
工業局所轄工業區簡介資料,['95111']
工業局所轄工業區製造業各行業設廠面積,['25708']
工業局所轄工業區設施資料,['95104']
工業局所轄工業區雨水管道電子地圖,['16389']
工業局所轄污水處理廠CWMS監測資料,['95106']
工業局所轄污水處理廠基本資料,['95103']
工業局會計月報,['19900']
工業局補(捐)助資料,['45319']
工業局補助地方政府強化地方工業區公共設施及設置平價產業園區作業要點部分規定修正,['100014']
工業局輔導廠商資料集,['18366']
工業廢棄物供需資訊,['8855']
工業生產,['6607']
工業用地供給與服務網-購地需求月統計,['119145']
工業精銳獎得獎企業名錄,['16387']
工程地質探勘資料點位圖,['8292']
工程施工查核口頭簡報內容大要,['22274']
工程施工查核小組不預先通知查核作業補充規定,['22273']
工程施工查核暨全民督工年度檢討會議紀錄,['25675']
工程施工查核書面簡報內容大要,['22272']
已設權礦區狀態統計表,['6849']
平原區水文地質剖面線,['122767']
平原區水文地質鑽探-鑽孔井錄,['61132']
平原區水文地質鑽探-鑽孔基本資料,['61130']
平原區水文地質鑽探-鑽孔岩心紀錄,['61131']
年度中小企業之行業與各項指標值及比率,['9720']
年度中小企業重要統計表,['5972']
年度企業之行業規模別家數,['9721']
年度各單位發文代字表,['17101']
年度各縣市企業家數及銷售值,['9717']
年度女性企業家數、銷售值、內銷值及出口值,['9718']
年度就業人數,['9723']
年度新設企業家數、銷售值、內銷值及出口值,['9716']
年度產業部門之各項指標值,['9719']
年度製造業中業別家數、銷售值、內銷值及出口值,['9722']
幸福點心競賽,['22373']
廠商負責人性別統計表,['16533']
彙整全區區內事業名錄資訊,['22296']
彰化縣非營業用戶售電量,['83433']
微型及個人事業支援與輔導計畫-促進商機廠商列表,['61140']
徵收礦業權費及礦產權利金情形,['9707']
性別平等專案小組會議紀錄,"['24933', '24934', '25717', '25718', '30139']"
性別平等專案小組第1次會議紀錄,['17126']
憑證實務作業基準應載明事項準則,['16987']
應施檢驗/查驗品目資料,['7078']
我國參與政府間半導體會議(GAMS)重要事紀,['45366']
我國反傾銷稅案件處理情形一覽表,['45616']
我國反傾銷稅案件關聯一覽表,['45617']
我國戰略性高科技貨品出口實體管理名單,['102368']
我國政府依投資條約及協定進行仲裁程序及履行仲裁判斷處理要點,['17204']
我國法人與自然人專利申請及產業趨勢分析報告書,['32498']
我國法人與自然人專利申請及產業趨勢分析報告精簡圖表集,['32499']
我國產業專利訴訟案件查詢,['58717']
我國航空產業歷年產值,['16405']
我國進口救濟案件處理情形一覽表,['103000']
我對南向18國投資分年統計,['98779']
我對南向18國投資分業統計,['98781']
我對歐盟各國投資分年統計,['103506']
我對歐盟各國投資分業統計,['103503']
我對邦交國投資分年統計,['98786']
我對邦交國投資分業統計,['98787']
戰略性高科技貨品(SHTC)輸出許可證按年簽證件數統計,['41500']
戰略性高科技貨品簽證單位,['16523']
戰略性高科技貨品進口保證書(WA)按年簽證件數統計,['41498']
所屬事業上年度人員訓練統計表(決算數),['41377']
所屬事業上年度總資產報酬率(決算數),['61372']
所屬事業主要生產設備與產能(決算數),['45321']
所屬事業主要產品銷售對象(決算數),['59836']
所屬事業固定資產投資專案計畫編審要點,['10501']
所屬事業基本資訊表,['102871']
所屬事業實施獨立董事制度作業要點,['16675']
所屬事業年度事業計畫,['25676']
所屬事業快裝快卸獎金管理要點,['22268']
所屬事業提供民眾參觀遊憩之園館廠區,['6596']
所屬事業機構內部檢核實施要點,['22277']
所屬事業機構參加民營事業投資應行注意,['10496']
所屬事業機構睦鄰工作要點,['16804']
所屬事業民營化時程表,['61365']
所屬事業移轉民營從業人員優惠優先認購股份辦法,['16677']
所屬事業移轉民營從業人員權益補償辦法,['16676']
所屬事業移轉民營成果,['59838']
所屬事業經營績效獎金實施要點,['16678']
所屬事業股權分布概況表,['36584']
所屬事業轉投資民營事業之投資損益表,['109917']
所屬事業轉投資民營事業基本資料表(決算數),['41380']
所屬事業近主要產品產量概況表(決算數),['36586']
所屬事業近主要產品銷量概況表(決算數),['36587']
所屬事業近員工人數統計表(決算數),['41376']
所屬事業近固定資產概況表,['32461']
所屬事業近對全國工業生產的貢獻,['30021']
所屬事業近對國家財政的貢獻,['30020']
所屬事業近對經濟總供給面的貢獻,['30019']
所屬事業近對經濟總需求面的貢獻,['30018']
所屬事業近營運概況,['8803']
所屬事業近用人費情形表,['32450']
所屬事業近研究發展經費彙計表(決算數),['41378']
所屬事業近總收入概況表(決算數),['36585']
所屬事業近總資產概況表,['32457']
所屬事業近資本額概況表,['32471']
所屬各事業科學與技術類委託研究計畫作業規定,['10507']
所屬國營事業機構員工人數及性別統計表,['109921']
手推嬰兒車商品標示基準,['16966']
批發、零售及餐飲業營業額,['6842']
技術服務能量登錄合格機構名單,['29791']
技術處-技術與專利授權資訊,['25876']
技術處_愛台12建設–產業創新走廊之相關資訊及執行績效,['16714']
技術處_補捐助經費彙總表,['11114']
技術處_辦理政策之廣告,['11144']
技術處–可移轉技術資料集,['16698']
技術處–專利資料集,['16695']
技術處–最新消息,['16701']
技術處–活動消息,['16704']
技術處學界科專計畫管理系統-科技專案編碼,['16722']
技術處業界科專計畫管理系統-科技專案編碼,['16720']
技術處法人科專計畫管理系統–科技專案編碼,['16717']
投資事業公股代表名單,['95055']
投資台灣入口網-外商來臺投資案例,['37019']
投資台灣入口網電子報歷史資料,['24673']
投資台灣實用手冊,['24682']
投資媒合平台-優質廠商,['45356']
投資媒合平台-推薦廠商,['45357']
投資審議委員會保有及管理之個人資料項目彙整表,['45612']
投資審議委員會單位預算,['12155']
投資審議委員會委員會議新聞稿,['18430']
投資審議委員會會計月報,['20585']
投資審議委員會決算書,['20586']
投資審議委員會辦理國家賠償事件處理情形統計表,['45613']
抽水站位置圖,['25769']
招商活動與成果,['24668']
排水圖框,['129297']
排水設施範圍,['129294']
採購範本,['29966']
推動中小企業智慧製造數位轉型計畫成果,['32764']
推動台電台水公司擴大辦理水電麻吉聯合服務計畫,['32481']
推動性別主流化執行計畫,['16848']
推動性別主流化執行計畫成果報告,['30114']
推動性別主流化實施計畫,['16849']
推動所屬事業加強內部檢核工作之摘要,['29086']
推動所屬事業改進人事管理制度之摘要,['29083']
推廣貿易基金對民間團體及個人補捐助案件彙總表,['83423']
推廣貿易基金附屬單位會計月報,['18888']
推廣貿易基金附屬單位決算,['18887']
推廣貿易基金附屬單位預算,['18923']
提升服務效能實施計畫,['92278']
擎天崗地質鑽探柱狀圖,['112055']
支援利用專利審查高速公路(TW-SUPA)問答集,['109937']
政府資料開放諮詢小組歷次會議紀錄,['20436']
政府輔導商圈名錄,['8847']
政府間半導體會議(GAMS)相關英文名詞定義,['45368']
數位內容產品獎得獎廠商名單,['22328']
數位內容產業專業人才需求調查結果報告,['16392']
數位印刷產業專業人才需求推估調查,['95002']
文具商品標示基準,['16970']
文具用品類驗證登錄證書資料集,['41579']
新創事業獎,['8320']
新創圓夢網-創業常見問題,['45362']
新創圓夢網-影音專區,['112689']
新創圓夢網-找資金,['103807']
新創圓夢網-電子報,['112688']
新創圓夢網-青年創業個案,['103808']
新創圓夢網活動看板,['30248']
新創圓夢網社會企業專區,['86662']
新北市商業登記資料-C製造業,['53660']
新北市商業登記資料-F零售、批發及餐飲業,['53657']
新北市商業登記資料-I專業、科學及技術服務業,['52930']
新北市非營業用戶售電量,['83426']
新南向國家人才培訓課程計畫,['86269']
新南向國家投資環境簡介,['76074']
新南向國家產業地圖-印尼 汽車零組件,['121090']
新南向國家產業地圖-印尼(醫療器材),['100277']
新南向國家產業地圖-印尼食品,['73273']
新南向國家產業地圖-印度資通訊,['73274']
新南向國家產業地圖-柬埔寨(紡織),['116041']
新南向國家產業地圖-泰國汽車零組件,['73275']
新南向國家產業地圖-緬甸紡織,['73278']
新南向國家產業地圖-菲律賓(電子產業),['127537']
新南向國家產業地圖-菲律賓醫療器材,['73276']
新南向國家產業地圖-越南(紡織),['113946']
新南向國家產業地圖-越南(醫療器材),['103461']
新南向國家產業地圖-越南鋼鐵及應用,['73277']
新南向國家產業地圖-馬來西亞(汽車零組件),['100278']
新南向國家自臺灣進口產品之市佔情形,['62476']
新南向市場創新行銷開發計畫資訊網-東協市場消費品法規認證資料,['111083']
新南向市場創新行銷開發計畫資訊網-東協消費者調查,['111187']
新型專利公告發證件數依國際專利3階分類排行,['94269']
新型專利技術報告問答集,['16415']
新型專利新申請案件數依國際專利3階分類排行,['94270']
新型新申請及公告發證分類件數統計表,['94271']
新型申請、准、駁、公告發證暨新型技術報告件數統計表,['94268']
新竹市非營業用戶售電量,['83429']
新竹縣非營業用戶售電量,['83430']
新興市場人才培育行動計畫辦理資訊,['16541']
新興市場出口明星輔導廠商名單,['45371']
新興市場整合示範專案廠商名單,['16525']
新設立公司登記家數,"['29260', '29269']"
新設立公司登記資本額,"['29257', '29258']"
新設立商業登記家數,"['29254', '29259']"
新設立商業登記資本額,"['29264', '29273']"
斷層地質敏感區劃定計畫書,"['16785', '16786', '16787', '32598', '32600', '32604', '32606', '32607', '32609', '45244', '45245', '45246', '45247', '45248', '77885', '112060', '112061']"
斷層整合性觀測與潛勢分析計畫(2/4)報告書,['16790']
斷層整合性觀測與潛勢分析計畫(3/4)報告書,['32616']
斷層活動特性分析與評估總報告書,['16791']
施工補充說明書及其附件,['95805']
日本投資環境簡介,['91852']
智慧財產局中文電子報,['59716']
智慧財產局個資項目彙整表,['59719']
智慧財產局公款補助團體私人情形表,['10483']
智慧財產局單位決算,['18921']
智慧財產局圖書室館藏目錄,['123143']
智慧財產局對外關係文書,['10489']
智慧財產局性別統計,['35461']
智慧財產局會計月報,['19724']
智慧財產局法定預算,['12310']
智慧財產局法規相關公告,['59720']
智慧財產局預算案,['12309']
智慧財產權小題庫,['22319']
智慧財產權月刊,['59711']
智慧財產權研討會資訊,['59710']
智慧財產法院行政訴訟專利事件統計表,['94261']
智慧電網產業廠商資料庫,['22378']
暨其所屬單位公共建設計畫預算執行總表,['86368']
曾文水庫即時水情資訊,['32733']
最近十年每人每年水費,['16889']
最近十年每戶每年水費,['16888']
會計師查核簽證財務報表規則,['16961']
會議展覽服務產業性別統計,['30170']
有效專利件數統計表,['81183']
服務品質提昇計劃,['77871']
服務據點-各縣市工商發展投資策進會資料,['24670']
服務業國際行銷計畫獲選業者資訊,['16534']
服務業海外布局計畫獲選業者資訊,['16540']
服貿協議業管機關聯絡窗口,['22676']
服飾標示基準,['16963']
木質地板類驗證登錄證書資料集,['36630']
本國人與外國人公告發證件數統計表,['81178']
本國人與外國人新申請專利件數統計表,['81180']
本國專利技術名詞中英對照詞庫,['32500']
本國與外國發明專利申請趨勢分析,['25643']
本局認可國內驗證機構,['16740']
本局認可國外驗證機構,['16741']
本處年度提升服務效能執行計畫,['94002']
本處所轄各園區動產擔保交易登記統計表,['32621']
東南亞經貿新局及我國因應對策,['63372']
東和鋼鐵企業股份有限公司申請對自日本進口之Ｈ型鋼課徵反傾銷稅及臨時反傾銷稅並依法追溯課徵案產業損害初步調查公開資料,['17010']
東和鋼鐵企業股份有限公司申請對自日本進口之Ｈ型鋼課徵反傾銷稅及臨時反傾銷稅並依法追溯課徵案產業損害最後調查公開資料,['17011']
東和鋼鐵企業股份有限公司申請對自日本進口之Ｈ型鋼課徵反傾銷稅屆滿後繼續課徵案產業損害調查公開資料,['22987']
東和鋼鐵企業股份有限公司申請對自波蘭、俄羅斯、澳洲、韓國進口之Ｈ型鋼課徵反傾銷稅及臨時反傾銷稅案產業損害初步調查公開資料,['17001']
東和鋼鐵企業股份有限公司申請對自波蘭、俄羅斯、澳洲、韓國進口之Ｈ型鋼課徵反傾銷稅及臨時反傾銷稅案產業損害最後調查公開資料,['17002']
東和鋼鐵企業股份有限公司申請對自波蘭、俄羅斯及韓國進口之Ｈ型鋼課徵反傾銷稅屆滿後繼續課徵案產業損害調查公開資料,['22988']
枯旱預警,['36695']
查核工程施工應注意事項,['22278']
核准僑外投資、陸資來臺投資、國外投資、對中國大陸投資統計新聞稿,['18426']
核准僑外投資、陸資來臺投資、國外投資、對中國大陸投資統計月報,['18428']
核准僑外投資、陸資來臺投資、國外投資、對中國大陸投資統計速報,['18429']
桃園市商業登記資料-C製造業,['53670']
桃園市商業登記資料-F零售、批發及餐飲業,['52927']
桃園市商業登記資料-I專業、科學及技術服務業,['52929']
桃園市非營業用戶售電量,['83427']
楠梓、高雄軟體園區就業資訊,['5977']
楠梓加工出口區污水下水道使用管理規章,['110389']
楠梓及第2園區區內事業名錄資訊,['22298']
楠梓園區不動產交易實價登錄資訊,['79654']
楠梓園區事業類別樓地板持有面積,['94001']
楠梓園區再生水模型廠操作資料,['110388']
楠梓園區區內固網業者名冊,['22299']
楠梓園區及第2園區建築及景觀預審規範,['32610']
楠梓園區及第2園區營業聯絡處所廠商名錄,['22295']
楠梓園區及第2園區產業別土地使用狀況,['16495']
楠梓園區各類別採購案件資訊,['22300']
楠梓園區年度勞工育樂活動,['32623']
楠梓園區廠商海關監管資訊,['56929']
楠梓園區待租售廠房資訊,['32599']
楠梓園區從業員工職場培訓服務統計,['22301']
楠梓園區放流口及其上游之水質檢測結果,['16484']
楠梓園區於傳媒(含平面、網路、廣播)辦理政策宣導之相關廣告費用統計資訊(作業基金),['16492']
楠梓園區於傳媒(含平面、網路、廣播)辦理政策宣導之相關廣告費用統計資訊(公務預算),['16486']
楠梓園區溫馨加油站服務內容,['56925']
楠梓園區獲准投資區內事業行業別統計,['22302']
楠梓園區資源回收統計資訊,['16485']
楠梓第2園區待租售廠房資訊,['32601']
業界開發產業技術計畫補助計畫,['7072']
榮剛重工股份有限公司申請對自日本進口之不鏽鋼條、桿課徵反傾銷稅案產業損害初步調查公開資料,['16999']
榮剛重工股份有限公司申請對自日本進口之不鏽鋼條、桿課徵反傾銷稅案產業損害最後調查公開資料,['17000']
榮譽會計師名單,['16373']
榮譽會計師服務件數,['16374']
標檢局化工類處分案件資料集,['85995']
標檢局市場檢查案件統計資料集,['86002']
標檢局市場監督其它類型案件統計資料集,['86003']
標檢局市場監督檢查案件資料集,['96320']
標檢局市場監督處分案件輸入及產製來源統計資料集,['96319']
標檢局機械類處分案件資料集,['85999']
標檢局補助社會團體、人民團體、財團法人、縣市政府及個人補捐助經費彙總表,['45117']
標檢局認可試驗室資料集,['96325']
標檢局電子類處分案件資料集,['85997']
標檢局電機類處分案件資料集,['85998']
標檢局非應施處分案件資料集,['86001']
標準檢驗局_國外商品瑕疵訊息,['45911']
標準檢驗局_市售商品檢測清單,['45907']
標準檢驗局_消費者Q&A,['45909']
標準檢驗局_消費者保護簡訊,['45908']
標準檢驗局各類公務統計資料,['84297']
標準檢驗局各類申請表單範例,['81168']
標準檢驗局會計月報,['18329']
標準檢驗局決算書,['16775']
標準檢驗局統計年報-商品檢驗類,['16770']
標準檢驗局統計年報-度量衡類,['16769']
標準檢驗局統計年報-標準類,['16768']
標準檢驗局統計年報-管理統驗證類,['16771']
標準檢驗局預算書,['16774']
機器人創意競賽參賽資料,['32579']
機械產品潛力出口市場篩選,['111078']
機械產業工具機零組件專業人才需求調查,['16407']
機械類不合格進口商品,['59602']
機械類驗證登錄證書資料集,['32636']
歐洲地區對臺貿易障礙調查報告,['25662']
歐洲地區自臺灣進口產品之市佔情形,['45369']
歐洲地區駐外單位聯絡資訊,['36484']
歐盟REACH高度關切物質(SVHC)清單,['100033']
歐盟各國來臺投資分年統計,['103507']
歐盟各國來臺投資分業統計,['103504']
正字標記產品使用臺灣製產品MIT微笑標章工廠資料集,['96322']
正字標記證書資料集,['96323']
歷史淹水資料,['25770']
歷年台灣創新企業20強名單,['22335']
歷年台灣自來水公司用戶數,['8933']
歷年台灣自來水公司管線長度,['8932']
歷年商品召回訊息,['41586']
歷年專利待辦案件統計表,['94272']
歷年專利申請暨核准概況分析,['25646']
歷年性別平等專案小組會議紀錄,['45541']
歷年推動性別主流化執行計畫成果報告,['45542']
歷年積體電路件數統計表,['94273']
歷年積體電路電路布局件數統計表,['35460']
歷年管理顧問業經營現況調查,['32491']
歷年通過創意生活事業評選之廠商名單,['29788']
歷年通過台灣智慧財產管理規範(TIPS)驗證之企業名單,['29787']
民眾申請檔案應用案件統計,['17136']
水利事業歷史用地取得作業執行情形,['9786']
水利工程契約範本,['41565']
水利知識文章,['41564']
水利節表揚大會影像集,['45490']
水利署_招標及決標訊息,['10876']
水利署_支付或接受之補助,['10877']
水利署_決算書,['10875']
水利署_相關行政救濟案例,['10862']
水利署_統計動態,['10867']
水利署_行政指導文書,['10864']
水利署_預算書,['10874']
水利署兩棲類調查資料,['25771']
水利署公務統計報表,['16937']
水利署公務統計方案,['16938']
水利署列管計畫基本資料,['36697']
水利署及所屬單位位置圖,['25772']
水利署各項農業用水統計,['58698']
水利署哺乳類調查資料,['32719']
水利署國賠統計,['16934']
水利署地層下陷GPS測站圖,['129313']
水利署地層下陷GPS測站基本資料,['36693']
水利署地層下陷GPS測站監測資訊,['36694']
水利署地層下陷平均下陷速率等值線,['58362']
水利署地層下陷深層水準樁基本資料,['58335']
水利署地層下陷深層水準樁監測資訊,['58339']
水利署地層下陷磁環分層監測井圖,['129314']
水利署地層下陷磁環分層監測井基本資料,['41571']
水利署地層下陷磁環分層監測井監測資訊,['41572']
水利署地層下陷累積下陷量等值線,['58361']
水利署工業用水量來源統計,['58691']
水利署工業用水量與工業面積,['58692']
水利署所屬雨量站基本資料,['32729']
水利署政府出版品書目,['16927']
水利署最新消息,['16928']
水利署植物調查資料,['32721']
水利署水利統計簡訊,['16942']
水利署水利防災用影像,['36687']
水利署水庫警告設施設置圖,['45495']
水利署河川主題網站,['36690']
水利署灌溉面積與灌溉用水量統計,['58701']
水利署爬蟲類調查資料,['25795']
水利署生活用水量統計,['58694']
水利署畜牧數與畜牧用水量統計,['58699']
水利署疏濬資訊(以後),['6439']
水利署組織職掌及聯絡方式,['16933']
水利署統計分析,['16940']
水利署統計書刊,['17436']
水利署統計資料指標,['16936']
水利署臺北水源特定區管理局所發建築執照執照發照歷年統計,['58683']
水利署藻類調查資料,['25796']
水利署蝦蟹貝類調查資料,['25797']
水利署轄管河川或排水綠美化場地已認養維護管理案件表,['41570']
水利署轄管河川綠美化場地可開放認養維護管理案件表,['41569']
水利署陸上昆蟲類調查資料,['25798']
水利署雨量站位置圖_已廢站,['25773']
水利署雨量站位置圖_現存站,['25774']
水利署電子報,['25775']
水利署養殖面積與養殖用水量統計,['58700']
水利署魚類調查資料,['25799']
水利署鳥類調查資料,['32720']
水利防災資訊,['5981']
水庫基本資料,['32726']
水庫堰壩位置圖,['25776']
水庫每日營運狀況,['41568']
水庫水情資料,['45501']
水庫淤積量,['32727']
水庫營運,['32728']
水庫蓄水範圍,['13795']
水庫集水區,['129474']
水庫集水區敏感區範圍：邊界向內鄰近0.5公里範圍,['129475']
水庫集水區敏感區範圍：邊界向外鄰近0.5公里範圍,['129476']
水文地質鑽探井下16吋電阻,['32587']
水文地質鑽探井下64吋電阻,['32588']
水文地質鑽探井下自然伽瑪,['32589']
水文地質鑽探井下自然電位,['32586']
水文地質鑽探岩心紀錄,['32584']
水文地質鑽探資料庫,['16799']
水權統計資料,['36696']
水源保育與回饋計畫執行成果經費統計,['45502']
水源保育與回饋計畫執行成果經費統計(鄉鎮市區公所),['32723']
水源保育與回饋費徵收與執行成果,['9017']
水源特定區圖,['25777']
水火力發電廠位置及機組設備,['8934']
水資源作業基金法定預算,['18442']
水資源作業基金附屬單位會計報表,['20083']
水資源作業基金附屬單位決算,['130015']
水資源作業基金預算案,['108612']
水資源分區圖,['25778']
水資源局轄區範圍圖,['25779']
水資源投資分析資料,['32724']
水資源研究發展專題報導,['41577']
水質水量保護區基本資料,['8319']
水質資訊,['6308']
水足跡相關資訊揭露,['94996']
水量計檢查合格單資料集,['103460']
永續產業發展期刊,['16397']
池上斷層地質敏感區介紹多媒體,['25707']
河川代碼,['22228']
河川區域,['129232']
河川區域線,['129299']
河川名詞庫,['36691']
河川圖框,['129295']
河川型態5層分類法分析與應用,['45249']
河川專題文章,['41561']
河川局管轄範圍圖,['25782']
河川局遠端監控影像,['41567']
河川復育常見問答,['41562']
河川復育英文版新聞,['36689']
河川復育英文版案例報導,['36688']
河川復育達人專欄,['41563']
河川支流,['25780']
河川斷面樁位置圖,['16930']
河川斷面線位置圖,['16931']
河川水位測站位置圖_已廢站,['25783']
河川水位測站位置圖_現存站,['25784']
河川水位測站站況,['22227']
河川河道,['25781']
河川流域範圍圖,['9823']
河川流量測站位置圖_已廢站,['25785']
河川流量測站位置圖_現存站,['25786']
河川流量測站站況,['22223']
油量計檢查合格單資料集,['103480']
法定度量衡品目資料,['7079']
法規釐清諮詢服務-案例公告,['86658']
活動斷層分布圖,['6697']
活動斷層補充地質調查,['32624']
活動斷層調查與觀測資料查詢系統活動斷層調查與觀測資料,['16784']
活動斷層近地表構造特性調查(1/4),['32620']
活動斷層近地表變形特性研究總報告,['16792']
活動訊息,['45205']
活動訊息預告,['16586']
派遣專家赴友邦國家技術指導統計,['94546']
流域地質圖-地層,['8937']
流域地質圖-斷層,['8939']
流域地質圖-褶皺,['8941']
流域山崩潛勢評估方法與成果說明,['32649']
流通服務業及餐飲業優惠貸款要點,['22147']
海堤區域,['129277']
海堤區域公告一覽表,['58680']
海堤圖框,['129296']
海外投資事業國內員工之性別指數,['76389']
海外投資廠商僱用員工之性別結構分析,['76391']
海外拓銷年度活動資訊,['25663']
海外服務業會展商情,['6434']
海氣象資料浮標站位置圖,['25767']
海水入侵及地下水鹽化區,['129459']
海水檢測,['61261']
海水淡化廠營運概況,['62990']
液化石油氣流量計檢查合格單資料集,['129722']
深溝水源生態園區介紹,['6310']
淹水潛勢圖,['25766']
清潔生產中衛體系廠商名單,['80336']
清潔生產獲證廠商,['16399']
清潔生產與環境管理,['16398']
溫泉檢測,['61268']
溫泉露頭調查資料,['32504']
溶劑油經銷商名單,['8832']
溶劑類產品產品編號、名稱、包裝對照表,['13187']
漁業署認可HACCP外銷食品加工廠認可登錄廠商資料集,['30178']
無形資產評價產業專業人才需求調查,['80338']
無形資產評價訓練機構,['119144']
煤油經銷商名單,['8831']
照明燈具類驗證登錄證書資料集,['32640']
燁聯鋼鐵股份有限公司及唐榮鐵工廠股份有限公司申請對自中國大陸及韓國產製進口不銹鋼冷軋鋼品繼續課徵反傾銷稅案,['123902']
燁聯鋼鐵股份有限公司及唐榮鐵工廠股份有限公司申請對自中國大陸及韓國產製進口之不銹鋼冷軋鋼品課徵反傾銷稅暨臨時課徵反傾銷稅案產業損害初步調查公開資料,['25810']
燁聯鋼鐵股份有限公司及唐榮鐵工廠股份有限公司申請對自中國大陸及韓國產製進口之不銹鋼冷軋鋼品課徵反傾銷稅暨臨時課徵反傾銷稅案產業損害最後調查公開資料,['25816']
燁聯鋼鐵股份有限公司申請對自德國及義大利進口熱軋不銹鋼捲課徵反傾銷稅暨臨時課徵反傾銷稅案產業損害初步調查公開資料,['22989']
營業秘密問答集,['22320']
營業秘密法規資訊,['25647']
營業許可執照資料,['28864']
營業項目代碼( F零售、批發及餐飲業 )查公司,['45623']
營運中工廠家數之地理分布圖,['37314']
營運總部認定函仍具效期之企業名單,['8289']
爆炸物管理員訓練統計表,['8699']
爆破專業人員訓練班統計,['9700']
牡丹水庫即時水情資訊,['32735']
牡丹水庫集水區範圍圖,['58348']
特別收入基金會計月報,['18571']
特別預算會計月報及決算,['79670']
獲頒創業4十年以上歷史悠久廠商感謝狀名單,['41465']
玩具商品標示基準,['16965']
玩具類驗證登錄證書資料集,['32637']
現有公司登記家數,"['29253', '29261', '29275']"
現有公司登記資本額,"['29267', '29272']"
現有商業登記家數,"['29263', '29270']"
現有商業登記資本額,"['29274', '29278']"
現行商標法規資訊,['25648']
現行專利法規資訊,['25645']
現行著作權法規資訊,['25644']
瑕疵除濕機回收召回訊息,['63041']
環保消息公告,['9706']
環保設備廠商資料庫,['32447']
瓷磚商品標示基準,['16972']
生技產業推廣服務,['22374']
產創條例第10條稅式支出評估報告,['45313']
產地證明標章,['59715']
產學研價值創造計畫-活動消息,['45601']
產學研價值創造計畫補助計畫,['32927']
產業低碳綠色製程技術應用資料庫,['80279']
產業園區道路挖掘資訊,['62734']
產業園區開發管理基金會計月報,['19899']
產業園區開發管理基金決算,['15895']
產業園區開發管理基金預算,['12196']
產業工作環境改善計畫宣導活動講義,['59609']
產業用地需求推估與分派過程說明,['45314']
產業用水最適化節水技術指引,['111182']
產業科技國際競合與創新治理計畫,['102892']
產業種子師資培訓計畫,['15805']
產業種子師資培訓計畫歷年執行情形,['45202']
產業種子師資培訓計畫統計表_性別,['94540']
產業種子師資培訓計畫統計表_英文,['94537']
產業種子師資培訓計畫說明,['45195']
產證簽發單位相關資訊,['6452']
用水統計資料,['9726']
用水計畫摘要表,['58340']
用電統計資料,['6064']
申請人專利公告發證件數排名,['81171']
申請人專利新申請案件數排名,['10575']
申請人發明專利申請前十大統計表,['35458']
疏濬點位資料,['16926']
登記工廠名錄,['6569']
發明公開件數國籍統計表,['94262']
發明公開公報,"['9683', '15992', '15993', '15994', '15995']"
發明公開案,['41663']
發明公開案異動公報,"['9684', '15997', '15998']"
發明公開說明書(1案1),['15996']
發明公開說明書(單頁式掃描檔),['15999']
發明公開說明書(多頁式掃描檔),['16000']
發明專利公告發證件數依國際專利3階分類排行,['94265']
發明專利加速審查(AEP)申請案件統計簡表,['35453']
發明專利加速審查作業方案,['35455']
發明專利加速審查作業方案問答集,['35456']
發明專利新申請案件數依國際專利3階分類排行,['94266']
發明新申請及公告發證分類件數統計表,['94267']
發明案申請實體審查案件數量統計表,['94264']
發明申請、准、駁、公告發證件數統計表,['94263']
監視查驗品目資料,['9714']
監造計畫製作綱要,['22269']
直接投資事業公派董事人數,['86364']
直接投資事業彙總表,['25704']
直接投資事業近投資收益表,['25705']
直接投資事業近營業收支表,['25706']
省水標章產品,['45503']
石化產業人才需求條件,['9730']
石岡壩集水區範圍圖,['58346']
石材類檢測,['41432']
石門水庫(含榮華壩)集水區範圍圖,['41576']
石門水庫濁度資料,['58688']
研發成果商業化SOP指引手冊,['82773']
研發成果商業化研發團隊FAQ手冊,['94203']
研究發展委員會_101年度國內外及中國大陸經濟研究及策略規劃-有感經濟推動策略,['36579']
研究發展委員會_中國大陸十35規劃及其對我經濟之影響與因應,['63384']
研究發展委員會_國內外經濟情勢分析,['32458']
研究發展委員會_國內外與中國大陸經濟情勢發展與我經貿策略規劃-「川普新政」對亞太經貿情勢的可能影響分析,['92279']
研究發展委員會_國內外與中國大陸經濟情勢發展與我經貿策略規劃-中國大陸內需市場發展對我國經濟及產業之影響與因應,['36577']
研究發展委員會_國內外與中國大陸經濟情勢發展與我經貿策略規劃-中國大陸當前經濟政策對我經濟之機會與挑戰,['36576']
研究發展委員會_國內外與中國大陸經濟情勢發展與我經貿策略規劃-中國大陸經濟結構轉型與政策趨勢觀察,['92280']
研究發展委員會_國際經濟整合趨勢下，南部產業的衝擊、商機及升級轉型研究-優化南部區域創新系統策略研究(以高雄市為例),['92277']
研究發展委員會_國際經濟整合趨勢下，南部產業的衝擊、商機及升級轉型研究-國際經濟整合及新南向政策下，南部產業轉型升級與競爭力之研究,['92267']
研究發展委員會_國際經濟整合趨勢下，南部產業的衝擊、商機及升級轉型研究-網路新經濟及創新創業發展，對南部產業之影響及商機研究,['92275']
研究發展委員會_施政績效,['10502']
研究發展委員會_施政計畫,['10493']
研究發展委員會_歷年「重要原物料國內外市場情勢分析及研究」執行成果報告,['45373']
研究發展委員會_歷年國內外經濟情勢分析,['45374']
礦務局_「探礦、開採構想書及其圖說」製作須知,['32707']
礦務局_三峽中心轄區各類礦場監督檢查統計資料,['94635']
礦務局_事業用爆炸物品名,['25802']
礦務局_事業用爆炸物核配數量統計,['28917']
礦務局_事業用爆炸物管理員資格及任免管理辦法,['25803']
礦務局_事業用爆炸物管理條例施行細則,['26148']
礦務局_事業用爆炸物行政規費收費標準,['25849']
礦務局_事業用爆炸物製造使用與器材之新技術及新產品管理辦法,['25857']
礦務局_事業用爆炸物製造工廠設置標準,['25858']
礦務局_依法辦妥工廠登記或使用地已取得同意變更編定之砂石碎解洗選場,['32708']
礦務局_南投縣境內煤炭及其同1礦床之異種礦質申請案之處理原則,['29075']
礦務局_取締盜濫採土石案件紀錄表,['45292']
礦務局_台灣地區各類礦場維持零死亡災害績效統計,['61276']
礦務局_各縣市火藥庫設置寄存及爆炸物儲存家數業別統計,['98127']
礦務局_各縣市爆炸物耗用統計,['30185']
礦務局_各縣市現存坑洞數統計,['29076']
礦務局_各縣市盜濫採土石通報專線,['105670']
礦務局_各縣市砂石產量及價格,['103355']
礦務局_和平中心轄區各類礦場監督檢查統計資料,['94637']
礦務局_國土礦業資料倉儲整合平台建置及推廣計畫,['41599']
礦務局_國家公園區域內礦業案件處理準則,['41594']
礦務局_國際暨國內煤炭市場供銷動態報告,['36607']
礦務局_土石採取區域採取深度標準,['25804']
礦務局_土石採取場負責人及土石採取場技術主管資格及任免辦法,['25859']
礦務局_土石採取法,['25860']
礦務局_土石採取法施行細則,['25861']
礦務局_土石採取總量管制作業規則,['25862']
礦務局_土石採取規費收費標準,['25863']
礦務局_地下礦場安全管理人員技術訓練班班別及人數,['36612']
礦務局_坡地土石採取許可區統計表,['32709']
礦務局_宜蘭中心轄區各類礦場監督檢查統計資料,['88195']
礦務局_山坡地開發案與礦區重複關係審查案件統計,['25864']
礦務局_已廢止之礦業權列表,['127971']
礦務局_平(農)地土石採取許可區統計表,['36616']
礦務局_年度決算,['25865']
礦務局_年度法定預算,['12563']
礦務局_年度預算案,['12353']
礦務局_採取土石免申辦土石採取許可管理辦法,['25866']
礦務局_會計月報,['25801']
礦務局_東區辦事處礦物標本室參觀人數資訊,['104194']
礦務局_東砂西運裝卸量統計表,['61282']
礦務局_標準檢驗局代施檢驗進口砂水溶性氯離子含量檢驗結果,['30186']
礦務局_歷年大理石(供交水泥)生產及銷售數量表,['126756']
礦務局_歷年大理石(原料石)生產及銷售數量表,['45293']
礦務局_歷年大理石(石材)生產及銷售數量表,['88183']
礦務局_歷年白雲石生產及銷售量表,['63260']
礦務局_歷年矽砂生產及銷售量表,['63255']
礦務局_歷年蛇紋石(原料石)生產及銷售量表,['63257']
礦務局_歷年蛇紋石(石材)生產及銷售數量表,['88189']
礦務局_水晶礦設權基準,['26149']
礦務局_河川土石採取許可區統計表,['36614']
礦務局_海域土石採取許可區統計表,['41598']
礦務局_火藥庫設置期限及設置標準,['26150']
礦務局_爆炸物管理員處分統計,['32710']
礦務局_爆炸物違失處分統計表,['11063']
礦務局_爆破專業人員處分統計,['32711']
礦務局_現存礦業權清冊,['126847']
礦務局_瑞芳中心轄區各類礦場監督檢查統計資料,['94639']
礦務局_環境維護費收費標準,['25800']
礦務局_瓷土、火粘土礦設權基準,['16903']
礦務局_石油及天然氣礦場安全管理人員技術訓練班班別及人數,['29077']
礦務局_石油及天然氣礦場安全管理人員調訓班別及人數,['32713']
礦務局_矽砂礦設權基準,['16901']
礦務局_砂石成品來源統計表,['61280']
礦務局_礦區之位置界限及面積測量方式,['16904']
礦務局_礦區圖標準製圖習用符號及圖例,['32706']
礦務局_礦場安全法,['11066']
礦務局_礦場安全法施行細則,['26151']
礦務局_礦場安全監督員管理辦法,['26152']
礦務局_礦場安全管理人員調訓性別統計,['36611']
礦務局_礦場安全管理人員資格及任免管理辦法,['26153']
礦務局_礦場安全諮議委員會設置辦法,['26159']
礦務局_礦場監督員在職訓練班別及人數,['41596']
礦務局_礦場監督員救護訓練班別及人數,['41597']
礦務局_礦業權展限申請案相關認定標準,['26154']
礦務局_礦業權費收費辦法,['26155']
礦務局_礦業法,['11059']
礦務局_礦業法妨害公益之認定原則,['36732']
礦務局_礦業法探礦或採礦實績認定原則,['29078']
礦務局_礦業法施行細則,['16907']
礦務局_礦業法解釋函文,['26156']
礦務局_礦業用地申請核定應送書圖件及填報注意事項,['41595']
礦務局_礦業用地等申請案件數量統計,['26157']
礦務局_礦業登記規則,['16382']
礦務局_礦業相關施工計畫申報數量統計,['26158']
礦務局_礦業統計年報,['11062']
礦務局_礦業規費收費標準,['16383']
礦務局_礦災災害防救業務計畫,['25867']
礦務局_礦產品流向回收調查及供需變動對產業之影響,['41600']
礦務局_礦產權利金收費辦法,['16905']
礦務局_臺灣地區砂土石產銷調查報告,['11069']
礦務局_載運少量土石認定標準,['25868']
礦務局_辦理施工實況採礦實測圖案件情形,['26160']
礦務局_重點監測區執行航拍及衛星監測結果統計,['87465']
礦務局_金礦設權基準,['16902']
礦務局_鐵鈦釷鋯等砂礦設權基準,['26161']
礦務局_開採構想書、礦牀說明書、礦業用地開採及施工計畫位置實測圖習用圖例圖號,['36731']
礦務局_露天(地下)礦場安全管理人員調訓班別及人數,['29079']
礦務局_露天礦場安全管理人員技術訓練班班別及人數,['32712']
礦務局_頭份中心轄區各類礦場監督檢查統計資料,['94641']
礦場安全相關訓練明細表,['6851']
礦業從業人員人數性別比率統計,['8284']
礦業從業人員薪資統計表,['8698']
社會創新平台-探消息-政府資源,['112690']
秘書室組織及職掌,['25556']
租賃業辦理消費者融資租賃業務廣告應揭示總費用範圍及年百分率計算方式標準,['22148']
積體電路布局案件,['94274']
積體電路電路布局保護法規資訊,['25689']
空氣污染防制策略民眾意見盤點表_國營事業空污改善聚焦座談會,['95051']
竹子湖地質鑽探柱狀圖,['112054']
符合性聲明品目資料,['9715']
第5河川局最新消息,['95803']
第6河川局常見問題,['95807']
第6河川局最新消息,['95804']
第7河川局最新消息,['95808']
第8河川局最新消息,['95802']
管理顧問廠商資料,['32494']
管理顧問服務科技發展計畫-產業快報,['86664']
節水快報,['45504']
節能減碳工具軟體,['36458']
節能減碳技術手冊,['36455']
節能減碳檢核表,['36457']
節能減碳課程講義,['36456']
粒片板類驗證登錄證書資料集,['36629']
精密水準測量報告,['32594']
紐西蘭投資環境簡介,['91601']
紡織品整合行銷與商機開發計畫,['22677']
統編查公司名稱,['108337']
統編查分公司資料,['84877']
統編查是否為公司、分公司及商業,['108349']
統計處-外銷訂單海外生產實況,['10369']
統計處-常用經濟統計用語解釋,['16360']
統計處_外銷訂單_光學器材,['88817']
統計處_外銷訂單_化學品,['62442']
統計處_外銷訂單_基本金屬,['88815']
統計處_外銷訂單_塑橡膠製品,['62443']
統計處_外銷訂單_機械,['88816']
統計處_外銷訂單_海外生產比,['62445']
統計處_外銷訂單_礦產品,['101461']
統計處_外銷訂單_紡織品,['124177']
統計處_外銷訂單_資訊通訊產品,['16361']
統計處_外銷訂單_電子產品,['16362']
統計處_專業服務業營運及投資概況調查,['41413']
統計處_工廠校正_技術購買金額(按行業別),['30025']
統計處_工廠校正_技術銷售金額(按行業別),['30026']
統計處_工廠校正_新增固定資產(按縣市別),['16364']
統計處_工廠校正_新增固定資產(按行業別),['16363']
統計處_工廠校正_研究發展工廠家數(按行業別),['30027']
統計處_工廠校正_研究發展經費(按行業別),['30028']
統計處_批發、零售及餐飲業營業利益之統計,['25490']
統計處_批發、零售及餐飲業營業額指數,['16365']
統計處_批發業經營實況_建材批發業,['111784']
統計處_批發業經營實況_機械器具批發業,['45260']
統計處_批發業經營實況_食品、飲料及菸草業,['88832']
統計處_製造業存貨率,['16368']
統計處_製造業存貨量指數,['109753']
統計處_製造業季節調整後生產量指數,['16367']
統計處_製造業生產價值指數,['16366']
統計處_製造業生產量指數,['95137']
統計處_製造業銷售量指數,['30029']
統計處_製造業銷售量指數_按4大行業統計,['95141']
統計處_零售業經營實況_汽機車及其零配件、用品業,['94936']
統計處_零售業經營實況_綜合商品零售業,['45261']
統計處_餐飲業經營實況_餐館業,['94937']
統計處外銷訂單,['101580']
經新聞新聞專區,['45275']
經濟及能源部檔案接管作業計畫,['17137']
經濟合作暨發展組織_OECD會員國,['32528']
經濟統計區圖資,['5970']
綠色專家諮詢服務,['9686']
綠色工廠獲證廠商,['16400']
綠色市集,['6470']
綠色成長技術廠商資料集,['32407']
綠色成長產品/服務廠商資料集,['32408']
綠色環保-最新消息,['86665']
綠色環保新知,['32917']
綠色環保課程講義,['32918']
綠色環保課程資訊,['32919']
綠色產品驗證檢索資料,['111592']
綠色貿易推動方案輔導廠商名單,['16524']
網路服務提供者民事免責事由問答集,['22321']
線上智權課程,['32495']
總統創新獎得獎專輯,['22889']
織品標示基準,['16964']
美國專利訴訟與侵權糾紛實務-原被告之攻擊防禦,['58714']
美國專利訴訟與侵權糾紛實務-專利訴訟管理,['58705']
美國專利訴訟與侵權糾紛實務-專利訴訟與侵權追索糾紛中應注意事項,['58715']
美洲地區對臺貿易障礙調查報告,['25664']
美洲地區駐外單位聯絡資訊,['36479']
耀管會投資事業概況表(決算數),['41381']
耐燃建材類驗證登錄證書資料集,['32638']
聲明異議人性別統計,['32531']
股份有限公司發行股票簽證規則,['16959']
育宗企業有限公司申請對自中國大陸產製進口過氧化苯甲醯繼續課徵反傾銷稅案產業損害調查公開資料,['30061']
育宗企業有限公司申請對自中國大陸進口過氧化苯甲醯課徵反傾銷稅暨臨時課徵反傾銷稅案產業損害初步調查公開資料,['25817']
育宗企業有限公司申請對自中國大陸進口過氧化苯甲醯課徵反傾銷稅暨臨時課徵反傾銷稅案產業損害最後調查公開資料,['25813']
育成活動訊息,['16379']
育成電子報,['16380']
能力鑑定企業認同名單,['41466']
能力鑑定學校/培訓機構認同名單,['80188']
能源局_ESCO廠商服務能量資料庫,['22239']
能源局_世界主要國家石油產品價格及稅率,['11767']
能源局_乾衣機節能標章有效獲證產品,['33589']
能源局_偏遠與原住民族地區家用桶裝瓦斯價差補助成果,['25527']
能源局_優良太陽光電系統(光鐸獎)得獎名單,['32848']
能源局_優質太陽光電產品評選活動(金能獎),['25528']
能源局_全台模擬風速資料,['25547']
能源局_全國能源會議背景資訊,['32854']
能源局_公用天然氣事業供氣區域,['25529']
能源局_公用天然氣事業氣體售價,['25548']
能源局_公用天然氣導管承裝業名冊,['41605']
能源局_再生油品業者名單,['120820']
能源局_再生能源供給表,['16421']
能源局_再生能源推動政策,['32849']
能源局_再生能源現況資訊,['32852']
能源局_再生能源發展基金)於平面媒體、網路媒體、廣播媒體及電視媒體辦理政策宣導之相關廣告明細表,['32701']
能源局_再生能源發展基金分預算),['12349']
能源局_再生能源發展基金對民間團體及個人補捐助案件彙總表,['112652']
能源局_再生能源發展基金費率,['85760']
能源局_再生能源發展基金附屬單位分預算,['18871']
能源局_再生能源發展基金附屬單位決算分決算,['15942']
能源局_再生能源發展基金附屬單位預算分預算_年度會計月報,['18866']
能源局_再生能源發電廠,"['16427', '85758']"
能源局_再生能源發電設備容量統計表,['85763']
能源局_再生能源裝(設)置容量統計表,['16422']
能源局_再生能源電能躉購費率及其計算公式,['6031']
能源局_冰溫熱型開飲機節能標章有效獲證資訊,['33616']
能源局_冰溫熱型開飲機能源效率分級標示登錄資訊,['41607']
能源局_冰溫熱型飲水機節能標章有效獲證資訊,['45323']
能源局_冰溫熱型飲水機節能標章登錄資訊,['41608']
能源局_出口及避難方向指示燈節能標章有效獲證資訊,['86266']
能源局_前瞻基礎建設計畫特別預算對民間團體及個人補(捐)助案件彙總表,['112654']
能源局_印表機節能標章有效獲證資訊,['85769']
能源局_即熱式燃氣熱水器節能標章有效獲證資訊,['45328']
能源局_即熱式燃氣熱水器能源效率分級標示登錄資訊,['16455']
能源局_原住民族地區家用桶裝瓦斯價差補助金額,['16410']
能源局_原油供給及煉製平衡表,['62920']
能源局_台灣地熱發電資訊,['85756']
能源局_台灣離岸風電潛力場址地理資訊,['36681']
能源局_台電公司發購電量,['16429']
能源局_各年度各縣市太陽光電發電設備設置容量統計表,['16423']
能源局_各年度各縣市風力發電設備設置容量統計表,['85762']
能源局_各縣市天然氣用戶數及普及率,['45332']
能源局_各縣市桶裝液化石油氣用量,['62942']
能源局_各縣市汽車加油站汽柴油銷售統計分析表,['8850']
能源局_各縣市汽車加油站汽柴油銷售統計資料表,['8849']
能源局_合格汽電共生系統產銷情況,['85750']
能源局_合格汽電共生系統行業別裝置容量統計,['16425']
能源局_合格汽電共生系統餘電電價表,['16426']
能源局_合格用電設備檢驗維護業資料,['32847']
能源局_合格電器承裝業資料,['16430']
能源局_單位預算,['12347']
能源局_單位預算案,['16420']
能源局_國內歷次調整之油氣價格,['11768']
能源局_國內歷次調整之電價,['11769']
能源局_國民小學節約能源戲劇競賽得獎學校名單,['32696']
能源局_國際原油價格,['6029']
能源局_天然氣用戶總數,['41603']
能源局_太陽光電模組產品登錄資料,['16424']
能源局_太陽光電變流器產品登錄系統平台,['9709']
能源局_太陽能熱水系統安裝銷售商,['16478']
能源局_太陽能熱水系統產品,['16419']
能源局_太陽能熱水系統製造供應商,['16459']
能源局_安定器內藏式螢光燈泡節能標章有效獲證產品,['33590']
能源局_安定器內藏式螢光燈泡能源效率分級標示登錄資訊,['16454']
能源局_室內照明燈具節能標章有效獲證資訊,['86268']
能源局_家用桶裝瓦斯價格,['25530']
能源局_已開業加氣站分布情況,['6440']
能源局_布告欄,['16450']
能源局_年度列管能源用戶名單—生產性質行業,['32690']
能源局_年度列管能源用戶名單—非生產性質行業,['32692']
能源局_年度單位決算,['18858']
能源局_年度施政計畫,['11159']
能源局_年度會計月報,['18859']
能源局_影印機節能標章有效獲證資訊,['85768']
能源局_我國與鄰近國家電價比較,['25531']
能源局_我國電力系統裝置容量,['16428']
能源局_推動能源教育績優學校名單,['32693']
能源局_新聞稿,['16445']
能源局_未來電力供需預測,['85747']
能源局_桌上型電腦節能標章有效獲證資訊,['102744']
能源局_桶裝液化石油氣用戶數,['41609']
能源局_桶裝液化石油氣重量查核成果,['41604']
能源局_業界能源科技專案計畫申請需知,['16479']
能源局_機器腳踏車節能標章有效獲證資訊,['45326']
能源局_歷年電器承裝業登記統計資料,['85757']
能源局_民營油料管線事業防災工作檢查表,['32715']
能源局_民營火力電廠分布圖,['11162']
能源局_民營火力電廠基本資料及現況,['11161']
能源局_汽柴油批發業者名單,['85745']
能源局_汽車節能標章有效獲證資訊,['45325']
能源局_油品市場占有率資料集,['25532']
能源局_沼氣發電系統推廣計畫補助案例,['36680']
能源局_洗衣機節能標章有效獲證產品,['33588']
能源局_浴室通風電扇節能標章有效獲證資訊,['102746']
能源局_液化天然氣供給與消費,['33271']
能源局_液化石油氣供需平衡表,['22241']
能源局_液化石油氣分裝業聯絡資訊,['25533']
能源局_液化石油氣相關公會聯絡資訊,['25534']
能源局_液化石油氣經銷業聯絡資訊,['25535']
能源局_溫熱型開飲機節能標章有效獲證資訊,['33615']
能源局_溫熱型開飲機能源效率分級標示登錄資訊,['41606']
能源局_溫熱型飲水機節能標章有效獲證資訊,['45324']
能源局_澎湖低碳島電動機車充電站位置,['6441']
能源局_災害期間公用天然氣停氣資訊,['62923']
能源局_無風管冷氣機能源效率分級標示登錄資訊,['16451']
能源局_無風管空氣調節機節能標章有效獲證產品,['33586']
能源局_煤及煤產品供需平衡表,['62911']
能源局_煤炭供給與消費,['33267']
能源局_燃氣台爐節能標章有效獲證資訊,['45327']
能源局_燃氣台爐能源效率分級標示登錄資訊,['16456']
能源局_獎勵探勘開發石油及天然氣計畫成果要覽,['22242']
能源局_瓦斯公司鄉鎮市區供氣戶數,['130271']
能源局_生質柴油生產及輸入業者名單,['120821']
能源局_用電安全資訊,['6030']
能源局_發光2極體燈泡節能標章有效獲證資訊,['33620']
能源局_發電裝置容量統計表,['16480']
能源局_發電量統計表,['16481']
能源局_石油基金對民間團體及個人補捐助案件彙總表,['32699']
能源局_石油基金附屬單位分預算,['18870']
能源局_石油基金附屬單位決算分決算,['15941']
能源局_石油基金附屬單位預算分預算_年度會計月報,['18863']
能源局_石油業儲油設備代行檢查機構名冊資訊,['25536']
能源局_石油業者名單,['112651']
能源局_石油產品供需平衡表,['36684']
能源局_石油輸入各油品來源國別統計表,['32716']
能源局_石油開發技術研究發展計畫成果要覽,['22243']
能源局_空氣清淨機節能標章有效獲證資訊,['45330']
能源局_空氣源式熱泵熱水器節能標章有效獲證資訊,['85766']
能源局_筆記型電腦節能標章有效獲證資訊,['85771']
能源局_節能成功案例檢索,['22245']
能源局_節能減碳國際簡訊,['16385']
能源局_節能減碳服務團績優案例,['25501']
能源局_節能減碳研究專題,['16408']
能源局_節能績優獎,['6442']
能源局_經濟特別收入基金附屬單位預算案(石油基金分預算),['12348']
能源局_經濟特別收入基金附屬單位預算案(能源研究發展基金分預算),['12350']
能源局_緊急連絡電話,['36685']
能源局_能源供給月資料,['11765']
能源局_能源供給資料,['8309']
能源局_能源專案知識物件,['32853']
能源局_能源局對民間團體及個人補(捐)助案件彙總表,['112653']
能源局_能源業務之性別隔離初步統計分析-決策者、服務提供者及受益者統計表,['11160']
能源局_能源產業年度盤查及減量成果,['16409']
能源局_能源研究發展基金對民間團體及個人補捐助案件彙總表,['32700']
能源局_能源研究發展基金附屬單位分預算,['18869']
能源局_能源研究發展基金附屬單位決算分決算,['15940']
能源局_能源研究發展基金附屬單位預算分預算_年度會計月報,['18862']
能源局_能源科技學術合作研究計畫(油氣開發技術研究發展領域)成果要覽,['22244']
能源局_能源資訊相關報導,['32855']
能源局_能源需要月資料,['11766']
能源局_能源需要資料,['11158']
能源局_自產天然氣供給與消費,['33269']
能源局_臺灣能源統計指標,['8308']
能源局_螢光燈管節能標章有效獲證資訊,['45580']
能源局_貯備型電熱水器節能標章有效獲證資訊,['33619']
能源局_貯備型電熱水器能源效率分級標示登錄資訊,['25700']
能源局_車型耗能證明核發資料,['6032']
能源局_車用汽油供需平衡表,['112649']
能源局_車輛油耗指南,['11163']
能源局_辦理石油管理法相關業務各直轄市、縣(市)政府承辦單位,['32714']
能源局_進口液化天然氣供需平衡表,['36682']
能源局_道路照明燈具節能標章有效獲證資訊,['102745']
能源局_長期負載預測與電源開發規劃,['16437']
能源局_除濕機節能標章有效獲證產品,['33587']
能源局_除濕機能源效率分級標示登錄資訊,['16453']
能源局_離心式風機節能標章有效獲證資訊,['102747']
能源局_電冰箱節能標章登錄資訊,['25576']
能源局_電冰箱能源效率分級標示登錄資訊,['16452']
能源局_電力供需表,['112650']
能源局_電力消費統計表,['36683']
能源局_電力系統可靠度資料統計,['25549']
能源局_電器承裝業、用電設備檢驗維護業及用電場所專任電氣技術人員等登記家數,['9708']
能源局_電扇節能標章有效獲證資訊,['45579']
能源局_電業設備查驗統計資訊,['25550']
能源局_電熱水瓶節能標章有效獲證資訊,['45329']
能源局_電熱水瓶能源效率分級標示登錄資訊,['16457']
能源局_電視機節能標章有效獲證產品,['33614']
能源局_電鍋電子鍋節能標章有效獲證資訊,['33618']
能源局_顯示器節能標章有效獲證資訊,['33617']
能源局_高壓用電設備原製造廠家,['25551']
能源局_高壓用電設備型式試驗報告審查合格資訊,['25552']
能源局_高壓用電設備檢驗機構資訊,['25553']
能源局_高效率馬達伙伴平臺,['16418']
能源局各基金(能源研究發展及石油基金)出國及赴大陸地區計畫執行情形,['45331']
膜式氣量計檢查合格單資料集,['113546']
臨廣園區區內事業名錄資訊,['22303']
臨廣園區土地出租資訊,['56936']
臨廣園區營業聯絡處所廠商名錄,['41479']
自來水供水普及率,['8989']
自來水水質水量保護區圖,['25787']
自來水水質水量保護區圖：邊界向內鄰近0.5公里範圍,['129472']
自來水水質水量保護區圖：邊界向外鄰近0.5公里範圍,['129473']
自來水水質水量保護區專戶運用小組名單,['58349']
自來水生活用水量統計,['8316']
自來水用水量,['16932']
自來水管承裝商有效家數統計,['58350']
自來水管承裝商狀態統計,['58351']
自來水管承裝商聘僱中人員統計資料,['36698']
自行車產業專業人才需求調查,['9727']
自願性產品品目資料,['8317']
自願性驗證證書資料集,['30176']
臺中加工出口區性別工作平等會設置要點,['32631']
臺中園區區內事業名錄資訊,['22304']
臺中園區就業訊息,['8186']
臺中園區年度勞工育樂活動,['32665']
臺中園區廠商海關監管資訊,['56931']
臺中園區待租售廠房資訊,['32664']
臺中園區採購案件資訊,['41482']
臺中園區新聞稿清單,['79658']
臺中園區於傳媒(含平面、網路、廣播)辦理政策宣導之相關廣告費用統計資訊(公務預算),['16490']
臺中園區營業聯絡處所廠商名錄,['22305']
臺中園區獲准投資區內事業行業別統計,['25794']
臺中園區產業別土地使用狀況,['16502']
臺中園區群聚的產業別及廠商名稱,['93998']
臺中市歷史山崩目錄,['103239']
臺中軟體園區營業聯絡處所廠商名錄,['45198']
臺俄技術合作計畫研習報告,['25541']
臺加技術合作計畫研習報告,['25545']
臺北/南港/高雄世貿中心展覽訊息,['11585']
臺北市歷史山崩目錄,['103187']
臺奧技術合作計畫研習報告,['25544']
臺德、臺法、臺奧、臺俄及臺加技術合作實施計畫,['30083']
臺德、臺法、臺奧、臺俄及臺加技術合作計畫作業流程,['32477']
臺德、臺法、臺奧、臺俄及臺加技術合作計畫概要及實施成果,['30084']
臺德、臺法、臺奧、臺俄及臺加技術合作計畫相關表格明細,['32478']
臺德、臺法、臺奧、臺俄及臺加技術合作計畫相關表格連結網址,['36592']
臺德技術合作計畫研習報告,['25543']
臺日優先權證明文件電子交換問答集,['22322']
臺日技術合作計畫研習報告,['21112']
臺法工業合作會議,['41464']
臺法技術合作計畫研習報告,['25542']
臺灣出口潛力市場資訊,['45365']
臺灣區棉紡工業同業公會申請對自巴基斯坦進口棉紗課徵反傾銷稅暨臨時反傾銷稅案產業損害初步調查公開資料,['16993']
臺灣區棉紡工業同業公會申請對自巴基斯坦進口棉紗課徵反傾銷稅暨臨時反傾銷稅案產業損害最後調查公開資料,['16994']
臺灣區造紙工業同業公會申請對自中國大陸、日本、韓國及芬蘭產製進口塗佈紙課徵反傾銷稅暨臨時課徵反傾銷稅案產業損害初步調查公開資料,['25814']
臺灣區造紙工業同業公會申請對自中國大陸、日本、韓國及芬蘭產製進口塗佈紙課徵反傾銷稅暨臨時課徵反傾銷稅案產業損害最後調查公開資料,['25815']
臺灣區造紙工業同業公會申請對自印尼及泰國之進口非塗佈紙課徵反傾銷稅暨臨時反傾銷稅案產業損害初步調查公開資料,['17012']
臺灣區造紙工業同業公會申請對自印尼及泰國之進口非塗佈紙課徵反傾銷稅暨臨時反傾銷稅案產業損害最後調查公開資料,['17013']
臺灣區造紙工業同業公會申請對自日本及印尼進口之銅版紙課徵反傾銷稅暨臨時反傾銷稅案產業損害初步調查公開資料,['17014']
臺灣區鋼線鋼纜工業同業公會申請對自巴西、印度、阿根廷進口預力鋼絞線課徵反傾銷稅暨臨時反傾銷稅案產業損害初步調查公開資料,['17003']
臺灣區鋼線鋼纜工業同業公會申請對自巴西、印度、阿根廷進口預力鋼絞線課徵反傾銷稅暨臨時反傾銷稅案產業損害最後調查公開資料,['17004']
臺灣區鋼線鋼纜工業同業公會申請對自西班牙、印度、韓國進口預力鋼線課徵反傾銷稅暨臨時反傾銷稅案產業損害初步調查公開資料,['17005']
臺灣區鋼線鋼纜工業同業公會申請對自西班牙、印度、韓國進口預力鋼線課徵反傾銷稅暨臨時反傾銷稅案產業損害最後調查公開資料,['17006']
臺灣各工業區範圍圖,['25598']
臺灣各工業區進駐廠商與產業型態資訊,['25597']
臺灣地質文獻,['16778']
臺灣廠商參加中國大陸重要展覽資訊,['86270']
臺灣廠商參加南韓重要展覽資訊,['95492']
臺灣廠商參加印尼重要展覽資訊,['95474']
臺灣廠商參加印度重要展覽資訊,['95485']
臺灣廠商參加墨西哥重要展覽資訊,['95701']
臺灣廠商參加德國重要展覽資訊,['95719']
臺灣廠商參加新加坡重要展覽資訊,['95684']
臺灣廠商參加日本重要展覽資訊,['95472']
臺灣廠商參加泰國重要展覽資訊,['95498']
臺灣廠商參加美國重要展覽資訊,['95496']
臺灣廠商參加菲律賓重要展覽資訊,['95679']
臺灣廠商參加越南重要展覽資訊,['86273']
臺灣廠商參加馬來西亞重要展覽資訊,['95503']
臺灣數位看板多媒體聯盟會員名單,['22331']
臺灣會展獎得獎名單,['16528']
臺灣活動斷層分布圖(5十萬分之1紙圖版更新數值檔),['5976']
臺灣溫泉監測季報,['41566']
臺灣產業形象廣宣計畫海外行銷推廣輔導廠商,['16521']
臺灣百利達股份有限公司申請對自西班牙、義大利及南非進口鋼珠、鋼礫課徵反傾銷稅暨臨時反傾銷稅案產業損害初步調查公開資料,['17008']
臺灣百利達股份有限公司申請對自西班牙、義大利及南非進口鋼珠、鋼礫課徵反傾銷稅暨臨時反傾銷稅案產業損害最後調查公開資料,['17009']
臺灣精品獎產品,['16520']
臺灣製MIT微笑產品驗證制度認可之驗證機構,['100030']
臺灣製產品MIT微笑標章網站通過驗證產品資料,['6027']
臺灣製產品MIT微笑標章臺灣金選獲獎產品資料,['80339']
臺灣資安廠商介紹-英文版,['100028']
臺美專利審查高速公路作業方案各界意見及回應彙整表,['59709']
與我國簽署投資保障(證)協定國家一覽表,['6433']
與所屬各機關有關「政府採購法」規定事項分工授權原則,['29865']
與所屬機關辦理查核金額以上採購案之監辦分工授權原則,['29861']
船艇產值資料,['29820']
芭瑪、梅姬颱風後蘭陽溪土砂治理策略之研究,['32645']
花蓮縣非營業用戶售電量,['83704']
苗栗縣非營業用戶售電量,['83431']
菁山地質鑽探柱狀圖,['61127']
華僑來臺投資分區分業月資料統計,['32514']
華僑來臺投資分區月資料統計,['32509']
華僑來臺投資分業月資料統計,['32511']
落石潛勢分析圖,['32490']
落雷即時資料,['61139']
著作權合理使用說明,['123141']
著作權審議及調解委員會委員名冊,['59718']
著作權法修法相關資料,['16411']
著作權統計資料,['8303']
著作權解釋令函,['59706']
著作權集體管理團體基本資料,['59708']
著名商標案件彙編,['59712']
董監事資料集,['96731']
蘭陽溪及其鄰近流域地質圖編製成果及臺灣常見地質敏感環境,['32628']
蘭陽溪及其鄰近流域山崩與土石流調查成果說明,['32630']
蘭陽溪流域之山崩土石流災害潛勢分析,['45251']
蘭陽溪流域坡地穩定性調查評估成果及應用,['32634']
蘭陽溪流域山崩潛勢評估方法與成果說明,['32633']
蘭陽溪流域河相特性及其演變分析,['32644']
血壓計檢查合格單資料集,['129698']
行動化應用軟體服務績效調查表,['11091']
補助公司或商號參加國際展覽,['16535']
補助其他工商團體辦理非展覽計畫資料,['36491']
補助國內大學院校學生赴新興市場企業實習計畫,['22678']
補助地方政府及民間開發工業區更新示範計畫作業要點,['62726']
補助工商團體參加國際展覽,['8845']
補助業界開發國際市場計畫受補助廠商資料,['8846']
補助紡織公會參加國際展覽及辦理非展覽計畫,['22679']
補助輸出入公會參加國際展覽,['16530']
補助輸出入相關同業公會辦理非展覽計畫資料,['41507']
製造業存貨價值,['62446']
製造業存貨量指數,['62448']
製造業投資及營運,['6844']
製造業銷售價值,['62447']
西南海域反射震測調查,"['32492', '32556', '61128']"
西南海域地熱流探測,['32559']
西南海域地熱流探測調查,"['32493', '61129']"
西南海域岩心採樣,"['32501', '32564', '77891']"
西南海域底拖側掃聲納調查,"['32582', '77892']"
西南海域海床底質剖面調查,"['32502', '32567', '77893']"
規定與主管機關,['30171']
觀光工廠名錄,['6848']
計程車計費表檢查合格單資料集,['113542']
設施水利災情,['86030']
設計專利公告發證件數依國際工業設計分類2階排行,['94257']
設計專利新申請案件數依國際工業設計分類2階分類排行,['94258']
設計新申請及公告發證分類件數統計表,['94259']
設計產業專業人才需求調查結果報告,['16403']
設計申請、准、駁、公告發證暨新型技術報告件數統計表,['94256']
訴願審議委員會_各級法院判決情形統計,['11105']
訴願業務收結案統計,['7071']
認證名攤,['6471']
認識商標,['16413']
認識專利,['16412']
認識著作權,['16416']
證明標章資訊,['59714']
識別體系設計規範,['17110']
警戒水位值,['36692']
警戒水位值影響範圍,['92144']
警戒雨量值,['92149']
警戒雨量值影響範圍,['92150']
護目鏡手套類驗證登錄證書資料集,['32643']
財會專業顧問,['112906']
貨品及規定生效資料,['92103']
貨品基本資料 (統計參考用),['5971']
貨品輸入規定代號,['16519']
貨品輸出入規定資料 (統計參考用),['6338']
貨品輸出規定代號,['16518']
貨品進口救濟案件調查報告,['94884']
貨物稅第12條之5車輛汰舊換新減徵新車貨物稅稅式支出評估報告,['100016']
貿易局參與經貿會議,['36481']
貿易局各任務編組委員會委員性別統計,['30172']
貿易局委辦各項展覽及培訓產業性別統計,['25665']
貿易局招標採購評選委員性別比例統計,['32519']
貿易局為民服務單1窗口,['32527']
貿易局研討會訊息,['32526']
貿易局自行辦理各項訓練及研討會參與人數性別統計,['22680']
貿易推廣相關措施,['22681']
貿易調查委員會_內部保有及管理個人資料之項目彙整表,['10471']
貿易調查委員會_公共工程及採購契約,['10474']
貿易調查委員會_公告,['112664']
貿易調查委員會_大事紀要,['102996']
貿易調查委員會_我國貿易救濟案件動態,['112666']
貿易調查委員會_提升服務品質執行計畫,['10468']
貿易調查委員會_特定產品之月別進口量價異常情形,['36725']
貿易調查委員會_特定產品之進口量價異常情形,"['30052', '30053', '30054', '30055', '30056', '30057', '30058', '30059', '30060', '32539', '32540', '32541', '32542', '32543', '32544', '32545', '32546', '32547', '32548']"
貿易調查委員會_聯絡方式,['10478']
貿易調查委員會_貨品進口救濟案件處理辦法,['10460']
貿易調查委員會公務預算會計月報,['20651']
貿易調查委員會區域貿易降稅產品之進口量異常產品清單,['55400']
貿易調查委員會單位預算,['12248']
貿調會歷年來辦理進口救濟案件產業損害調查處理情形一覽表,['45615']
資料服務產業專業人才需求調查,"['94655', '100032', '119132']"
資料處理服務業者受託處理跨境網路交易評鑑要點,['22164']
資料開放行動策略,['27497']
資源再生綠色產品審查認定通過產品查詢,['32446']
資訊、通訊、消費性電子商品標示基準,['16971']
資訊應用服務人才培訓計畫課程,['16401']
資訊服務業推廣計畫海外拓銷團參團業者名單,['72188']
資訊服務產業專業人才需求調查,['29789']
資通安全推動小組設置要點,['32754']
資通與視聽產品潛力出口市場篩選,['103335']
起B2C開立電子發票家數,['75998']
起B2C開立電子發票張數,['75989']
起B2C開立電子發票金額,['75997']
起用水度數,['101571']
起用電度數,['101569']
起用電戶數,['101570']
超商家數年公司登記異動數,['108394']
超商家數年商業登記異動數,['108373']
越南投資環境簡介,['100275']
車籠埔斷層地質敏感區介紹多媒體,['16789']
車輛產業專業人才需求調查報告,['16406']
輔導計畫清冊,['100017']
輔導青年創業成果,['9001']
輔導青年創業成果-獲貸人性別,['9002']
輕金屬創新應用競賽得獎名單,['22379']
輪胎類驗證登錄證書資料集,['32641']
輸歐盟外銷食品加工廠認可登錄廠商資料集,['30179']
轄管工業區閒置土地公告清冊,['100012']
辦理人民申請提供政府資訊案件統計,['17198']
近斷層高精度地形資料之判釋與分析總報告,['16793']
近日澳長約年度價格,['9748']
近期電力資訊_未來2個月電力供需預測,['103262']
近海水文氣象站位置圖,['25788']
近海水文潮位站位置圖,['25789']
近海水文資料浮標站位置圖,['129325']
近澳煤現貨離岸價格(NEX)季平均,['9749']
送刊行政院公報文書作業流程及注意事項,['45625']
逐批檢驗品目資料,['8876']
通過TES認可之電動機車車款,['22376']
通過標檢局核可之CNS充電系統-設備端廠商及產品一覽表,['22380']
通過標檢局核可之CNS充電系統-車輛端廠商及產品一覽表,['22381']
連鎖藥妝公司登記異動數,['108352']
連鎖藥妝商業登記異動數,['108357']
進口砂石裝卸量統計表,['6438']
遊戲軟體分級,['6400']
過去電力供需資訊_近系統概況,['103046']
違反商品檢驗規定商品及廠商資料明細,['9614']
邦交國來臺投資分年統計,['98783']
邦交國來臺投資分業統計,['98784']
配購爆炸物數量統計,['8283']
醫療器材生物相容性檢測,['95003']
重點工業區推動成果,['59606']
金屬創新應用競賽結果,['111190']
金屬產業情報,['32617']
金貿獎得獎廠商名單,['25667']
金點設計獎得獎作品資料,['45315']
銀樓業對達1定金額以上通貨交易及疑似洗錢交易申報辦法,['22149']
銀樓業防制洗錢注意事項,['22150']
開發蛇紋石多元化工業材料之應用研究,['36945']
防制兒童及少年性交易教育宣導辦法,['22144']
防汛備料地點,['25790']
防汛備料基本資料,['86026']
防汛場所基本資料,['86029']
防災資訊_水庫洩洪警戒,['5984']
防災資訊_河川警戒,['5983']
防災資訊_淹水警戒,['5982']
防焰建材類驗證登錄證書資料集,['36624']
阿公店水庫即時水情資訊,['32734']
阿公店水庫集水區範圍圖,['58347']
陶瓷臉盆類驗證登錄證書資料集,['36625']
陶瓷面磚檢測,['41433']
陸資來臺之分業分年統計,['89758']
陸資來臺投資事業名錄,['18431']
陸資在臺事業國內員工人數資訊,['18432']
集成材類驗證登錄證書資料集,['36631']
集水區土砂搬運堆積與地形地質影響因子之探討,['32646']
集水區地形及地質調查成果查詢系統推廣說明會_系統操作,['32626']
集水區地形及地質資料庫建置成果介紹,['32648']
集水區地形及地質資料庫與空間化知識管理之結合,['45250']
離岸風力發電產業專業人才需求調查,['80358']
雲林縣毛巾產業科技發展協會申請對自中國大陸產製進口毛巾產品課徵反傾銷稅第2次落日調查案產業損害調查公開資料,['80624']
雲林縣毛巾產業科技發展協會申請對自中國大陸進口之毛巾採行大陸貨品進口救濟措施暨臨時措施案,['80620']
雲林縣毛巾產業科技發展協會申請對自中國大陸進口之毛巾採行大陸貨品進口救濟措施暨臨時措施案公開資料,['25811']
雲林縣毛巾產業科技發展協會申請對自中國大陸進口之毛巾產品繼續課徵反傾銷稅案產業損害調查公開資料,['25812']
雲林縣非營業用戶售電量,['83434']
雲端暨巨量資料產業專業人才需求調查結果報告,['16391']
雲端服務暨巨量資料產業專業人才需求調查,['29810']
雲端服務產業專業人才需求調查結果報告,['45316']
雷射測速儀檢查合格單資料集,['113543']
雷達測速儀檢查合格單資料集,['113544']
電力大地-台灣電力文化資產保存特展,['102760']
電動車輛Easy Go-全台電動機車充電站及維修站位置,['7073']
電動車輛Easy Go-全台電動汽車租賃據點及充電站位置,['7074']
電器商品標示基準,['16967']
電子用化學材料產業 專業人才需求調查,['9725']
電子簽章法施行細則,['16986']
電子資訊國際夥伴績優廠商歷屆得獎名單,['8290']
電子資訊製造業資訊系統導入狀況調查,['80378']
電子遊戲場業公共意外責任險投保辦法,['16982']
電子遊戲場業同1營業場所認定基準,['16983']
電子遊戲場業申請核發電子遊戲場業營業級別證作業要點,['16976']
電子遊戲場業稽查執行要點,['16975']
電子遊戲場業管理條例,['16974']
電子遊戲機分類標準,['16980']
電子遊戲機查驗貼證實施要點,['16984']
電子遊戲機管制作業要點,['16977']
電子遊戲機評鑑作業程序,['16978']
電子遊戲機評鑑委員會組織要點,['16979']
電子零組件潛力出口市場篩選,['103333']
電子類不合格進口商品,['59600']
電子類驗證登錄證書資料集,['30180']
電度表檢定合格單資料,['28865']
電度表檢查合格單資料集,['113545']
電機類不合格進口商品,['59597']
電機類驗證登錄證書資料集,['30181']
電腦及資訊服務業、專業技術服務業、租賃業營業額,['6843']
非傳統商標統計表,['101672']
非洲區域組織成員國,['30173']
非洲各區域組織重要經濟概況,['30174']
非洲地區自臺灣進口產品之市佔情形,['62472']
非洲地區駐外單位聯絡資訊,['32529']
非自動衡器檢查合格單資料集,['103481']
鞋類商品標示基準,['16973']
韓國投資環境簡介,['91854']
音樂授權實務問答集,['123139']
順向坡分布圖(該圖資為地質調查所研究成果，其調查範圍尚未涵蓋全台灣，現階段僅供參考),['6696']
順向坡分布航照判釋,['32489']
順向坡岩體滑動潛勢分析圖,['9702']
預拌混凝土各地區產量,['101001']
顯示器元件產品技術獎Gold Panel Awards歷屆得獎名單,['16386']
飛雁計畫-姊妹分享網,['45361']
餐飲業數年公司登記異動數,['108365']
餐飲業數年商業登記異動數,['108345']
馬上辦服務中心-知識庫,['86659']
馬上辦服務中心暨財會資訊服務網-常見問題,['103806']
驗證登錄以他人名義銷售報備資料集,['41585']
驗證登錄品目資料,['8318']
驗證登錄案件授權資料集,['41584']
高屏溪水系荖濃溪支流濁口溪河川區域圖,['41574']
高屏溪水系荖濃溪支流隘寮溪河川區域圖,['41575']
高屏溪水系隘寮溪支流武洛溪河川區域圖,['41573']
高屏溪流域河相特性及其演變之分析,['45252']
高軟園區重點產業廠商明細,['32615']
高雄加工出口區性別工作平等委員會設置要點,['32625']
高雄園區區內事業名錄資訊,['22306']
高雄園區及臨廣園區產業別土地使用狀況,['16500']
高雄園區可利用及待法拍私有廠房資訊,['22307']
高雄園區各類別採購案件資訊,['41478']
高雄園區土地出租資訊,['56934']
高雄園區就業訊息,['8184']
高雄園區年度勞工育樂活動,['32629']
高雄園區廠商海關監管資訊,['56930']
高雄園區從業員工職場培訓服務統計,['41480']
高雄園區新聞稿清單,['79655']
高雄園區於傳媒(含平面、網路、廣播)辦理政策宣導之相關廣告費用統計資訊(公務預算),['16497']
高雄園區營業聯絡處所廠商名錄,['22308']
高雄園區群聚的產業別及廠商名稱,['93995']
高雄市商業登記資料-C製造業,['53669']
高雄市商業登記資料-F零售、批發及餐飲業,['52931']
高雄市商業登記資料-I專業、科學及技術服務業,['52932']
高雄市歷史山崩目錄,['103242']
高雄市非營業用戶售電量,['83624']
高雄軟體園區區內事業名錄資訊,['22309']
高雄軟體園區固網業者資訊,['32612']
高雄軟體園區待租售辦公室資訊,['32605']
高雄軟體園區營業聯絡處所廠商名錄,['22310']
高雄軟體園區獲准投資區內事業行業別統計,['22311']
高雄軟體園區產業別土地使用狀況,['16498']
鯉魚潭水庫每日水情資訊,['95806']
鯉魚潭水庫集水區範圍圖,['58345']
龜山島地質鑽探柱狀圖,['112052']
落雷監測歷史資料,['9712']
蘭嶼居民生活環境與飲食習慣調查,['9710']
