5大銀行存放款利率歷史月資料,五大銀行存放款利率歷史月資料,10359,五大銀行:90年1月~97年10月為臺銀、彰銀、合庫、一銀、華銀；97年11月後，調整為臺銀、土銀、合庫、一銀、華銀。,銀行;年月;活期存款-固定;活期存款-機動;活儲存款-固定;活儲存款-機動;定存利率-一個月-固定;定存利率-一個月-機動;定存利率-三個月-固定;定存利率-三個月-機動;定存利率-六個月-固定;定存利率-六個月-機動;定存利率-九個月-固定;定存利率-九個月-機動;定存利率-一年期-固定;定存利率-一年期-機動;定存利率-二年期-固定;定存利率-二年期-機動;定存利率-三年期-固定;定存利率-三年期-機動;定儲利率-一年期-固定;定儲利率-一年期-機動;定儲利率-二年期-固定;定儲利率-二年期-機動;定儲利率-三年期-固定;定儲利率-三年期-機動;指數房貸-固定;指數房貸-機動;房貸月指-固定;房貸月指-機動;基準利率-固定;基準利率-機動,中央銀行
5大銀行新承做放款金額與利率,五大銀行新承做放款金額與利率,6551,五大銀行（97年10月以前為臺灣銀行、合作金庫銀行、第一商業銀行、華南商業銀行及彰化商業銀行；97年11月以後彰化商業銀行改為臺灣土地銀行）新承做放款之金額與利率。,期間;購屋貸款-金額;購屋貸款-利率;資本支出貸款-金額;資本支出貸款-利率;週轉金貸款-金額;週轉金貸款-利率;消費性貸款-金額;消費性貸款-利率;合計-金額;合計-利率,中央銀行
「ATM位置」查詢一覽表,「ATM位置」查詢一覽表,24333,提供民眾查詢可跨行提款、轉帳之ATM位置資訊(財金資訊公司),裝設金融機構代號;裝設金融機構名稱;裝設地點;裝設縣市;裝設地址,中央銀行
「國際卡在台提款-ATM位置」查詢一覽表,「國際卡在台提款-ATM位置」查詢一覽表,24361,提供民眾查詢國際卡在台提款ATM位置(財金資訊公司),裝設金融機構代號;裝設金融機構名稱;裝設地點;裝設縣市;裝設地址,中央銀行
「國際卡在台提款-ATM台數縣市分佈」統計(月報),「國際卡在台提款-ATM台數縣市分佈」統計(月報),24368,提供民眾查詢國際卡在台提款-ATM台數縣市分佈月統計資訊(財金資訊公司),基隆市;台北市;新北市;桃園市;彰化縣;新竹市;新竹縣;苗栗縣;台中市;南投縣;雲林縣;嘉義縣;嘉義市;台南市;高雄市;屏東縣;宜蘭縣;花蓮縣;台東縣;金門縣;澎湖縣;連江縣,中央銀行
「國際卡在台提款-交易值」統計(月報),「國際卡在台提款-交易值」統計(月報),24363,提供民眾查詢國際卡在台提款-交易值月統計資訊(財金資訊公司),統計期間;金額(單位：億元),中央銀行
「國際卡在台提款-交易區域分佈(北/中/南/東)」結構比統計(月報),「國際卡在台提款-交易區域分佈(北/中/南/東)」結構比統計(月報),24366,提供民眾查詢國際卡在台提款-交易區域分佈(北/中/南/東)結構比月統計資訊(財金資訊公司),統計期間;北部(單位：萬筆);北部結構比(單位：%);中部(單位：萬筆);中部結構比(單位：%);南部(單位：萬筆);南部結構比(單位：%);東部(單位：萬筆);東部結構比(單位：%);其他地區(單位：萬筆);其他地區結構比(單位：%);其他非實體通路(單位：萬筆);其他非實體通路結構比(單位：%),中央銀行
「國際卡在台提款-交易時間帶分佈」結構比統計(月報),「國際卡在台提款-交易時間帶分佈」結構比統計(月報),24364,提供民眾查詢國際卡在台提款-交易時間帶分佈結構比月統計資訊(財金資訊公司),統計期間;0-1時(單位：筆);0-1時結構比(單位：%);1-2時(單位：筆);1-2時結構比(單位：%);2-3時(單位：筆);2-3時結構比(單位：%);3-4時(單位：筆);3-4時結構比(單位：%);4-5時(單位：筆);4-5時結構比(單位：%);5-6時(單位：筆);5-6時結構比(單位：%);6-7時(單位：筆);6-7時結構比(單位：%);7-8時(單位：筆);7-8時結構比(單位：%);8-9時(單位：筆);8-9時結構比(單位：%);9-10時(單位：筆);9-10時結構比(單位：%);10-11時(單位：筆);10-11時結構比(單位：%);11-12時(單位：筆);11-12時結構比(單位：%);12-13時(單位：筆);12-13時結構比(單位：%);13-14時(單位：筆);13-14時結構比(單位：%);14-15時(單位：筆);14-15時結構比(單位：%);15-16時(單位：筆);15-16時結構比(單位：%);16-17時(單位：筆);16-17時結構比(單位：%);17-18時(單位：筆);17-18時結構比(單位：%);18-19時(單位：筆);18-19時結構比(單位：%);19-20時(單位：筆);19-20時結構比(單位：%);20-21時(單位：筆);20-21時結構比(單位：%);21-22時(單位：筆);21-22時結構比(單位：%);22-23時(單位：筆);22-23時結構比(單位：%);23-24時(單位：筆);23-24時結構比(單位：%),中央銀行
「國際卡在台提款-交易縣市分佈」結構比統計(月報),「國際卡在台提款-交易縣市分佈」結構比統計(月報),24367,提供民眾查詢國際卡在台提款-交易縣市分佈結構比月統計資訊(財金資訊公司),統計期間;台北市(單位：萬筆);台北市結構比(單位：%);基隆市(單位：萬筆);基隆市結構比(單位：%);新北市(單位：萬筆);新北市結構比(單位：%);宜蘭縣(單位：萬筆);宜蘭縣結構比(單位：%);新竹市(單位：萬筆);新竹市結構比(單位：%);新竹縣(單位：萬筆);新竹縣結構比(單位：%);桃園市(單位：萬筆);桃園市結構比(單位：%);苗栗縣(單位：萬筆);苗栗縣結構比(單位：%);台中市(單位：萬筆);台中市結構比(單位：%);彰化縣(單位：萬筆);彰化縣結構比(單位：%);南投縣(單位：萬筆);南投縣結構比(單位：%);嘉義市(單位：萬筆);嘉義市結構比(單位：%);嘉義縣(單位：萬筆);嘉義縣結構比(單位：%);雲林縣(單位：萬筆);雲林縣結構比(單位：%);台南市(單位：萬筆);台南市結構比(單位：%);高雄市(單位：萬筆);高雄市結構比(單位：%);屏東縣(單位：萬筆);屏東縣結構比(單位：%);台東縣(單位：萬筆);台東縣結構比(單位：%);花蓮縣(單位：萬筆);花蓮縣結構比(單位：%);澎湖縣(單位：萬筆);澎湖縣結構比(單位：%);金門縣(單位：萬筆);金門縣結構比(單位：%);連江縣(單位：萬筆);連江縣結構比(單位：%);其他非實體通路(單位：萬筆);其他非實體通路結構比(單位：%),中央銀行
「國際卡在台提款-交易類別(餘額查詢/提款)」結構比統計(月報),「國際卡在台提款-交易類別(餘額查詢/提款)」結構比統計(月報),24365,提供民眾查詢國際卡在台提款交易量-交易類別結構比月統計資訊(財金資訊公司),統計期間;餘額查詢(單位：萬筆);餘額查詢結構比(單位：%);提款(單位：萬筆);提款結構比(單位：%),中央銀行
「外幣結算平台-交易值」統計(月報),「外幣結算平台-交易值」統計(月報),24358,提供民眾查詢外幣結算平台-交易值月統計資訊(財金資訊公司),統計期間;美元境內(單位：百萬元);美元跨境(單位：百萬元);人民幣境內(單位：百萬元);人民幣跨境(單位：百萬元);日圓境內(單位：百萬元);日圓跨境(單位：百萬元);歐元境內(單位：百萬元);歐元跨境(單位：百萬元),中央銀行
「外幣結算平台-交易時間帶分佈」結構比統計(月報),「外幣結算平台-交易時間帶分佈」結構比統計(月報),24359,提供民眾查詢外幣結算平台-交易時間帶分佈」結構比月統計資訊(財金資訊公司),統計期間;0-7時(單位：筆);0-7時結構比(單位：%);7-8時(單位：筆);7-8時結構比(單位：%);8-9時(單位：筆);8-9時結構比(單位：%);9-10時(單位：筆);9-10時結構比(單位：%);10-11時(單位：筆);10-11時結構比(單位：%);11-12時(單位：筆);11-12時結構比(單位：%);12-13時(單位：筆);12-13時結構比(單位：%);13-14時(單位：筆);13-14時結構比(單位：%);14-15時(單位：筆);14-15時結構比(單位：%);15-16時(單位：筆);15-16時結構比(單位：%);16-17時(單位：筆);16-17時結構比(單位：%);17-24時(單位：筆);17-24時結構比(單位：%),中央銀行
「外幣結算平台-金融機構屬性(本國銀行/外商銀行)」結構比統計(月報),「外幣結算平台-金融機構屬性(本國銀行/外商銀行)」結構比統計(月報),24360,提供民眾查詢外幣結算平台交易量依金融機構屬性月統計資訊(財金資訊公司),統計期間;本國銀行(單位：萬筆);本國銀行結構比(單位：%);外商銀行(單位：萬筆);外商銀行結構比(單位：%);其他單位(單位：萬筆);其他單位結構比(單位：%),中央銀行
「總分支機構位置」查詢一覽表,「總分支機構位置」查詢一覽表,24323,提供民眾查詢金融機構總分支機構位置資訊(財金資訊公司),銀行代號;分支機構代號;金融機構名稱;分支機構名稱;地址,中央銀行
「跨行通匯-交易值」統計(月報),「跨行通匯-交易值」統計(月報),24343,提供民眾查詢跨行通匯交易值月統計資訊(財金資訊公司),統計期間;一般客戶匯款(單位：億元);一般客戶匯款結構比(單位：%);同業匯款(單位：億元);同業匯款結構比(單位：%);其他類匯款(單位：億元);其他類匯款結構比(單位：%),中央銀行
「跨行通匯-交易區域分佈(北/中/南/東)」結構比統計(月報),「跨行通匯-交易區域分佈(北/中/南/東)」結構比統計(月報),24347,提供民眾查詢跨行通匯交易依區域分佈月統計資訊(財金資訊公司),統計期間;北部(單位：萬筆);北部結構比(單位：%);中部(單位：萬筆);中部結構比(單位：%);南部(單位：萬筆);南部結構比(單位：%);東部(單位：萬筆);東部結構比(單位：%);其他地區(單位：萬筆);其他地區結構比(單位：%),中央銀行
「跨行通匯-交易時間帶分佈」結構比統計,「跨行通匯-交易時間帶分佈」結構比統計,24344,提供民眾查詢跨行通匯交易依時間帶月統計資訊(財金資訊公司),統計期間;0-7時(單位：筆);0-7時結構比(單位：%);7-8時(單位：筆);7-8時結構比(單位：%);8-9時(單位：筆);8-9時結構比(單位：%);9-10時(單位：筆);9-10時結構比(單位：%);10-11時(單位：筆);10-11時結構比(單位：%);11-12時(單位：筆);11-12時結構比(單位：%);12-13時(單位：筆);12-13時結構比(單位：%);13-14時(單位：筆);13-14時結構比(單位：%);14-15時(單位：筆);14-15時結構比(單位：%);15-16時(單位：筆);15-16時結構比(單位：%);16-17時(單位：筆);16-17時結構比(單位：%);17-24時(單位：筆);17-24時結構比(單位：%),中央銀行
「跨行通匯-交易縣市分佈」結構比統計(月報),「跨行通匯-交易縣市分佈」結構比統計(月報),24348,提供民眾查詢跨行通匯交易依縣市分佈月統計資訊(財金資訊公司),統計期間;台北市(單位：萬筆);台北市結構比(單位：%);基隆市(單位：萬筆);基隆市結構比(單位：%);新北市(單位：萬筆);新北市結構比(單位：%);宜蘭縣(單位：萬筆);宜蘭縣結構比(單位：%);新竹市(單位：萬筆);新竹市結構比(單位：%);新竹縣(單位：萬筆);新竹縣結構比(單位：%);桃園市(單位：萬筆);桃園市結構比(單位：%);苗栗縣(單位：萬筆);苗栗縣結構比(單位：%);台中市(單位：萬筆);台中市結構比(單位：%);彰化縣(單位：萬筆);彰化縣結構比(單位：%);南投縣(單位：萬筆);南投縣結構比(單位：%);嘉義市(單位：萬筆);嘉義市結構比(單位：%);嘉義縣(單位：萬筆);嘉義縣結構比(單位：%);雲林縣(單位：萬筆);雲林縣結構比(單位：%);台南市(單位：萬筆);台南市結構比(單位：%);高雄市(單位：萬筆);高雄市結構比(單位：%);屏東縣(單位：萬筆);屏東縣結構比(單位：%);台東縣(單位：萬筆);台東縣結構比(單位：%);花蓮縣(單位：萬筆);花蓮縣結構比(單位：%);澎湖縣(單位：萬筆);澎湖縣結構比(單位：%);金門縣(單位：萬筆);金門縣結構比(單位：%);連江縣(單位：萬筆);連江縣結構比(單位：%),中央銀行
「跨行通匯-總分支機構數縣市分佈」統計,「跨行通匯-總分支機構數縣市分佈」統計,24349,提供民眾查詢金融機構之總分支機構依縣市分佈月統計資訊(財金資訊公司),基隆市;台北市;新北市;桃園市;彰化縣;新竹市;新竹縣;苗栗縣;台中市;南投縣;雲林縣;嘉義縣;嘉義市;台南市;高雄市;屏東縣;宜蘭縣;花蓮縣;台東縣;金門縣;澎湖縣;連江縣,中央銀行
「跨行通匯-金融機構屬性(本國銀行/外商銀行/合作社/農會)」結構比統計(月報),「跨行通匯-金融機構屬性(本國銀行/外商銀行/合作社/農會)」結構比統計(月報),24346,提供民眾查詢跨行通匯交易依金融機構屬性月統計資訊(財金資訊公司),統計期間;本國銀行(單位：萬筆);本國銀行結構比(單位：%);外商銀行(單位：萬筆);外商銀行結構比(單位：%);信用合作社(單位：萬筆);信用合作社結構比(單位：%);農漁會(單位：萬筆);農漁會結構比(單位：%);其他單位(單位：萬筆);其他單位結構比(單位：%),中央銀行
「金融卡-ATM台數縣市分佈」統計,「金融卡-ATM台數縣市分佈」統計,24357,提供民眾查詢ATM台數依縣市分佈月統計資訊(財金資訊公司),統計期間;基隆市;台北市;新北市;桃園市;彰化縣;新竹市;新竹縣;苗栗縣;台中市;南投縣;雲林縣;嘉義縣;嘉義市;台南市;高雄市;屏東縣;宜蘭縣;花蓮縣;台東縣;金門縣;澎湖縣;連江縣,中央銀行
「金融卡-交易值」統計(月報),「金融卡-交易值」統計(月報),24350,提供民眾查詢金融卡交易值月統計資訊(財金資訊公司),統計期間;提款(單位：億元);提款結構比(單位：%);轉帳(單位：億元);轉帳結構比(單位：%);繳費稅(單位：億元);繳費稅結構比(單位：%),中央銀行
「金融卡-交易區域分佈(北/中/南/東)」結構比統計(月報),「金融卡-交易區域分佈(北/中/南/東)」結構比統計(月報),24355,提供民眾查詢金融卡交易依區域分佈月統計資訊(財金資訊公司),統計期間;北部(單位：萬筆);北部結構比(單位：%);中部(單位：萬筆);中部結構比(單位：%);南部(單位：萬筆);南部結構比(單位：%);東部(單位：萬筆);東部結構比(單位：%);其他地區(單位：萬筆);其他地區結構比(單位：%);其他非實體通路(單位：萬筆);其他非實體通路結構比(單位：%),中央銀行
「金融卡-交易時間帶分佈」結構比統計(月報),「金融卡-交易時間帶分佈」結構比統計(月報),24352,提供民眾查詢金融卡交易依時間帶分佈月統計資訊(財金資訊公司),統計期間;0-1時(單位：筆);0-1時結構比(單位：%);1-2時(單位：筆);1-2時結構比(單位：%);2-3時(單位：筆);2-3時結構比(單位：%);3-4時(單位：筆);3-4時結構比(單位：%);4-5時(單位：筆);4-5時結構比(單位：%);5-6時(單位：筆);5-6時結構比(單位：%);6-7時(單位：筆);6-7時結構比(單位：%);7-8時(單位：筆);7-8時結構比(單位：%);8-9時(單位：筆);8-9時結構比(單位：%);9-10時(單位：筆);9-10時結構比(單位：%);10-11時(單位：筆);10-11時結構比(單位：%);11-12時(單位：筆);11-12時結構比(單位：%);12-13時(單位：筆);12-13時結構比(單位：%);13-14時(單位：筆);13-14時結構比(單位：%);14-15時(單位：筆);14-15時結構比(單位：%);15-16時(單位：筆);15-16時結構比(單位：%);16-17時(單位：筆);16-17時結構比(單位：%);17-18時(單位：筆);17-18時結構比(單位：%);18-19時(單位：筆);18-19時結構比(單位：%);19-20時(單位：筆);19-20時結構比(單位：%);20-21時(單位：筆);20-21時結構比(單位：%);21-22時(單位：筆);21-22時結構比(單位：%);22-23時(單位：筆);22-23時結構比(單位：%);23-24時(單位：筆);23-24時結構比(單位：%),中央銀行
「金融卡-交易縣市分佈」結構比統計(月報),「金融卡-交易縣市分佈」結構比統計(月報),24356,提供民眾查詢持金融卡交易依縣市分佈月統計資訊(財金資訊公司),統計期間;台北市(單位：萬筆);台北市結構比(單位：%);基隆市(單位：萬筆);基隆市結構比(單位：%);新北市(單位：萬筆);新北市結構比(單位：%);宜蘭縣(單位：萬筆);宜蘭縣結構比(單位：%);新竹市(單位：萬筆);新竹市結構比(單位：%);新竹縣(單位：萬筆);新竹縣結構比(單位：%);桃園市(單位：萬筆);桃園市結構比(單位：%);苗栗縣(單位：萬筆);苗栗縣結構比(單位：%);台中市(單位：萬筆);台中市結構比(單位：%);彰化縣(單位：萬筆);彰化縣結構比(單位：%);南投縣(單位：萬筆);南投縣結構比(單位：%);嘉義市(單位：萬筆);嘉義市結構比(單位：%);嘉義縣(單位：萬筆);嘉義縣結構比(單位：%);雲林縣(單位：萬筆);雲林縣結構比(單位：%);台南市(單位：萬筆);台南市結構比(單位：%);高雄市(單位：萬筆);高雄市結構比(單位：%);屏東縣(單位：萬筆);屏東縣結構比(單位：%);台東縣(單位：萬筆);台東縣結構比(單位：%);花蓮縣(單位：萬筆);花蓮縣結構比(單位：%);澎湖縣(單位：萬筆);澎湖縣結構比(單位：%);金門縣(單位：萬筆);金門縣結構比(單位：%);連江縣(單位：萬筆);連江縣結構比(單位：%);其他非實體通路(單位：萬筆);其他非實體通路結構比(單位：%),中央銀行
「金融卡-交易類別(餘額查詢/提款/轉帳/繳費/繳稅)」結構比統計(月報),「金融卡-交易類別(餘額查詢/提款/轉帳/繳費/繳稅)」結構比統計(月報),24353,提供民眾查詢金融卡交易依交易類別月統計資訊(財金資訊公司),統計期間;餘額查詢(單位：萬筆);餘額查詢結構比(單位：%);提款(單位：萬筆);提款結構比(單位：%);轉帳(單位：萬筆);轉帳結構比(單位：%);繳費稅(單位：萬筆);繳費稅結構比(單位：%),中央銀行
「金融卡-金融機構屬性(本國銀行/外商銀行/合作社/農會)」結構比統計(月報),「金融卡-金融機構屬性(本國銀行/外商銀行/合作社/農會)」結構比統計(月報),24354,提供民眾查詢金融卡交易依金融機構屬性月統計資訊(財金資訊公司),統計期間;本國銀行(單位：萬筆);本國銀行結構比(單位：%);外商銀行(單位：萬筆);外商銀行結構比(單位：%);信用合作社(單位：萬筆);信用合作社結構比(單位：%);農漁會(單位：萬筆);農漁會結構比(單位：%);其他單位(單位：萬筆);其他單位結構比(單位：%),中央銀行
中央公債之發行、償還及未償還餘額表,中央公債之發行、償還及未償還餘額表,9465,中央公債每1會計年度及最近1年每月當期、累計發行額及當期、累計償還額及未償還餘額等資料,會計年度或月;當期發行額;累計發行額;當期償還額;累計償還額及未償還餘額;,中央銀行
中央公債交易商名單,中央公債交易商名單,9473,中央公債交易商名稱、地址、聯絡電話及傳真機號碼等資料,序號;交易商名稱;地址;聯絡電話;FXNO,中央銀行
中央公債得標行業分析表,中央公債得標行業分析表,9466,每期中央公債發行總額及各行業得標比率等資料,期別;年期;發行總額;銀行業金額;銀行業比重;證券業金額;證券業金額比重;票券業金額;票券業金額比重;保險業金額;保險業金額比重,中央銀行
中央公債持有對象分析表,中央公債持有對象分析表,9467,每1會計年度及最近1年每月公債餘額及各行業持有中央公債比率等資料,年月底;公債餘額;全體中央公債交易商持有比率;銀行業持有比率;證券業持有比率;信託業及票券業持有比率;保險業持有比率;非中央公債交易商持有比率,中央銀行
中央公債標售概況表,中央公債標售概況表,7234,中央銀行代理中央政府公債之發售業務，於每期公債開標作業完成後，公告標售結果之情形。,期別;發行日期;年期;公告發行額;實際發行額;總價款;溢(折)價;公告競標數額;投標數額;投標倍數;委託代售數額;票面利率;最低得標利率;最高得標利率;得標高低利差;加權平均利率,中央銀行
中央公債經理體系,中央公債經理體系,10744,中央公債經理體系,檔案名稱;網址,中央銀行
中央公債還本付息概況表,中央公債還本付息概況表,13761,各年度及當年度各月份公債還本付息概況,會計年度;還本金額;付息金額;還本付息合計數,中央銀行
中央印製廠會計報表,中央印製廠會計報表,18842,中央印製廠會計報表,SEQNO;LEVEL;BOLD;編號;科目;本年度法定預算數;本月份實際數;本月份預算數;本月份比較增減-金額;本月份比較增減-百分比;本年度截至本月份實際數;本年度截至本月份預算數;本年度截至本月份比較增減-金額;本年度截至本月份比較增減-百分比;金額;百分比;科目編號;ORDER;計畫名稱;以前年度保留數;本年度奉准先行辦理數;調整數;累計預算分配數;實支數;應付未付數;差異或落後原因;改進措施;備註,中央銀行
中央印製廠決算報表,中央印製廠決算報表,18640,中央印製廠決算報表,SEQNO;LEVEL;BOLD;上年度決算數;科目名稱;科目編號;本年度決算數;本年度預算數;比較增減-金額;比較增減-百分比;項目名稱;項目編號;決算數;預算數;備註,中央銀行
中央印製廠預算報表,中央印製廠預算報表,13408,中央印製廠預算報表,SEQNO;LEVEL;BOLD;前年度決算數-金額;前年度決算數-百分比;科目名稱;科目編號;本年度預算數-金額;本年度預算數-百分比;上年度預算數-金額;上年度預算數-百分比;比較增減-金額;比較增減-百分比;項目名稱;項目編號;預算數;說明,中央銀行
中央存款保險公司資產負債統計表,中央存款保險公司資產負債統計表,10782,中央存款保險公司資產負債統計表,期間;證券投資-政府債券-原始值;證券投資-政府債券-年增率;證券投資-金融債券及定期存單-原始值;證券投資-金融債券及定期存單-年增率;證券投資-公司債券-原始值;證券投資-公司債券-年增率;存放央行-支票存款-原始值;存放央行-支票存款-年增率;存放央行-定期存款-原始值;存放央行-定期存款-年增率;庫存現金-原始值;庫存現金-年增率;固定資產-原始值;固定資產-年增率;其他資產-原始值;其他資產-年增率;資產淨額=負債權益(淨額)-原始值;資產淨額=負債權益(淨額)-年增率;賠款準備-原始值;賠款準備-年增率;其它負債(淨額)-原始值;其它負債(淨額)-年增率;權益-原始值;權益-年增率,中央銀行
中央登錄公債交易彙總表,中央登錄公債交易彙總表,9469,每1會計年度及最近1年每月中央登錄公債買賣斷交易金額、附條件交易金額、交易總額及其占全體債券市場之比率等相關資料,會計年度或月;登錄公債買賣斷交易金額;占全體債券市場買賣斷交易之比率;登錄公債附條件交易金額;占全體債券市場附條件交易之比率;登錄公債交易總額;占全體債券市場交易總額之比率,中央銀行
中央登錄公債分割/重組狀況月報表,中央登錄公債分割/重組狀況月報表,9470,每月可分割公債債券分割及重組等相關資料,債券名稱;票面利率;年期;到期日;發行面額;本月分割面額;本月重組面額;未分割餘額;已分割餘額;分割比率,中央銀行
中央登錄公債登記分析表,中央登錄公債登記分析表,9468,每1會計年度及最近1年每月中央登錄公債各類登記之筆數及面額等資料,會計年度或月;轉讓登記筆數;轉讓登記面額;提存及返還登記筆數;提存及返還登記面額;限制性移轉登記筆數;限制性移轉登記面額;附條件交易憑證簽發及註銷筆數;附條件交易憑證簽發及註銷面額;其他圈存交易筆數;其他圈存交易面額;合計筆數;合計面額,中央銀行
中央造幣廠會計報表,中央造幣廠會計報表,19575,中央造幣廠會計報表,,中央銀行
中央造幣廠決算報表,中央造幣廠決算報表,18637,中央造幣廠決算報表,SEQNO;LEVEL;BOLD;上年度決算數;科目名稱;科目編號;本年度決算數;本年度預算數;比較增減-金額;比較增減-百分比;項目名稱;項目編號;決算數;預算數;備註,中央銀行
中央造幣廠預算報表,中央造幣廠預算報表,13461,中央造幣廠預算報表,SEQNO;LEVEL;BOLD;前年度決算數-金額;前年度決算數-百分比;科目名稱;科目編號;本年度預算數-金額;本年度預算數-百分比;上年度預算數-金額;上年度預算數-百分比;比較增減-金額;比較增減-百分比;項目名稱;項目編號;預算數;說明,中央銀行
中華郵政公司儲匯處資產負債統計表,中華郵政公司儲匯處資產負債統計表,10763,中華郵政公司儲匯處資產負債統計表,期間;資產合計=負債權益合計-原始值;資產合計=負債權益合計-年增率;國外資產-原始值;國外資產-年增率;放款-原始值;放款-年增率;對非金融機構證券投資-計-原始值;對非金融機構證券投資-計-年增率;對非金融機構證券投資-政府機關-原始值;對非金融機構證券投資-政府機關-年增率;對非金融機構證券投資-公營事業-原始值;對非金融機構證券投資-公營事業-年增率;對非金融機構證券投資-民營企業-原始值;對非金融機構證券投資-民營企業-年增率;對金融機構證券投資-原始值;對金融機構證券投資-年增率;對金融機構債權-中央銀行-原始值;對金融機構債權-中央銀行-年增率;對金融機構債權-其他貨幣機構-原始值;對金融機構債權-其他貨幣機構-年增率;對金融機構債權-人壽保險公司等-原始值;對金融機構債權-人壽保險公司等-年增率;庫存現金-原始值;庫存現金-年增率;其他資產-原始值;其他資產-年增率,中央銀行
主要支付系統,主要支付系統,10785,主要支付系統,期間;中央銀行同資系統-筆數-原始值;中央銀行同資系統-筆數-年增率;中央銀行同資系統-金額-原始值;中央銀行同資系統-金額-年增率;票據交換結算系統-合計-筆數-原始值;票據交換結算系統-合計-筆數-年增率;票據交換結算系統-合計-金額-原始值;票據交換結算系統-合計-金額-年增率;票據交換結算系統-票據交換張數-筆數-原始值;票據交換結算系統-票據交換張數-筆數-年增率;票據交換結算系統-票據交換張數-金額-原始值;票據交換結算系統-票據交換張數-金額-年增率;票據交換結算系統-票據交換金額-筆數-原始值;票據交換結算系統-票據交換金額-筆數-年增率;票據交換結算系統-票據交換金額-金額-原始值;票據交換結算系統-票據交換金額-金額-年增率;票據交換結算系統-ACH代收代付-筆數-原始值;票據交換結算系統-ACH代收代付-筆數-年增率;票據交換結算系統-ACH代收代付-金額-原始值;票據交換結算系統-ACH代收代付-金額-年增率;財金公司跨行金融資訊系統-合計-筆數-原始值;財金公司跨行金融資訊系統-合計-筆數-年增率;財金公司跨行金融資訊系統-合計-金額-原始值;財金公司跨行金融資訊系統-合計-金額-年增率;財金公司跨行金融資訊系統-跨行匯款-筆數-原始值;財金公司跨行金融資訊系統-跨行匯款-筆數-年增率;財金公司跨行金融資訊系統-跨行匯款-金額-原始值;財金公司跨行金融資訊系統-跨行匯款-金額-年增率;財金公司跨行金融資訊系統-ATM跨行提款及轉帳-筆數-原始值;財金公司跨行金融資訊系統-ATM跨行提款及轉帳-筆數-年增率;財金公司跨行金融資訊系統-ATM跨行提款及轉帳-金額-原始值;財金公司跨行金融資訊系統-ATM跨行提款及轉帳-金額-年增率;財金公司跨行金融資訊系統-其他-筆數-原始值;財金公司跨行金融資訊系統-其他-筆數-年增率;財金公司跨行金融資訊系統-其他-金額-原始值;財金公司跨行金融資訊系統-其他-金額-年增率,中央銀行
主要財務及營運比率,主要財務及營運比率,10733,依據銀行按期填送未經審定或查核調整之資料彙編。,檔案名稱;網址,中央銀行
交換票據行業別統計表,交換票據行業別統計表,24758,依經濟部公佈之行業別分類標準統計各行業別票據交換量佔全體公司戶之比例(不含人工交換地區花蓮、台東、澎湖)(台灣票據交換所),年月;行業別;張數;張數百分比(佔公司戶);金額;金額百分比(佔公司戶),中央銀行
人壽保險公司資產負債統計表,人壽保險公司資產負債統計表,10767,人壽保險公司資產負債統計表,期間;國外資產-原始值;國外資產-年增率;放款-原始值;放款-年增率;對非金融機構證券投資-計-原始值;對非金融機構證券投資-計-年增率;對非金融機構證券投資-政府機關-原始值;對非金融機構證券投資-政府機關-年增率;對非金融機構證券投資-公營事業-原始值;對非金融機構證券投資-公營事業-年增率;對非金融機構證券投資-民營企業-原始值;對非金融機構證券投資-民營企業-年增率;對金融機構證券投資-原始值;對金融機構證券投資-年增率;不動產投資-原始值;不動產投資-年增率;對金融機構債權-原始值;對金融機構債權-年增率;庫存現金-原始值;庫存現金-年增率;其他資產-原始值;其他資產-年增率;資產合計=負債權益合計-原始值;資產合計=負債權益合計-年增率;人壽保險準備-原始值;人壽保險準備-年增率;其他負債-原始值;其他負債-年增率;權益-原始值;權益-年增率,中央銀行
代收國稅款之金融機構名單,代收國稅款之金融機構名單,10742,代收國稅金融機構名單、合庫銀行轉委託基層金融機構代收國稅基層金融機構名單,序號;金<br>融<br>機<br>構<br>名<br>稱,中央銀行
代辦國庫事務金融機構名單,代辦國庫事務金融機構名單,10741,代辦國庫事務金融機構名單及其國庫經辦行家數,縣市;序號;經 辦 行名 稱;代 號;地 址;市 話,中央銀行
信用卡及金融機構自動櫃員機業務統計,信用卡及金融機構自動櫃員機業務統計,10816,信用卡及金融機構自動櫃員機業務統計,期間;信用卡-簽帳金額-合計-原始值;信用卡-簽帳金額-合計-年增率;信用卡-簽帳金額-國內-原始值;信用卡-簽帳金額-國內-年增率;信用卡-簽帳金額-國外-原始值;信用卡-簽帳金額-國外-年增率;信用卡-預借現金金額-合計-原始值;信用卡-預借現金金額-合計-年增率;信用卡-預借現金金額-國內-原始值;信用卡-預借現金金額-國內-年增率;信用卡-預借現金金額-國外-原始值;信用卡-預借現金金額-國外-年增率;信用卡-循環信用餘額-原始值;信用卡-循環信用餘額-年增率;金融機構自動櫃員機交易金額-原始值;金融機構自動櫃員機交易金額-年增率,中央銀行
信用合作社資產負債統計表,信用合作社資產負債統計表,10759,信用合作社資產負債統計表,期間;資產淨額=負債權益淨額-原始值;資產淨額=負債權益淨額-年增率;放款-原始值;放款-年增率;對非金融機構證券投資-計-原始值;對非金融機構證券投資-計-年增率;對非金融機構證券投資-政府機關-原始值;對非金融機構證券投資-政府機關-年增率;對非金融機構證券投資-公營事業-原始值;對非金融機構證券投資-公營事業-年增率;對非金融機構證券投資-民營企業-原始值;對非金融機構證券投資-民營企業-年增率;對金融機構證券投資-原始值;對金融機構證券投資-年增率;對金融機構債權-中央銀行-原始值;對金融機構債權-中央銀行-年增率;對金融機構債權-其他貨幣機構-原始值;對金融機構債權-其他貨幣機構-年增率;對金融機構債權-人壽保險公司等-原始值;對金融機構債權-人壽保險公司等-年增率;庫存現金-原始值;庫存現金-年增率;其他資產-原始值;其他資產-年增率;企業及個人存款-計-原始值;企業及個人存款-計-年增率;企業及個人存款-支票存款-原始值;企業及個人存款-支票存款-年增率;企業及個人存款-活期存款-原始值;企業及個人存款-活期存款-年增率;企業及個人存款-活期儲蓄存款-原始值;企業及個人存款-活期儲蓄存款-年增率;企業及個人存款-定期存款-原始值;企業及個人存款-定期存款-年增率;企業及個人存款-定期儲蓄存款-原始值;企業及個人存款-定期儲蓄存款-年增率;政府存款-原始值;政府存款-年增率;對金融機構負債-其他貨幣機構-原始值;對金融機構負債-其他貨幣機構-年增率;對金融機構負債-人壽保險公司等-原始值;對金融機構負債-人壽保險公司等-年增率;其他負債-原始值;其他負債-年增率;權益-原始值;權益-年增率,中央銀行
信託投資公司資產負債統計表,信託投資公司資產負債統計表,10766,信託投資公司資產負債統計表,期間;放款-原始值;放款-年增率;對非金融機構證券投資-計-原始值;對非金融機構證券投資-計-年增率;對非金融機構證券投資-政府債券-原始值;對非金融機構證券投資-政府債券-年增率;對非金融機構證券投資-公營事業-原始值;對非金融機構證券投資-公營事業-年增率;對非金融機構證券投資-民營企業-原始值;對非金融機構證券投資-民營企業-年增率;對金融機構證券投資-原始值;對金融機構證券投資-年增率;不動產投資-原始值;不動產投資-年增率;對金融機構債權-中央銀行-原始值;對金融機構債權-中央銀行-年增率;對金融機構債權-其他貨幣機構-原始值;對金融機構債權-其他貨幣機構-年增率;對金融機構債權-人壽保險公司等-原始值;對金融機構債權-人壽保險公司等-年增率;庫存現金-原始值;庫存現金-年增率;其他資產-原始值;其他資產-年增率;資產合計=負債權益合計-原始值;資產合計=負債權益合計-年增率;信託資金-原始值;信託資金-年增率;對金融機構負債-中央銀行-原始值;對金融機構負債-中央銀行-年增率;對金融機構負債-其他貨幣機構-原始值;對金融機構負債-其他貨幣機構-年增率;對金融機構負債-人壽保險公司等-原始值;對金融機構負債-人壽保險公司等-年增率;其他負債-原始值;其他負債-年增率;權益-原始值;權益-年增率,中央銀行
個別金融機構牌告存放款利率,個別金融機構牌告存放款利率,13680,金融機構每日存放款牌告利率(歷史資料)-提供自2015年3月1日起之金融機構牌告利率，如需更早利率歷史資料，請至中央銀行網站(http://www.cbc.gov.tw)查詢。 單位：年利率％，００–９９額度為佰萬元，Ａ０–Ｚ９額度為千萬元 說明：額度欄００表示一般存款，０３表示三佰萬以上大額存款，１０表示一仟萬以上大額存款<br>額度欄Ａ０表示一億以上大額，Ｂ０表示兩億以上大額Ｊ０表示十億以上大額，Ｚ０表示二十六億以上大額存款，以此類推。,基準日;金融機構;活期存款-額度;活期存款-固定;活期存款-機動;活期儲蓄存款-額度;活期儲蓄存款-固定;活期儲蓄存款-機動;定期存款一個月-額度;定期存款一個月-固定;定期存款一個月-機動;定期存款三個月-額度;定期存款三個月-固定;定期存款三個月-機動;定期存款六個月-額度;定期存款六個月-固定;定期存款六個月-機動;定期存款九個月-額度;定期存款九個月-固定;定期存款九個月-機動;定期存款一年-額度;定期存款一年-固定;定期存款一年-機動;定期存款二年-額度;定期存款二年-固定;定期存款二年-機動;定期存款三年-額度;定期存款三年-固定;定期存款三年-機動;定期儲蓄一年-額度;定期儲蓄一年-固定;定期儲蓄一年-機動;定期儲蓄二年-額度;定期儲蓄二年-固定;定期儲蓄二年-機動;定期儲蓄三年-額度;定期儲蓄三年-固定;定期儲蓄三年-機動;基準利率-額度;基準利率-固定;基準利率-機動;基準利率指標利率-額度;基準利率指標利率-固定;基準利率指標利率-機動;基準利率一定比例-額度;基準利率一定比例-固定;基準利率一定比例-機動;月基準利率-額度;月基準利率-固定;月基準利率-機動;基準利率月指標-額度;基準利率月指標-固定;基準利率月指標-機動;指數房貨指標利率-額度;指數房貨指標利率-固定;指數房貨指標利率-機動;指數房貨月指標-額度;指數房貨月指標-固定;指數房貨月指標-機動;現金卡最高利率-額度;現金卡最高利率-固定;現金卡最高利率-機動;現金卡次高利率-額度;現金卡次高利率-固定;現金卡次高利率-機動;現金卡次低利率-額度;現金卡次低利率-固定;現金卡次低利率-機動;現金卡最低利率-額度;現金卡最低利率-固定;現金卡最低利率-機動;信用卡最高利率-額度;信用卡最高利率-固定;信用卡最高利率-機動;信用卡次高利率-額度;信用卡次高利率-固定;信用卡次高利率-機動;信用卡次低利率-額度;信用卡次低利率-固定;信用卡次低利率-機動;信用卡最低利率-額度;信用卡最低利率-固定;信用卡最低利率-機動;定存-二個月-額度;定存-二個月-固定;定存-二個月-機動;定存-四個月-額度;定存-四個月-固定;定存-四個月-機動;定存-五個月-額度;定存-五個月-固定;定存-五個月-機動;定存-七個月-額度;定存-七個月-固定;定存-七個月-機動;定存-八個月-額度;定存-八個月-固定;定存-八個月-機動;定存-十個月-額度;定存-十個月-固定;定存-十個月-機動;定存-十一個月-額度;定存-十一個月-固定;定存-十一個月-機動;定存-十三個月-額度;定存-十三個月-固定;定存-十三個月-機動;定儲-十三個月-額度;定儲-十三個月-固定;定儲-十三個月-機動;薪資轉帳存款-額度;薪資轉帳存款-固定;薪資轉帳存款-機動;證券戶活儲-額度;證券戶活儲-固定;證券戶活儲-機動;0資料日期;1金融機構代號;2金融機構名稱;3牌告利率項目;4牌告利率名稱;5存期起日;6存期迄日;7存期中文;8額度代碼;9額度代碼中文;10生效日期;11生效時間;12固定利率(2位整數/3位小數);13機動利率(2位整數/3位小數),中央銀行
債券市場統計-債券交易金額,債券市場統計-債券交易金額,10837,債券市場統計-債券交易金額,期間;債券成交總額-合計-原始值;債券成交總額-合計-年增率;債券成交總額-買賣斷-原始值;債券成交總額-買賣斷-年增率;債券成交總額-附條件-原始值;債券成交總額-附條件-年增率;政府債券-原始值;政府債券-年增率;公司債-原始值;公司債-年增率;金融債券-原始值;金融債券-年增率;受益證券-原始值;受益證券-年增率;外國債券及國際債券-原始值;外國債券及國際債券-年增率,中央銀行
債券市場統計-國內公司債及金融債券之發行、償還及餘額,債券市場統計-國內公司債及金融債券之發行、償還及餘額,10836,債券市場統計-國內公司債及金融債券之發行、償還及餘額,期間;合計-發行額-原始值;合計-發行額-年增率;合計-償還額-原始值;合計-償還額-年增率;合計-餘額-原始值;合計-餘額-年增率;公司債-發行額-原始值;公司債-發行額-年增率;公司債-償還額-原始值;公司債-償還額-年增率;公司債-餘額-原始值;公司債-餘額-年增率;金融債券-發行額-原始值;金融債券-發行額-年增率;金融債券-償還額-原始值;金融債券-償還額-年增率;金融債券-餘額-原始值;金融債券-餘額-年增率,中央銀行
債券市場統計-政府公債之發行、償還及餘額,債券市場統計-政府公債之發行、償還及餘額,10835,債券市場統計-政府公債之發行、償還及餘額,期間;合計-發行額-原始值;合計-發行額-年增率;合計-償還額-原始值;合計-償還額-年增率;合計-餘額-原始值;合計-餘額-年增率;中央政府發行-發行額-原始值;中央政府發行-發行額-年增率;中央政府發行-償還額-原始值;中央政府發行-償還額-年增率;中央政府發行-餘額-原始值;中央政府發行-餘額-年增率;直轄市政府發行-發行額-原始值;直轄市政府發行-發行額-年增率;直轄市政府發行-償還額-原始值;直轄市政府發行-償還額-年增率;直轄市政府發行-餘額-原始值;直轄市政府發行-餘額-年增率,中央銀行
全國繳稅網(Paytax)受理繳稅項目一覽,全國繳稅網(Paytax)受理繳稅項目一覽,24210,提供民眾查詢全國繳稅網(Paytax)受理繳稅項目資訊(財金資訊公司),稅別;國稅/地方稅;稅目細稅目代號;稅目細稅目名稱;繳款類別;細稅代號;支付方式;開徵起日;開徵迄日;繳納起日;繳納迄日,中央銀行
全國繳費網(e-Bill)受理繳費項目一覽,全國繳費網(e-Bill)受理繳費項目一覽,24311,提供民眾查詢全國繳費網(e-Bill)受理繳費項目資訊(財金資訊公司),項次;類別;名稱,中央銀行
全體公營事業資產負債統計表,全體公營事業資產負債統計表,7238,全體公營事業資產負債統計表，係調查各公營事業的資產負債資料，再彙編出全體公營事業資產、負債與淨值餘額，提供瞭解其經營概況與資源配置情形。,項<br>目;86/12;87/12;88/12;89/12;90/12;91/12;92/12;93/12;94/12;95/12;96/12;97/12;98/12;99/12;100/12;101/12;102/12;103/12;104/12;105/12,中央銀行
全體民營企業資產負債統計表,全體民營企業資產負債統計表,7239,全體民營企業資產負債統計表，係抽樣調查我國民營企業資產負債資料，經推估彙編出全體民營企業資產、負債與淨值餘額。,項<br>目;民國86年;民國87年;民國88年;民國89年;民國90年;民國91年;民國92年;民國93年;民國94年;民國95年;民國96年;民國97年;民國98年;民國99年;民國100年;民國101年;民國102年;民國103年;民國104年;民國105年,中央銀行
全體貨幣機構存款,全體貨幣機構存款,6534,全體貨幣機構收受之企業及個人存款。,期間;貨幣機構存款-合計-期底餘額;貨幣機構存款-合計-年增率;貨幣機構存款-企業及個人存款-活期性存款-期底餘額;貨幣機構存款-企業及個人存款-活期性存款-年增率;貨幣機構存款-企業及個人存款-定期及定期儲蓄存款-期底餘額;貨幣機構存款-企業及個人存款-定期及定期儲蓄存款-年增率;貨幣機構存款-企業及個人存款-外匯存款-期底餘額;貨幣機構存款-企業及個人存款-外匯存款-年增率;貨幣機構存款-郵政儲金-期底餘額;貨幣機構存款-郵政儲金-年增率;貨幣機構存款-外國人新台幣存款-期底餘額;貨幣機構存款-外國人新台幣存款-年增率;貨幣機構存款-附買回交易餘額及貨幣市場共同基金-期底餘額;貨幣機構存款-附買回交易餘額及貨幣市場共同基金-年增率;貨幣機構存款-政府存款-期底餘額;貨幣機構存款-政府存款-年增率,中央銀行
全體貨幣機構放款與投資(以原始取得成本衡量),全體貨幣機構放款與投資(以原始取得成本衡量),6535,全體貨幣機構對企業、個人及政府部門之放款與證券投資（按性質別及對象別區分）；以原始取得成本衡量。,期間;貨幣機構放款與投資(性質別)-合計-期底餘額;貨幣機構放款與投資(性質別)-合計-年增率;貨幣機構放款與投資(性質別)-放款-期底餘額;貨幣機構放款與投資(性質別)-放款-年增率;貨幣機構放款與投資(性質別)-對非金融機構證券投資-期底餘額;貨幣機構放款與投資(性質別)-對非金融機構證券投資-年增率;主要金融機構放款與投資對象別-合計-期底餘額;主要金融機構放款與投資對象別-合計-年增率;主要金融機構放款與投資對象別-對政府債權-期底餘額;主要金融機構放款與投資對象別-對政府債權-年增率;主要金融機構放款與投資對象別-對公營事業債權-期底餘額;主要金融機構放款與投資對象別-對公營事業債權-年增率;主要金融機構放款與投資對象別-對民間部門債權-期底餘額;主要金融機構放款與投資對象別-對民間部門債權-年增率,中央銀行
全體貨幣機構放款與投資-以公平價值衡量,全體貨幣機構放款與投資-以公平價值衡量,10793,全體貨幣機構放款與投資-以公平價值衡量,期間;全體貨幣機構放款與投資（性質別）-合計-期底餘額;全體貨幣機構放款與投資（性質別）-合計-年增率;全體貨幣機構放款與投資（性質別）-放款-期底餘額;全體貨幣機構放款與投資（性質別）-放款-年增率;全體貨幣機構放款與投資（性質別）-證券投資-期底餘額;全體貨幣機構放款與投資（性質別）-證券投資-年增率;全體貨幣機構證券投資-公平價值評價調整數,中央銀行
全體貨幣機構資產負債統計表,全體貨幣機構資產負債統計表,6537,全體貨幣機構資產負債統計表係指本國銀行、外國及大陸銀行在台分行、信用合作社、農漁會信用部、中華郵政公司儲匯處及貨幣市場共同基金之合併資產負債表。本表資產及負債與淨值合計採淨額列計，各該機構間之債權與負債及其他資產與其他負債已相互軋抵，淨額列於其他項目欄。,期間;資產淨額=負債權益淨額-原始值;資產淨額=負債權益淨額-年增率;國外資產-原始值;國外資產-年增率;放款-計-原始值;放款-計-年增率;放款-政府機關-原始值;放款-政府機關-年增率;放款-公營事業-原始值;放款-公營事業-年增率;放款-民間部門-原始值;放款-民間部門-年增率;對非金融機構證券投資-計-原始值;對非金融機構證券投資-計-年增率;對非金融機構證券投資-政府機關-原始值;對非金融機構證券投資-政府機關-年增率;對非金融機構證券投資-股份與債券等-公營事業-原始值;對非金融機構證券投資-股份與債券等-公營事業-年增率;對非金融機構證券投資-股份與債券等-民營企業-原始值;對非金融機構證券投資-股份與債券等-民營企業-年增率;對金融機構證券投資-原始值;對金融機構證券投資-年增率;對人壽保險公司等債權-原始值;對人壽保險公司等債權-年增率;不動產投資-原始值;不動產投資-年增率;庫存現金-原始值;庫存現金-年增率;國外負債-原始值;國外負債-年增率;通貨發行額-原始值;通貨發行額-年增率;企業及個人之存款與貨幣市場共同基金-計-原始值;企業及個人之存款與貨幣市場共同基金-計-年增率;企業及個人之存款與貨幣市場共同基金-支票存款-原始值;企業及個人之存款與貨幣市場共同基金-支票存款-年增率;企業及個人之存款與貨幣市場共同基金-活期存款-原始值;企業及個人之存款與貨幣市場共同基金-活期存款-年增率;企業及個人之存款與貨幣市場共同基金-活期儲蓄存款-原始值;企業及個人之存款與貨幣市場共同基金-活期儲蓄存款-年增率;企業及個人之存款與貨幣市場共同基金-定期存款-原始值;企業及個人之存款與貨幣市場共同基金-定期存款-年增率;企業及個人之存款與貨幣市場共同基金-定期儲蓄存款-原始值;企業及個人之存款與貨幣市場共同基金-定期儲蓄存款-年增率;企業及個人之存款與貨幣市場共同基金-外匯存款-原始值;企業及個人之存款與貨幣市場共同基金-外匯存款-年增率;企業及個人之存款與貨幣市場共同基金-郵政儲金-原始值;企業及個人之存款與貨幣市場共同基金-郵政儲金-年增率;企業及個人之存款與貨幣市場共同基金-貨幣市場共同基金-原始值;企業及個人之存款與貨幣市場共同基金-貨幣市場共同基金-年增率;政府存款-原始值;政府存款-年增率;對人壽保險公司等負債-原始值;對人壽保險公司等負債-年增率;金融債券-原始值;金融債券-年增率;權益-原始值;權益-年增率;其他項目(淨額)-原始值;其他項目(淨額)-年增率,中央銀行
全體金融機構資產負債統計表,全體金融機構資產負債統計表,6538,全體金融機構資產負債統計表係指全體貨幣機構(本國銀行、外國及大陸銀行在台分行、信用合作社、農漁會信用部、中華郵政公司儲匯處及貨幣市場共同基金)、信託投資公司(97年11月以前)及人壽保險公司之合併資產負債表。本表資產及負債與淨值合計採淨額列計，各該機構間之債權與負債及其他資產與其他負債已相互軋抵，淨額列於其他項目欄。,期間;資產淨額=負債權益淨額-原始值;資產淨額=負債權益淨額-年增率;國外資產-原始值;國外資產-年增率;放款-計-原始值;放款-計-年增率;放款-政府機關-原始值;放款-政府機關-年增率;放款-公營事業-原始值;放款-公營事業-年增率;放款-民間部門-原始值;放款-民間部門-年增率;對非金融機構證券投資-計-原始值;對非金融機構證券投資-計-年增率;對非金融機構證券投資-政府債券-原始值;對非金融機構證券投資-政府債券-年增率;對非金融機構證券投資-股份與債券等-公營事業-原始值;對非金融機構證券投資-股份與債券等-公營事業-年增率;對非金融機構證券投資-民營企業-原始值;對非金融機構證券投資-民營企業-年增率;對金融機構證券投資-原始值;對金融機構證券投資-年增率;不動產投資-原始值;不動產投資-年增率;庫存現金-原始值;庫存現金-年增率;國外負債-原始值;國外負債-年增率;通貨發行額-原始值;通貨發行額-年增率;企業及個人之存款與貨幣市場共同基金-計-原始值;企業及個人之存款與貨幣市場共同基金-計-年增率;企業及個人之存款與貨幣市場共同基金-支票存款-原始值;企業及個人之存款與貨幣市場共同基金-支票存款-年增率;企業及個人之存款與貨幣市場共同基金-活期存款-原始值;企業及個人之存款與貨幣市場共同基金-活期存款-年增率;企業及個人之存款與貨幣市場共同基金-活期儲蓄存款-原始值;企業及個人之存款與貨幣市場共同基金-活期儲蓄存款-年增率;企業及個人之存款與貨幣市場共同基金-定期存款-原始值;企業及個人之存款與貨幣市場共同基金-定期存款-年增率;企業及個人之存款與貨幣市場共同基金-定期儲蓄存款-原始值;企業及個人之存款與貨幣市場共同基金-定期儲蓄存款-年增率;企業及個人之存款與貨幣市場共同基金-外匯存款-原始值;企業及個人之存款與貨幣市場共同基金-外匯存款-年增率;企業及個人之存款與貨幣市場共同基金-郵政儲金-原始值;企業及個人之存款與貨幣市場共同基金-郵政儲金-年增率;企業及個人之存款與貨幣市場共同基金-貨幣市場共同基金-原始值;企業及個人之存款與貨幣市場共同基金-貨幣市場共同基金-年增率;政府存款-原始值;政府存款-年增率;信託資金-原始值;信託資金-年增率;人壽保險準備-原始值;人壽保險準備-年增率;金融債券-原始值;金融債券-年增率;權益-原始值;權益-年增率;其他項目(淨額)-原始值;其他項目(淨額)-年增率,中央銀行
全體銀行外幣放款餘額,全體銀行外幣放款餘額,10794,全體銀行外幣放款餘額,期間;合計-原始值;合計-年增率;本國銀行-原始值;本國銀行-年增率;外國銀行在台分行-原始值;外國銀行在台分行-年增率;外國銀行在台分行-預售外匯外銷貸款-原始值;外國銀行在台分行-預售外匯外銷貸款-年增率,中央銀行
全體銀行存款餘額統計表(存戶行業別),全體銀行存款餘額統計表（存戶行業別）,6542,全體銀行（包括本國銀行與外國及大陸銀行在台分行）收受之企業及個人存款及政府存款（按存戶行業別區分）。,期間;合計-原始值;合計-年增率;公民營企業-小計-原始值;公民營企業-小計-年增率;公民營企業-農林漁牧業-原始值;公民營企業-農林漁牧業-年增率;公民營企業-礦業及土石採取業-原始值;公民營企業-礦業及土石採取業-年增率;公民營企業-製造業-原始值;公民營企業-製造業-年增率;公民營企業-水電燃氣及污染整治業-原始值;公民營企業-水電燃氣及污染整治業-年增率;公民營企業-營造業-原始值;公民營企業-營造業-年增率;公民營企業-批發、零售、住宿及餐飲業-原始值;公民營企業-批發、零售、住宿及餐飲業-年增率;公民營企業-運輸及倉儲業-原始值;公民營企業-運輸及倉儲業-年增率;公民營企業-資訊及通訊傳播業-原始值;公民營企業-資訊及通訊傳播業-年增率;公民營企業-金融、保險及 不動產業-原始值;公民營企業-金融、保險及 不動產業-年增率;公民營企業-服務業-原始值;公民營企業-服務業-年增率;政府機關-原始值;政府機關-年增率;非營利團體-原始值;非營利團體-年增率;非營利團體-社會保險及退休基金-原始值;非營利團體-社會保險及退休基金-年增率;個人-原始值;個人-年增率,中央銀行
全體銀行存款餘額統計表(存戶部門別),全體銀行存款餘額統計表（存戶部門別）,6543,全體銀行（包括本國銀行與外國及大陸銀行在台分行）收受之企業及個人存款及政府存款（按存戶部門別區分）。,期間;合計-原始值;合計-年增率;政府-原始值;政府-年增率;公營事業-原始值;公營事業-年增率;民營企業-原始值;民營企業-年增率;個人及其他-原始值;個人及其他-年增率,中央銀行
全體銀行存款餘額統計表(科目別),全體銀行存款餘額統計表（科目別）,6541,全體銀行（包括本國銀行與外國及大陸銀行在台分行）收受之企業及個人存款及政府存款（按科目別區分）。,期間;合計-原始值;合計-年增率;企業及個人存款-計-原始值;企業及個人存款-計-年增率;企業及個人存款-支票存款-原始值;企業及個人存款-支票存款-年增率;企業及個人存款-活期存款-原始值;企業及個人存款-活期存款-年增率;企業及個人存款-活期儲蓄存款-原始值;企業及個人存款-活期儲蓄存款-年增率;企業及個人存款-定期存款-原始值;企業及個人存款-定期存款-年增率;企業及個人存款-定期儲蓄存款-原始值;企業及個人存款-定期儲蓄存款-年增率;企業及個人存款-外匯活期存款-原始值;企業及個人存款-外匯活期存款-年增率;企業及個人存款-外匯定期存款-原始值;企業及個人存款-外匯定期存款-年增率;政府存款-計-原始值;政府存款-計-年增率;政府存款-公庫收入總存款-原始值;政府存款-公庫收入總存款-年增率;政府存款-機關存款-原始值;政府存款-機關存款-年增率;政府存款-機關外匯存款-原始值;政府存款-機關外匯存款-年增率,中央銀行
全體銀行放款餘額統計表(借戶行業別),全體銀行放款餘額統計表（借戶行業別）,6546,全體銀行（包括本國銀行與外國及大陸銀行在台分行）對國內各公民營企業、政府機關及個人（或家庭）等之授信（按借戶行業別區分），但不含其承做之附賣回票(債)券投資。,,中央銀行
全體銀行放款餘額統計表(借戶部門別),全體銀行放款餘額統計表（借戶部門別）,6545,全體銀行（包括本國銀行與外國及大陸銀行在台分行）對政府部門及國內各公民營企業與個人（或家庭）等之授信（按借戶部門別區分），但不含其承做之附賣回票(債)券投資。,期間;合計-原始值;合計-年增率;公營事業-原始值;公營事業-年增率;民營企業-原始值;民營企業-年增率;個人等-原始值;個人等-年增率;政府機關-原始值;政府機關-年增率,中央銀行
全體銀行放款餘額統計表(期限別),全體銀行放款餘額統計表（期限別）,6548,全體銀行（包括本國銀行與外國及大陸銀行在台分行）對國內各公民營企業、政府機關及個人（或家庭）等之授信（按期限別區分），但不含其承做之附賣回票(債)券投資。,期間;合計-原始值;合計-年增率;一年以下-原始值;一年以下-年增率;超過一年至三年-原始值;超過一年至三年-年增率;超過三年至五年-原始值;超過三年至五年-年增率;超過五年至七年-原始值;超過五年至七年-年增率;超過七年-原始值;超過七年-年增率,中央銀行
全體銀行放款餘額統計表(科目別),全體銀行放款餘額統計表（科目別）,6544,全體銀行（包括本國銀行與外國及大陸銀行在台分行）對政府部門及國內各公民營企業與個人（或家庭）等之授信（按科目別區分），但不含其承做之附賣回票（債）券投資。,期間;合計-原始值;合計-年增率;貼現-原始值;貼現-年增率;進口押匯-原始值;進口押匯-年增率;短期放款與透支-計-原始值;短期放款與透支-計-年增率;短期放款與透支-無擔保-原始值;短期放款與透支-無擔保-年增率;短期放款與透支-擔保-原始值;短期放款與透支-擔保-年增率;中長期放款-計-原始值;中長期放款-計-年增率;中長期放款-無擔保-原始值;中長期放款-無擔保-年增率;中長期放款-擔保-原始值;中長期放款-擔保-年增率,中央銀行
全體銀行放款餘額統計表(額度別),全體銀行放款餘額統計表（額度別）,6547,全體銀行（包括本國銀行與外國及大陸銀行在台分行）對國內各公民營企業、政府機關及個人（或家庭）等之授信（按額度別區分），但不含其承做之附賣回票(債)券投資。,"期間;合計-原始值;合計-年增率;1,000,000以下-原始值;1,000,000以下-年增率;1,000,001-5,000,000元-原始值;1,000,001-5,000,000元-年增率;5,000,001-10,000,000元-原始值;5,000,001-10,000,000元-年增率;10,000,001-50,000,000元-原始值;10,000,001-50,000,000元-年增率;50,000,001-100,000,000元-原始值;50,000,001-100,000,000元-年增率;100,000,001元以上-原始值;100,000,001元以上-年增率",中央銀行
公開市場操作資訊,中央銀行公開市場操作資訊,7242,為維持準備貨幣於適度水準，以達成貨幣政策目標，央行透過發行定期存單，進行公開市場操作，調節銀行體系資金。「中央銀行公開市場操作資訊」係揭露央行每日公開市場操作重要資訊。,發行日期;發行天期;申購利率;發行金額(單位：新台幣億元),中央銀行
其他理由退票統計表,其他理由退票統計表,13675,統計全所每月除存款不足外以其它理由退票之張數及比率(台灣票據交換所),年月;代號;退票理由;張數;比率,中央銀行
其他貨幣機構流動比率與流動準備,其他貨幣機構流動比率與流動準備,10802,其他貨幣機構流動比率與流動準備,期間;應提流動準備基礎-原始值;應提流動準備基礎-年增率;法定比率-原始值;法定比率-年增率;法定流動準備-原始值;法定流動準備-年增率;實際流動準備-合計-原始值;實際流動準備-合計-年增率;實際流動準備-超額準備-原始值;實際流動準備-超額準備-年增率;實際流動準備-銀行互拆借差-原始值;實際流動準備-銀行互拆借差-年增率;實際流動準備-國庫券-原始值;實際流動準備-國庫券-年增率;實際流動準備-央行定期存單-原始值;實際流動準備-央行定期存單-年增率;實際流動準備-可轉讓定期存單淨額-原始值;實際流動準備-可轉讓定期存單淨額-年增率;實際流動準備-銀行承兌匯票-原始值;實際流動準備-銀行承兌匯票-年增率;實際流動準備-商業本票-原始值;實際流動準備-商業本票-年增率;實際流動準備-公債-原始值;實際流動準備-公債-年增率;實際流動準備-公司債-原始值;實際流動準備-公司債-年增率;實際流動準備-金融債券及其他-原始值;實際流動準備-金融債券及其他-年增率;實際流動準備-轉存指定行庫一年期以下存款-原始值;實際流動準備-轉存指定行庫一年期以下存款-年增率,中央銀行
其他貨幣機構資產負債統計表,其他貨幣機構資產負債統計表,10757,其他貨幣機構資產負債統計表,期間;資產淨額=負債權益淨額-原始值;資產淨額=負債權益淨額-年增率;國外資產-原始值;國外資產-年增率;放款-計-原始值;放款-計-年增率;放款-政府機關-原始值;放款-政府機關-年增率;放款-公營事業-原始值;放款-公營事業-年增率;放款-民間部門-原始值;放款-民間部門-年增率;對非金融機構證券投資-計-原始值;對非金融機構證券投資-計-年增率;對非金融機構證券投資-政府機關-原始值;對非金融機構證券投資-政府機關-年增率;對非金融機構證券投資-公營事業-原始值;對非金融機構證券投資-公營事業-年增率;對非金融機構證券投資-民營企業-原始值;對非金融機構證券投資-民營企業-年增率;對金融機構證券投資-原始值;對金融機構證券投資-年增率;對金融機構債權-中央銀行-原始值;對金融機構債權-中央銀行-年增率;對金融機構債權-人壽保險公司等-原始值;對金融機構債權-人壽保險公司等-年增率;不動產投資-原始值;不動產投資-年增率;庫存現金-原始值;庫存現金-年增率,中央銀行
出版品目錄(中文版),中央銀行出版品目錄(中文版),20531,中央銀行出版品目錄(中文版),書（刊）名;統一編號;性質;出版者;金額元(新台幣),中央銀行
出版品目錄(英文版),中央銀行出版品目錄(英文版),20532,中央銀行出版品目錄(英文版),Title;Type;Dollar(TWD),中央銀行
出進口外匯收支,出進口外匯收支,10786,出進口外匯收支,期間;出口外匯收入金額-結售新台幣-原始值;出口外匯收入金額-結售新台幣-年增率;出口外匯收入金額-未結售新台幣-原始值;出口外匯收入金額-未結售新台幣-年增率;出口外匯收入金額-合計-原始值;出口外匯收入金額-合計-年增率;進口外匯支出金額-以新台幣結購-原始值;進口外匯支出金額-以新台幣結購-年增率;進口外匯支出金額-未以新台幣結購-原始值;進口外匯支出金額-未以新台幣結購-年增率;進口外匯支出金額-合計-原始值;進口外匯支出金額-合計-年增率,中央銀行
出進口外匯收支統計-中東地區主要國家,出進口外匯收支統計─中東地區主要國家,80797,1.出口所得外匯最終係由所公布國家匯回國內指定銀行者（出口外匯收入），始列入本統計。 2.支付進口之外匯依客戶指示由國內指定銀行匯往所公布國家者（進口外匯支出），始列入本統計。 3.依中東地區主要國家(阿拉伯聯合大公國及沙烏地阿拉伯)資金匯入(出)數值提供每年及當年累月經由指定銀行進行之出進口外匯收支統計。 4.單位：百萬美元,當年累計;阿拉伯聯合大公國;沙烏地阿拉伯,中央銀行
出進口外匯收支統計-主要地區別,出進口外匯收支統計─主要地區別,81030,1.出口所得外匯最終係由所公布全球較大地區匯回國內指定銀行者（出口外匯收入），始列入本統計。 2.支付進口之外匯依客戶指示由國內指定銀行匯往所公布全球較大地區者（進口外匯支出），始列入本統計。 3.依全球、美洲、亞洲、中東、大洋洲、歐洲及其他(含OBU)等地區資金匯入(出)數值提供每年及當年累月經由指定銀行進行之出進口外匯收支統計。 4.單位：百萬美元,當年累計;全球;美洲地區;亞洲地區;中東地區;大洋洲地區;歐洲地區;其他,中央銀行
出進口外匯收支統計-主要幣別,出進口外匯收支統計─主要幣別,80798,1.依人民幣、歐元、日圓、美元及其他幣別折合美元數據，分別計算每年及當年累月各幣別出(進)口所占比重。 2.單位：%,當年累計;人民幣;歐元;日圓;美元;其他,中央銀行
出進口外匯收支統計-付款方式,出進口外匯收支統計─付款方式,80799,1.依即期信用狀、遠期信用狀、託收、匯入(出)匯款數值提供每月經由指定銀行進行之出進口外匯收支概況。 2.單位：百萬美元,民國年月;即期信用狀;遠期信用狀;託收;匯款,中央銀行
出進口外匯收支統計-大洋洲地區主要國家,出進口外匯收支統計─大洋洲地區主要國家,80796,1.出口所得外匯最終係由所公布國家匯回國內指定銀行者（出口外匯收入），始列入本統計。 2.支付進口之外匯依客戶指示由國內指定銀行匯往所公布國家者（進口外匯支出），始列入本統計。 3.依大洋洲地區主要國家(澳大利亞及紐西蘭)資金匯入(出)數值提供每年及當年累月經由指定銀行進行之出進口外匯收支統計。 4.單位：百萬美元,當年累計;澳大利亞;紐西蘭,中央銀行
出進口外匯收支統計-東協國家,出進口外匯收支統計─東協國家,80793,1.出口所得外匯最終係由所公布國家匯回國內指定銀行者（出口外匯收入），始列入本統計。 2.支付進口之外匯依客戶指示由國內指定銀行匯往所公布國家者（進口外匯支出），始列入本統計。 3.依東協國家(汶萊、印尼、柬埔寨、寮國、緬甸、馬來西亞、菲律賓、新加坡、泰國及越南)資金匯入(出)數值提供每年及當年累月經由指定銀行進行之出進口外匯收支統計。 4.單位：百萬美元,當年累計;汶萊;印尼;柬埔塞王國;寮國;緬甸;馬來西亞;菲律賓;新加坡;泰國;越南,中央銀行
出進口外匯收支統計-東協除外之亞洲主要國家,出進口外匯收支統計─東協除外之亞洲主要國家,80792,1.出口所得外匯最終係由所公布國家匯回國內指定銀行者（出口外匯收入），始列入本統計。 2.支付進口之外匯依客戶指示由國內指定銀行匯往所公布國家者（進口外匯支出），始列入本統計。 3.依亞洲(不含東協)地區主要國家(中國大陸、香港、日本及韓國)資金匯入(出)數值提供每年及當年累月經由指定銀行進行之出進口外匯收支統計。 4.單位：百萬美元,當年累計;中國大陸;香港;日本;韓國,中央銀行
出進口外匯收支統計-歐洲地區主要國家,出進口外匯收支統計─歐洲地區主要國家,80795,1.出口所得外匯最終係由所公布國家匯回國內指定銀行者（出口外匯收入），始列入本統計。 2.支付進口之外匯依客戶指示由國內指定銀行匯往所公布國家者（進口外匯支出），始列入本統計。 3.依歐洲地區主要國家(比利時、瑞士、德國、西班牙、法國、英國、義大利、盧森堡、荷蘭及瑞典)資金匯入(出)數值提供每年及當年累月經由指定銀行進行之出進口外匯收支統計。 4.單位：百萬美元,當年累計;比利時;瑞士;德國;西班牙;法國;英國;義大利;盧森堡;荷蘭;瑞典,中央銀行
出進口外匯收支統計-美洲地區主要國家,出進口外匯收支統計─美洲地區主要國家,80794,1.出口所得外匯最終係由所公布國家匯回國內指定銀行者（出口外匯收入），始列入本統計。 2.支付進口之外匯依客戶指示由國內指定銀行匯往所公布國家者（進口外匯支出），始列入本統計。 3.依美洲地區(阿根廷、巴西、加拿大、智利、墨西哥及美國)資金匯入(出)數值提供每年及當年累月經由指定銀行進行之出進口外匯收支統計。 4.單位：百萬美元,當年累計;阿根廷;巴西;加拿大;智利;墨西哥;美國,中央銀行
出進口外匯收支統計概況,出進口外匯收支統計概況,7233,依出進口外匯收支總額、涉及新臺幣結售(購)、未涉及新臺幣結售(購)數值提供每月經由指定銀行進行之出進口外匯收支概況。單位：百萬美元,民國年月;總額;結售;未結售;結購;未結購,中央銀行
利率,中央銀行利率,10783,中央銀行利率,期間;重貼現;擔保放款融通;短期融通,中央銀行
券幣數位博物館典藏品資料,券幣數位博物館典藏品資料,31664,典藏品寶庫各時期鈔券、硬幣及紀念幣等前台展示項目之文字及圖檔連結,序號;時期;次分類;品名;發行時間;發行年版;圖案連結網址,中央銀行
前日金融機構牌告存放款利率異動資訊,前日金融機構牌告存放款利率異動資訊,10363,所有金融機構每日存放款牌告利率異動之彙整資訊,資料日期;金融機構代號及名稱;異動識別碼;異動別;牌告利率項目;存期;額度;生效日期;固定利率(＋表示調升/－表示調降);機動利率(＋表示調升/－表示調降),中央銀行
即期匯率,即期匯率,10797,即期匯率,期間;日圓-買進;日圓-賣出;港幣-買進;港幣-賣出;澳幣-買進;澳幣-賣出;紐西蘭幣-買進;紐西蘭幣-賣出;英鎊-買進;英鎊-賣出;瑞典克郎-買進;瑞典克郎-賣出;新加坡幣-買進;新加坡幣-賣出;泰銖-買進;泰銖-賣出;加拿大元-買進;加拿大元-賣出;歐元-買進;歐元-賣出;瑞士法郎-買進;瑞士法郎-賣出;南非幣-買進;南非幣-賣出;人民幣-買進;人民幣-賣出,中央銀行
台北外匯市場交易概況,台北外匯市場交易概況,80587,提供國內外匯市場交易資料，依交易幣別、交易對象別、交易市場類別及交易方法等之市場交易統計。 單位：億美元,期<br>間;全體外匯交易淨額;銀行與顧客交易<br>(依交易對象);國內銀行間交易<br>(依交易對象);國內銀行與<br>國外銀行間交易<br>(依交易對象);新台幣對美元<br>(依交易幣別);新台幣對其他外幣<br>(依交易幣別);歐元對美元<br>(依交易幣別);美元對日圓<br>(依交易幣別);美元對人民幣<br>(依交易幣別);澳幣對美元<br>(依交易幣別);英鎊對美元<br>(依交易幣別);其他外幣<br>(依交易幣別);即期交易<br>(依交易類別);遠期交易<br>(依交易類別);換匯交易<br>(依交易類別);選擇權交易<br>(依交易類別);換匯換利交易<br>(依交易類別);保證金交易<br>(依交易類別);其他金融商品交易,中央銀行
台北外幣拆放市場交易量,台北外幣拆放市場交易量,10787,台北外幣拆放市場交易量,期間;美元-合計-原始值;美元-合計-年增率;美元-隔夜-原始值;美元-隔夜-年增率;美元-１-３週-原始值;美元-１-３週-年增率;美元-１-１２個月-原始值;美元-１-１２個月-年增率;美元-隔夜利率-最高-原始值;美元-隔夜利率-最高-年增率;美元-隔夜利率-最低-原始值;美元-隔夜利率-最低-年增率;歐元-合計-原始值;歐元-合計-年增率;歐元-隔夜-原始值;歐元-隔夜-年增率;歐元-１-３週-原始值;歐元-１-３週-年增率;歐元-１-１２個月-原始值;歐元-１-１２個月-年增率;歐元-隔夜利率-最高-原始值;歐元-隔夜利率-最高-年增率;歐元-隔夜利率-最低-原始值;歐元-隔夜利率-最低-年增率;日圓-合計-原始值;日圓-合計-年增率;日圓-隔夜-原始值;日圓-隔夜-年增率;日圓-１-３週-原始值;日圓-１-３週-年增率;日圓-１-１２個月-原始值;日圓-１-１２個月-年增率;日圓-隔夜利率-最高-原始值;日圓-隔夜利率-最高-年增率;日圓-隔夜利率-最低-原始值;日圓-隔夜利率-最低-年增率;其他-合計-原始值;其他-合計-年增率;其他-隔夜-原始值;其他-隔夜-年增率;其他-１-３週-原始值;其他-１-３週-年增率;其他-１-１２個月-原始值;其他-１-１２個月-年增率;其他-隔夜利率-最高-原始值;其他-隔夜利率-最高-年增率;其他-隔夜利率-最低-原始值;其他-隔夜利率-最低-年增率,中央銀行
各國發布金融穩定報告現況,各國發布金融穩定報告現況,10725,臚列各區域/國家發布金融穩定報告之年份,檔案名稱;網址,中央銀行
各本國銀行保證內容分析,各本國銀行保證內容分析,10731,依據銀行按期填送未經審定或查核調整之資料彙編,檔案名稱;網址,中央銀行
各本國銀行綜合損益表(全行),各本國銀行綜合損益表(全行),10729,依據銀行按期填送未經審定或查核調整之資料彙編,檔案名稱;網址,中央銀行
各本國銀行綜合損益表(國際金融業務分行及國外分行),各本國銀行綜合損益表(國際金融業務分行及國外分行),10730,依據銀行按期填送未經審定或查核調整之資料彙編。,檔案名稱;網址,中央銀行
各本國銀行綜合損益表-國外分行,各本國銀行綜合損益表-國外分行,13667,依據銀行按期填送未經審定或查核調整之資料彙編,期間;銀行名稱/項目(單位:新臺幣百萬元);利息收入;放款及貼現利息;存放及拆放同業利息;附賣回票債券投資利息收入;債券利息;其他利息收入;利息費用;存款利息費用;借入款利息;附買回票債券負債利息費用;結構型商品利息費用;其他利息支出;利息淨收益;利息以外淨收益;手續費淨收益;手續費收入;手續費費用;透過損益按公允價值衡量之金融資產及負債損益;透過其他綜合損益按公允價值衡量之金融資產已實現損益;除列按攤銷後成本衡量之金融資產損益;金融資產重分類損益;兌換損益;資產減損迴轉利益(減損損失);採用權益法認列之子公司、關聯企業及合資損益之份額;其他利息以外淨損益;淨收益;放款呆帳費用;保證責任準備提存;其他呆帳費用;營業費用;繼續營業單位稅前淨利(損);停業單位稅前損益;稅前淨利;所得稅(費用)利益;停業單位所得稅(費用)利益;本期稅後淨利(損);本期其他綜合損益(稅後);本期綜合損益總額(稅後),中央銀行
各本國銀行綜合損益表-國際金融業務分行,各本國銀行綜合損益表-國際金融業務分行,13666,依據銀行按期填送未經審定或查核調整之資料彙編,期間;銀行名稱/項目(單位:新臺幣百萬元);利息收入;放款及貼現利息;存放及拆放同業利息;附賣回票債券投資利息收入;債券利息;其他利息收入;利息費用;存款利息費用;借入款利息;附買回票債券負債利息費用;結構型商品利息費用;其他利息支出;利息淨收益;利息以外淨收益;手續費淨收益;手續費收入;手續費費用;透過損益按公允價值衡量之金融資產及負債損益;透過其他綜合損益按公允價值衡量之金融資產已實現損益;除列按攤銷後成本衡量之金融資產損益;金融資產重分類損益;兌換損益;資產減損迴轉利益(減損損失);採用權益法認列之子公司、關聯企業及合資損益之份額;其他利息以外淨損益;淨收益;放款呆帳費用;保證責任準備提存;其他呆帳費用;營業費用;繼續營業單位稅前淨利(損);停業單位稅前損益;稅前淨利;所得稅(費用)利益;停業單位所得稅(費用)利益;本期稅後淨利(損);本期其他綜合損益(稅後);本期綜合損益總額(稅後),中央銀行
各本國銀行衍生性金融商品餘額統計,各本國銀行衍生性金融商品餘額統計,10732,依據銀行按期填送未經審定或查核調整之資料彙編,檔案名稱;網址,中央銀行
各本國銀行資產負債表(全行),各本國銀行資產負債表(全行),10727,依據銀行按期填送未經審定或查核調整之資料彙編,檔案名稱;網址,中央銀行
各本國銀行資產負債表(國際金融業務分行及國外分行),各本國銀行資產負債表(國際金融業務分行及國外分行),10728,依據銀行按期填送未經審定或查核調整之資料彙編,檔案名稱;網址,中央銀行
各本國銀行資產負債表-國外分行,各本國銀行資產負債表-國外分行,13665,依據銀行按期填送未經審定或查核調整之資料彙編,日期;銀行名稱/項目(單位:新臺幣百萬元);現金及存放同業;透過損益按公允價值衡量之金融資產;避險之金融資產-淨額;附賣回票債券投資;應收承兌票款;應收利息及收益;本期所得稅資產;放款及貼現;減：備抵呆帳;加(減):貼現及放款評價調整;透過其他綜合損益按公允價值衡量之金融資產;按攤銷後成本衡量之債務工具投資;採用權益法之投資-淨額;其他金融資產-淨額;不動產及設備;減：累計折舊;減：累計減損;投資性不動產-淨額;無形資產-淨額;遞延所得稅資產;其他資產-淨額;資產總計;中央銀行及同業存款;透過損益按公允價值衡量之金融負債;避險之金融負債-淨額;附買回票債券負債;承兌匯票;應付利息;本期所得稅負債;存款;加(減)：存款採避險會計之調整數;借入款;承作結構型商品所收本金;其他金融負債;遞延所得稅負債;其他負債;負債總計;營運資金;資本公積;保留盈餘;其他權益;權益總計;負債及權益總計;約定融資額度;應收保證款項;應收信用狀款項;信託資產,中央銀行
各本國銀行資產負債表-國際金融業務分行,各本國銀行資產負債表-國際金融業務分行,13664,依據銀行按期填送未經審定或查核調整之資料彙編,日期;銀行名稱/項目(單位:新臺幣百萬元);現金及存放同業;透過損益按公允價值衡量之金融資產;避險之金融資產-淨額;附賣回票債券投資;應收承兌票款;應收利息及收益;本期所得稅資產;放款及貼現;減：備抵呆帳;加(減):貼現及放款評價調整;透過其他綜合損益按公允價值衡量之金融資產;按攤銷後成本衡量之債務工具投資;採用權益法之投資-淨額;其他金融資產-淨額;不動產及設備;減：累計折舊;減：累計減損;投資性不動產-淨額;無形資產-淨額;遞延所得稅資產;其他資產-淨額;資產總計;中央銀行及同業存款;透過損益按公允價值衡量之金融負債;避險之金融負債-淨額;附買回票債券負債;承兌匯票;應付利息;本期所得稅負債;存款;加(減)：存款採避險會計之調整數;借入款;承作結構型商品所收本金;其他金融負債;遞延所得稅負債;其他負債;負債總計;營運資金;資本公積;保留盈餘;其他權益;權益總計;負債及權益總計;約定融資額度;應收保證款項;應收信用狀款項;信託資產,中央銀行
各縣市交換票據張數、金額統計表,各縣市交換票據張數、金額統計表,13677,各縣市每月交換票據張數、金額統計(台灣票據交換所),年月;交換所別;交換票據張數;交換票據金額（千元）,中央銀行
各縣市票據交換單位統計表,各縣市票據交換單位統計表,13678,每月全國各縣市票據交換之金融單位統計數(台灣票據交換所),年月;交換區域別;交換單位數,中央銀行
各縣市金融機構分布情形統計表,各縣市金融機構分布情形統計表,13653,統計各類金融機構國內各縣市、OBU及海外分行合計家數,縣市家數統計;本國銀行;外國銀行;陸商銀行;信合社;農信部;漁信部;票券金融;證券金融;本國壽險;本國產險;本國再保;外國壽險;外國產險;外國再保;金融控股;家數合計,中央銀行
各類貨幣機構存款與放款市場占有率(年報),各類貨幣機構存款與放款市場占有率(年報),13643,各類貨幣機構(本國銀行、外國及大陸銀行在台分行、信用合作社、農漁會信用部、中華郵政公司儲匯處、貨幣市場共同基金)之存款與放款市場占有率。,檔案名稱;網址,中央銀行
各類貨幣機構家數(年報),各類貨幣機構家數(年報),13642,各類貨幣機構(本國銀行、外國及大陸銀行在台分行、信用合作社、農漁會信用部、中華郵政公司儲匯處)與分支機構單位(國內、國外、國際金融業務分行)之家數。,檔案名稱;網址,中央銀行
各類金融機構家數,各類金融機構家數,10753,各類金融機構家數,期間;總計-總機構;總計-分機構;全體貨幣機構-中央銀行;全體貨幣機構-其他貨幣機構-本國銀行-總行;全體貨幣機構-其他貨幣機構-本國銀行-分行;全體貨幣機構-其他貨幣機構-外國銀行在台分行-總行;全體貨幣機構-其他貨幣機構-外國銀行在台分行-分行;全體貨幣機構-其他貨幣機構-信用合作社-總社;全體貨幣機構-其他貨幣機構-信用合作社-分社;全體貨幣機構-其他貨幣機構-農會信用部-本部;全體貨幣機構-其他貨幣機構-農會信用部-分部;全體貨幣機構-其他貨幣機構-漁會信用部-本部;全體貨幣機構-其他貨幣機構-漁會信用部-分部;全體貨幣機構-其他貨幣機構-中華郵政公司-總公司;全體貨幣機構-其他貨幣機構-中華郵政公司-支局;信託投資公司-總公司;信託投資公司-分公司;人壽保險機構-總公司;人壽保險機構-分公司,中央銀行
各類金融機構準備金提存情況,各類金融機構準備金提存情況,16900,以機構別、項目別區分各類金融機構準備金提存情況,金融機構存款準備金;單位新台幣千元;支票存款;一般活期存款;外資活期存款;定期存款;活期儲蓄存款;定期儲蓄存款;結構型商品本金;存款合計;應提準備額合計;存放央行;存放其他行庫;存放跨行專戶;庫存現金;本行支匯票;實際準備合計;本期超額或不足,中央銀行
同業資金調撥清算作業系統交易量,中央銀行同業資金調撥清算作業系統交易量,7231,中央銀行同業資金調撥清算作業系統係我國支付及清算系統總樞紐，連結國內主要支付系統及證券清算系統，構成一完整之支付及清算體系，主要處理金融市場交易及零售支付交易所涉及之銀行間資金移轉。,央行同資系統交易量(單位：新台幣億元)/CIFS transactions (100 millions of NTD);筆數/Volume;金額/Value,中央銀行
向立法院業務及專題報告,向立法院業務及專題報告,10356,央行向立法院業務及專題報告之參考資料,日期;性質;主題,中央銀行
國庫券之發行、償還及未償還餘額表,國庫券之發行、償還及未償還餘額表,9471,國庫券每1會計年度及最近1年每月當期、累計發行額及當期、累計償還額及未償還餘額等資料,會計年度或月;當期發行額;累計發行額;當期償還額;累計償還額及未償還餘額;,中央銀行
國庫券得標行業分析表,國庫券得標行業分析表,9472,每1期別國庫券公告及實際發行額及各行業得標比率等資料,期別;天期;公告發行額;實際發行額;銀行業金額;銀行業比重;證券業金額;證券業比重;票券業金額;票券業比重;保險業金額;保險業比重,中央銀行
國庫券標售概況表,國庫券標售概況表,7235,中央銀行代理國庫券之發售業務，於每期國庫券開標作業完成後，公告標售結果之情形。,期別;發行日期;天期;到期日;公告發行額;實際發行額;總價款(元);貼現息;投標總額;投標倍數;最低得標貼現率;最高得標貼現率;得標貼現高低利差;加權平均貼現率,中央銀行
國庫券經理體系,國庫券經理體系,10745,國庫券經理體系,檔案名稱;網址,中央銀行
國庫機關專戶存款牌告利率,國庫機關專戶存款牌告利率,10743,中央銀行國庫局國庫機關專戶存款申請計息之牌告利率,生效日期;活期存款機動利率;活期儲蓄存款機動利率;一個月期定期存款機動利率;三個月期定期存款機動利率;六個月期定期存款機動利率;九個月期定期存款機動利率;一年期定期存款機動利率,中央銀行
國庫機關專戶存款牌告利率表(迄今),國庫機關專戶存款牌告利率表（97年迄今）,13650,提供中央銀行國庫局97年迄今之國庫機關專戶存款牌告利率資料,生效日期;活期存款機動利率;活期儲蓄存款機動利率;一個月期定期存款機動利率;三個月期定期存款機動利率;六個月期定期存款機動利率;九個月期定期存款機動利率;一年期定期存款機動利率,中央銀行
國庫體系,國庫體系,10740,國庫體系、國庫經辦行、代收國稅金融機構、合庫銀行轉委託基層金融機構代收國稅家數統計,檔案名稱;網址,中央銀行
國際投資部位統計,國際投資部位統計,6432,國際投資部位記載每年底我國對外金融總資產與總負債的存量。,期間;資產總計;準備資產;負債總計;淨資產,中央銀行
國際收支簡表(季資料),國際收支簡表(季資料),10823,國際收支簡表(季資料),期間;A.經常帳;經常帳-商品：收入（出口）;經常帳-商品：支出（進口）;經常帳-商品貿易淨額;經常帳-服務：收入（出口）;經常帳-服務：支出（進口）;經常帳-商品與服務收支淨額;經常帳-初次所得：收入;經常帳-初次所得：支出;經常帳-商品、服務與初次所得收支淨額;經常帳-二次所得：收入;經常帳-二次所得：支出;B.資本帳;資本帳-資本帳：收入;資本帳-資本帳：支出;經常帳與資本帳合計;C.金融帳;金融帳-直接投資：資產;金融帳-直接投資：資產-股權和投資基金;金融帳-直接投資：資產-債務工具;金融帳-直接投資：負債;金融帳-直接投資：負債-股權和投資基金;金融帳-直接投資：負債-債務工具;金融帳-證券投資：資產;金融帳-證券投資：資產-股權和投資基金;金融帳-證券投資：資產-債務證券;金融帳-證券投資：負債;金融帳-證券投資：負債-股權和投資基金;金融帳-證券投資：負債-債務證券;金融帳-衍生性金融商品;金融帳-衍生金融商品-衍生金融商品：資產;金融帳-衍生金融商品-衍生金融商品：負債;金融帳-其他投資：資產;金融帳-其他投資：資產-其他股本;金融帳-其他投資：資產-債務工具;金融帳-其他投資：負債;金融帳-其他投資：負債-其他股本;金融帳-其他投資：負債-債務工具;經常帳+資本帳-金融帳;D.誤差與遺漏淨額;E.準備與相關項目;準備與相關項目-準備資產;準備與相關項目-基金信用的使用及自基金的借款;準備與相關項目-特殊融資,中央銀行
國際收支簡表(年資料),國際收支簡表(年資料),10822,國際收支簡表(年資料),期間;A.經常帳;經常帳-商品：收入（出口）;經常帳-商品：支出（進口）;經常帳-商品貿易淨額;經常帳-服務：收入（出口）;經常帳-服務：支出（進口）;經常帳-商品與服務收支淨額;經常帳-初次所得：收入;經常帳-初次所得：支出;經常帳-商品、服務與初次所得收支淨額;經常帳-二次所得：收入;經常帳-二次所得：支出;B.資本帳;資本帳-資本帳：收入;資本帳-資本帳：支出;經常帳與資本帳合計;C.金融帳;金融帳-直接投資：資產;金融帳-直接投資：資產-股權和投資基金;金融帳-直接投資：資產-債務工具;金融帳-直接投資：負債;金融帳-直接投資：負債-股權和投資基金;金融帳-直接投資：負債-債務工具;金融帳-證券投資：資產;金融帳-證券投資：資產-股權和投資基金;金融帳-證券投資：資產-債務證券;金融帳-證券投資：負債;金融帳-證券投資：負債-股權和投資基金;金融帳-證券投資：負債-債務證券;金融帳-衍生性金融商品;金融帳-衍生金融商品-衍生金融商品：資產;金融帳-衍生金融商品-衍生金融商品：負債;金融帳-其他投資：資產;金融帳-其他投資：資產-其他股本;金融帳-其他投資：資產-債務工具;金融帳-其他投資：負債;金融帳-其他投資：負債-其他股本;金融帳-其他投資：負債-債務工具;經常帳+資本帳-金融帳;D.誤差與遺漏淨額;E.準備與相關項目;準備與相關項目-準備資產;準備與相關項目-基金信用的使用及自基金的借款;準備與相關項目-特殊融資,中央銀行
國際收支統計-準備資產,國際收支統計-準備資產,6562,準備資產係指貨幣當局所控管隨時可動用的國外資產。包括貨幣用黃金、外匯存底（含外幣現金、存款、放款及有價證券）與其他債權。,期間;準備資產;貨幣用黃金;特別提款權;在基金的準備部位;其他準備資產,中央銀行
國際收支統計-經常帳,國際收支統計-經常帳,6996,經常帳包括商品、服務、初次所得與二次所得。,期間;經常帳-淨額;經常帳-收入;經常帳-支出,中央銀行
國際收支統計-經常帳-2次所得,國際收支統計-經常帳-二次所得,6555,指居民向非居民無償提供了一項實際資源或金融資產，如工作者匯款（居留期間在一年以上的外籍人員的工作報酬）、捐贈、贍家匯款、禮物與樣品、保險理賠收支等。,期間;二次所得-淨額;二次所得-收入;二次所得-支出;二次所得-政府-淨額;二次所得-政府-收入;二次所得-政府-支出;二次所得-其他部門-淨額;二次所得-其他部門-收入;二次所得-其他部門-支出;二次所得-其他部門-個人移轉-淨額;二次所得-其他部門-個人移轉-收入;二次所得-其他部門-個人移轉-支出;二次所得-其他部門-其他經常移轉-淨額;二次所得-其他部門-其他經常移轉-收入;二次所得-其他部門-其他經常移轉-支出,中央銀行
國際收支統計-經常帳-初次所得,國際收支統計-經常帳-初次所得,6554,所得包括薪資與投資所得等項。,期間;初次所得-淨額;初次所得-收入;初次所得-支出;初次所得-薪資-淨額;初次所得-薪資-收入;初次所得-薪資-支出;初次所得-投資所得-淨額;初次所得-投資所得-收入;初次所得-投資所得-支出;初次所得-投資所得-直接投資所得-淨額;初次所得-投資所得-直接投資所得-收入;初次所得-投資所得-直接投資所得-支出;初次所得-投資所得-直接投資-股權及投資基金所得-淨額;初次所得-投資所得-直接投資-股權及投資基金所得-收入;初次所得-投資所得-直接投資-股權及投資基金所得-支出;初次所得-投資所得-直接投資所得-股權及投資基金所得-股利及準公司所得收回-淨額;初次所得-投資所得-直接投資所得-股權及投資基金所得-股利及準公司所得收回-收入;初次所得-投資所得-直接投資所得-股權及投資基金所得-股利及準公司所得收回-支出;初次所得-投資所得-直接投資所得-股權及投資基金所得-再投資盈餘-淨額;初次所得-投資所得-直接投資所得-股權及投資基金所得-再投資盈餘-收入;初次所得-投資所得-直接投資所得-股權及投資基金所得-再投資盈餘-支出;初次所得-投資所得-直接投資所得-利息-淨額;初次所得-投資所得-直接投資所得-利息-收入;初次所得-投資所得-直接投資所得-利息-支出;初次所得-投資所得-證券投資所得-淨額;初次所得-投資所得-證券投資所得-收入;初次所得-投資所得-證券投資所得-支出;初次所得-投資所得-證券投資所得-股權及投資基金所得-淨額;初次所得-投資所得-證券投資所得-股權及投資基金所得-收入;初次所得-投資所得-證券投資所得-股權及投資基金所得-支出;初次所得-投資所得-證券投資所得-利息-淨額;初次所得-投資所得-證券投資所得-利息-收入;初次所得-投資所得-證券投資所得-利息-支出;初次所得-投資所得-其他投資所得-淨額;初次所得-投資所得-其他投資所得-收入;初次所得-投資所得-其他投資所得-支出;初次所得-其他初次所得-淨額;初次所得-其他初次所得-收入;初次所得-其他初次所得-支出,中央銀行
國際收支統計-經常帳-商品,國際收支統計-經常帳-商品,6552,商品包括一般商品、商仲貿易商品與非貨幣性黃金等項。,期間;商品-淨額;商品-收入;商品-支出;商品-一般商品-淨額;商品-一般商品-收入;商品-一般商品-支出;商品-商仲貿易商品淨出口-淨額;商品-商仲貿易商品淨出口-收入;商品-商仲貿易商品淨出口-支出;商品-非貨幣性黃金-淨額;商品-非貨幣性黃金-收入;商品-非貨幣性黃金-支出,中央銀行
國際收支統計-經常帳-服務,國際收支統計-經常帳-服務,6553,服務包括加工服務、維修服務、運輸、旅行與其他服務等項。,期間;服務-淨額;服務-收入;服務-支出;服務-加工服務-淨額;服務-加工服務-收入;服務-加工服務-支出;服務-維修服務-淨額;服務-維修服務-收入;服務-維修服務-支出;服務-運輸-淨額;服務-運輸-收入;服務-運輸-支出;服務-運輸-客運-淨額;服務-運輸-客運-收入;服務-運輸-客運-支出;服務-運輸-貨運-淨額;服務-運輸-貨運-收入;服務-運輸-貨運-支出;服務-運輸-其他(含郵務與快遞)-淨額;服務-運輸-其他(含郵務與快遞)-收入;服務-運輸-其他(含郵務與快遞)-支出;服務-旅行-淨額;服務-旅行-收入;服務-旅行-支出;服務-旅行-商務-淨額;服務-旅行-商務-收入;服務-旅行-商務-支出;服務-旅行-個人-淨額;服務-旅行-個人-收入;服務-旅行-個人-支出;服務-其他服務-淨額;服務-其他服務-收入;服務-其他服務-支出;服務-其他服務-營建-淨額;服務-其他服務-營建-收入;服務-其他服務-營建-支出;服務-其他服務-保險及退休金服務-淨額;服務-其他服務-保險及退休金服務-收入;服務-其他服務-保險及退休金服務-支出;服務-其他服務-金融服務-淨額;服務-其他服務-金融服務-收入;服務-其他服務-金融服務-支出;服務-其他服務-智慧財產權使用費-淨額;服務-其他服務-智慧財產權使用費-收入;服務-其他服務-智慧財產權使用費-支出;服務-其他服務-電信、電腦及資訊服務-淨額;服務-其他服務-電信、電腦及資訊服務-收入;服務-其他服務-電信、電腦及資訊服務-支出;服務-其他服務-其他事務服務-淨額;服務-其他服務-其他事務服務-收入;服務-其他服務-其他事務服務-支出;服務-其他服務-個人、文化與休閒服務-淨額;服務-其他服務-個人、文化與休閒服務-收入;服務-其他服務-個人、文化與休閒服務-支出;服務-其他服務-不包括在其他項目的政府服務-淨額;服務-其他服務-不包括在其他項目的政府服務-收入;服務-其他服務-不包括在其他項目的政府服務-支出,中央銀行
國際收支統計-資本帳,國際收支統計-資本帳,6556,資本帳包括資本移轉及非生產性、非金融性資產（如商標、經銷權、網域名稱）的取得與處分。,期間;資本帳-淨額;資本帳-收入;資本帳-支出,中央銀行
國際收支統計-金融帳,國際收支統計-金融帳,6557,金融帳記載一經濟體對外的金融資產與負債的交易，根據投資的功能或種類分為直接投資、證券投資、衍生金融商品與其他投資，各類投資均區分為資產（居民對非居民之債權）及負債（居民對非居民之債務）。,期間;金融帳(不含準備資產)-淨額;金融帳(不含準備資產)-資產;金融帳(不含準備資產)-負債,中央銀行
國際收支統計-金融帳-其他投資,國際收支統計-金融帳-其他投資,6561,凡不屬於直接投資、證券投資及衍生金融商品的金融交易均歸類在其他投資。包括其他股本與債務工具，後者包括現金與存款、貸（借）款、貿易信用及預收（付）款以及其他應收（付）款項，其中，不可分配黃金帳戶(unallocated gold accounts)包含於存款。各項交易再依部門別分為短期與長期，短期則指契約期限在一年及一年以下者，長期係指契約期限超過一年或未載明到期日者。,,中央銀行
國際收支統計-金融帳-直接投資,國際收支統計-金融帳-直接投資,6558,指投資者對於企業具有持久性利益之投資。包括股本投資、盈餘再投資與債務工具（關係企業間的往來借貸）。,期間;直接投資-淨額;直接投資-資產;直接投資-負債;直接投資-股權和投資基金-淨額;直接投資-股權和投資基金-資產;直接投資-股權和投資基金-負債;直接投資-股權和投資基金-盈餘再投資以外的股權-淨額;直接投資-股權和投資基金-盈餘再投資以外的股權-資產;直接投資-股權和投資基金-盈餘再投資以外的股權-負債;直接投資-股權和投資基金-盈餘再投資-淨額;直接投資-股權和投資基金-盈餘再投資-資產;直接投資-股權和投資基金-盈餘再投資-負債;直接投資-債務工具-淨額;直接投資-債務工具-資產;直接投資-債務工具-負債,中央銀行
國際收支統計-金融帳-衍生金融商品,國際收支統計-金融帳-衍生金融商品,6560,包括避險與非避險交易之衍生金融商品，如期貨、交換、遠期契約及選擇權等。衍生金融商品係結算後的收入或支出金額。,期間;衍生金融商品-淨額;衍生金融商品-資產;衍生金融商品-負債;衍生金融商品-中央銀行-淨額;衍生金融商品-中央銀行-資產;衍生金融商品-中央銀行-負債;衍生金融商品-存款貨幣機構-淨額;衍生金融商品-存款貨幣機構-資產;衍生金融商品-存款貨幣機構-負債;衍生金融商品-政府-淨額;衍生金融商品-政府-資產;衍生金融商品-政府-負債;衍生金融商品-其他部門-淨額;衍生金融商品-其他部門-資產;衍生金融商品-其他部門-負債;衍生金融商品-其他部門-其他金融機構-淨額;衍生金融商品-其他部門-其他金融機構-資產;衍生金融商品-其他部門-其他金融機構-負債,中央銀行
國際收支統計-金融帳-證券投資,國際收支統計-金融帳-證券投資,6559,包括股權和投資基金與債務證券投資。股權和投資基金包括股份、股票、參加憑證或其他足以表彰股權的證券如存託憑證等，相互基金與信託投資皆屬之；債務證券包括債券與貨幣市場工具。,期間;證券投資-淨額;證券投資-資產;證券投資-負債;證券投資-股權及投資基金-淨額;證券投資-股權及投資基金-資產;證券投資-股權及投資基金-負債;證券投資-股權及投資基金-中央銀行-淨額;證券投資-股權及投資基金-中央銀行-資產;證券投資-股權及投資基金-中央銀行-負債;證券投資-股權及投資基金-存款貨幣機構-淨額;證券投資-股權及投資基金-存款貨幣機構-資產;證券投資-股權及投資基金-存款貨幣機構-負債;證券投資-股權及投資基金-政府-淨額;證券投資-股權及投資基金-政府-資產;證券投資-股權及投資基金-政府-負債;證券投資-股權及投資基金-其他部門-淨額;證券投資-股權及投資基金-其他部門-資產;證券投資-股權及投資基金-其他部門-負債;證券投資-股權及投資基金-其他部門-其他金融機構-淨額;證券投資-股權及投資基金-其他部門-其他金融機構-資產;證券投資-股權及投資基金-其他部門-其他金融機構-負債;債務證券-淨額;債務證券-資產;債務證券-負債;債務證券-中央銀行-淨額;債務證券-中央銀行-資產;債務證券-中央銀行-負債;債務證券-存款貨幣機構-淨額;債務證券-存款貨幣機構-資產;債務證券-存款貨幣機構-負債;債務證券-存款貨幣機構-短期-淨額;債務證券-存款貨幣機構-短期-資產;債務證券-存款貨幣機構-短期-負債;債務證券-存款貨幣機構-長期-淨額;債務證券-存款貨幣機構-長期-資產;債務證券-存款貨幣機構-長期-負債;債務證券-政府-淨額;債務證券-政府-資產;債務證券-政府-負債;債務證券-政府-短期-淨額;債務證券-政府-短期-資產;債務證券-政府-短期-負債;債務證券-政府-長期-淨額;債務證券-政府-長期-資產;債務證券-政府-長期-負債;債務證券-其他部門-淨額;債務證券-其他部門-資產;債務證券-其他部門-負債;債務證券-其他部門-短期-淨額;債務證券-其他部門-短期-資產;債務證券-其他部門-短期-負債;債務證券-其他部門-長期-淨額;債務證券-其他部門-長期-資產;債務證券-其他部門-長期-負債;債務證券-其他部門-其他金融機構-淨額;債務證券-其他部門-其他金融機構-資產;債務證券-其他部門-其他金融機構-負債;債務證券-其他部門-其他金融機構-短期-淨額;債務證券-其他部門-其他金融機構-短期-資產;債務證券-其他部門-其他金融機構-短期-負債;債務證券-其他部門-其他金融機構-長期-淨額;債務證券-其他部門-其他金融機構-長期-資產;債務證券-其他部門-其他金融機構-長期-負債,中央銀行
國際金融業務分行主要資產負債期限分析表,國際金融業務分行主要資產負債期限分析表,10824,國際金融業務分行主要資產負債期限分析表,期間;資產-合計-原始值;資產-合計-年增率;資產-一個月以內-原始值;資產-一個月以內-年增率;資產-一個月以上至三個月-原始值;資產-一個月以上至三個月-年增率;資產-三個月以上至六個月-原始值;資產-三個月以上至六個月-年增率;資產-六個月以上至九個月-原始值;資產-六個月以上至九個月-年增率;資產-九個月以上至十二個月-原始值;資產-九個月以上至十二個月-年增率;資產-十二個月以上至二十四個月-原始值;資產-十二個月以上至二十四個月-年增率;資產-二十四個月以上-原始值;資產-二十四個月以上-年增率;負債-合計-原始值;負債-合計-年增率;負債-一個月以內-原始值;負債-一個月以內-年增率;負債-一個月以上至三個月-原始值;負債-一個月以上至三個月-年增率;負債-三個月以上至六個月-原始值;負債-三個月以上至六個月-年增率;負債-六個月以上至九個月-原始值;負債-六個月以上至九個月-年增率;負債-九個月以上至十二個月-原始值;負債-九個月以上至十二個月-年增率;負債-十二個月以上至二十四個月-原始值;負債-十二個月以上至二十四個月-年增率;負債-二十四個月以上-原始值;負債-二十四個月以上-年增率,中央銀行
國際金融業務分行外匯與衍生性金融商品交易量 (Turnovers of Foreign Exchange Trading and Derivative Products Trading),國際金融業務分行外匯與衍生性金融商品交易量<br>（Turnovers of Foreign Exchange Trading and Derivative Products Trading）,81396,1. 全體OBU外匯交易量及衍生性金融商品交易量2.單位:百萬美元（Unit：USD millions）,月份別(Month);即期(Spot);遠期(Forwards);換匯(Swap);外匯交易量合計(Turnover of foreign exchange trading);期貨(Futures);選擇權(Options);交換(Swaps);遠期契約(Forward contracts);外幣保證金交易(Margin account trading);信用衍生商品(Credit derivatives);衍生性金融商品交易量合計(Turnover of derivative products trading),中央銀行
國際金融業務分行家數及財務狀況(Number and Financial Conditions of OBUs),國際金融業務分行家數及財務狀況（Number and Financial Conditions of OBUs）,81393,1.全體OBU家數、資金運用及來源分析 2.單位:百萬美元（Unit：USD millions）,月份別(End of month);家數(Number of OBUs);存放及拆借同業(Due from banks);聯行往來(借方)(Nostro account–head office & branches);有價證券投資(Securities investments);貼現及放款(Discounts and loans);其他資產(Other assets);資產總額(Total assets);同業存款及拆放(Due to banks);聯行往來(貸方)(Vostro account – head office & branches);存款(Deposits);其他負債(Other liabilities);權益總計(Equity of head office);負債及權益總額(Total liabilities),中央銀行
國際金融業務分行資產負債統計表,國際金融業務分行資產負債統計表,10825,國際金融業務分行資產負債統計表,期間;對非金融機構之放款-居住民-原始值;對非金融機構之放款-居住民-年增率;對非金融機構之放款-非居住民-原始值;對非金融機構之放款-非居住民-年增率;證券投資-原始值;證券投資-年增率;對金融機構債權-小計-原始值;對金融機構債權-小計-年增率;對金融機構債權-外匯指定銀行-原始值;對金融機構債權-外匯指定銀行-年增率;對金融機構債權-OBU相互間-原始值;對金融機構債權-OBU相互間-年增率;對金融機構債權-國外金融機構-原始值;對金融機構債權-國外金融機構-年增率;其他資產-原始值;其他資產-年增率;資產合計=負債合計-原始值;資產合計=負債合計-年增率;非金融機構存款-原始值;非金融機構存款-年增率;對金融機構負債-小計-原始值;對金融機構負債-小計-年增率;對金融機構負債-國內金融機構-原始值;對金融機構負債-國內金融機構-年增率;對金融機構負債-OBU相互間-原始值;對金融機構負債-OBU相互間-年增率;對金融機構負債-國外金融機構-原始值;對金融機構負債-國外金融機構-年增率;證券發行-原始值;證券發行-年增率;其他負債-原始值;其他負債-年增率,中央銀行
外匯存底,外匯存底,6025,係指中央銀行持有對非居民的外幣債權（包括外幣現鈔、外幣存款以及以外幣計價之有價證券等），可自由支配及運用並作為挹注國際收支逆差之需。,日期;金額,中央銀行
外國及大陸銀行在台分行資產負債統計表,外國及大陸銀行在台分行資產負債統計表,6540,外國及大陸銀行在台分行資產負債統計表係指該類別銀行之總和資產負債表，其資產(或負債與淨值)合計為該類別個別銀行資產（或負債與淨值）之加總。,期間;資產淨額=負債權益淨額-原始值;資產淨額=負債權益淨額-年增率;國外資產-原始值;國外資產-年增率;放款-計-原始值;放款-計-年增率;放款-政府機關-原始值;放款-政府機關-年增率;放款-公營事業-原始值;放款-公營事業-年增率;放款-民間部門-原始值;放款-民間部門-年增率;對非金融機構證券投資-計-原始值;對非金融機構證券投資-計-年增率;對非金融機構證券投資-政府機關-原始值;對非金融機構證券投資-政府機關-年增率;對非金融機構證券投資-股份與債券等-公營事業-原始值;對非金融機構證券投資-股份與債券等-公營事業-年增率;對非金融機構證券投資-股份與債券等-民營企業-原始值;對非金融機構證券投資-股份與債券等-民營企業-年增率;對金融機構證券投資-原始值;對金融機構證券投資-年增率;對金融機構債權-中央銀行-原始值;對金融機構債權-中央銀行-年增率;對金融機構債權-其他貨幣機構-原始值;對金融機構債權-其他貨幣機構-年增率;對金融機構債權-人壽保險公司等-原始值;對金融機構債權-人壽保險公司等-年增率;庫存現金-原始值;庫存現金-年增率;其他資產-原始值;其他資產-年增率;國外負債-原始值;國外負債-年增率;企業及個人存款-計-原始值;企業及個人存款-計-年增率;企業及個人存款-支票存款-原始值;企業及個人存款-支票存款-年增率;企業及個人存款-活期存款-原始值;企業及個人存款-活期存款-年增率;企業及個人存款-活期儲蓄存款-原始值;企業及個人存款-活期儲蓄存款-年增率;企業及個人存款-定期存款-原始值;企業及個人存款-定期存款-年增率;企業及個人存款-可轉讓定期存單-原始值;企業及個人存款-可轉讓定期存單-年增率;企業及個人存款-定期儲蓄存款-原始值;企業及個人存款-定期儲蓄存款-年增率;企業及個人存款-外匯存款-原始值;企業及個人存款-外匯存款-年增率;政府存款-原始值;政府存款-年增率;對金融機構負債-中央銀行-原始值;對金融機構負債-中央銀行-年增率;對金融機構負債-其他貨幣機構-原始值;對金融機構負債-其他貨幣機構-年增率;對金融機構負債-其他貨幣機構-中華郵政公司-原始值;對金融機構負債-其他貨幣機構-中華郵政公司-年增率;對金融機構負債-人壽保險公司等-原始值;對金融機構負債-人壽保險公司等-年增率;金融債券-原始值;金融債券-年增率;其他負債-原始值;其他負債-年增率;權益-原始值;權益-年增率,中央銀行
外幣結算平台業務(美元/人民幣/日圓/歐元)參加金融機構一覽表,外幣結算平台業務(美元/人民幣/日圓/歐元)參加金融機構一覽表,13683,提供民眾查詢參加外幣結算平台業務金融機構資訊(財金資訊公司),參加幣別;金融機構名稱;BIC,中央銀行
央行同資系統-清算業務別交易金額月統計,央行同資系統-清算業務別交易金額月統計,25136,透過央行同資系統清算之金融市場相關結算款項,年/Year;月/Month;證券款項日平均清算金額(單位：新台幣百萬元)/Average Daily Securities Settlement value (millions of NTD);中央登錄公債日平均清算金額(單位：新台幣百萬元)/Average Daily Settlement Value of GSSS (millions of NTD);票券款項日平均清算金額(單位：新台幣百萬元)/Average Daily Settlement Value of Bill Transactions (millions of NTD);票據交換結算款項日平均清算金額(單位：新台幣百萬元)/Average Daily Settlement Value of Check Clearing System (millions of NTD);信用卡跨行結算款項日平均清算金額(單位：新台幣百萬元)/Average Daily Settlement Value of Credit Card Clearing System (millions of NTD),中央銀行
央行同資系統跨行清算專戶留存日平均餘額,央行同資系統跨行清算專戶留存日平均餘額,25141,金融機構跨行清算專戶留存金額係作為銀行間跨行業務清算用途,年/Year;月/Month;日終餘額(單位：新台幣百萬元)/End-of-the-day Balance (millions of NTD);營業日數/Business days;日平均留存餘額(單位：新台幣百萬元)/Average Daily Balance(millions of NTD),中央銀行
央行貼放利率,央行貼放利率,6022,中央銀行對銀行辦理合格票據重貼現、短期融通及擔保放款再融通等各項融通作業之利率。,調整日期;重貼現率;擔保放款融通利率;短期融通利率,中央銀行
委託調查及會費捐助表,中央銀行委託調查及會費捐助表,20848,當年度中央銀行委託調查及會費捐助明細,期間(起);期間(訖);科目名稱;項目或對象名稱;支出金額(元),中央銀行
存放款加權平均利率,存放款加權平均利率,6550,本表係依各金融機構存放款科目之估息資料調查統計而得，並非逐戶計算之實際利率。93年第1季資料起，本國銀行存放款利率不含軍公教退伍(休)人員優惠存款及國庫借款利率；97年12月起，已無信託投資公司。農漁會信用部係抽樣資料，其餘各類機構為全體資料。,期間;本國銀行-存款;本國銀行-放款;外國銀行在台分行-存款;外國銀行在台分行-放款;信用合作社-存款;信用合作社-放款;農漁會信用部-存款;農漁會信用部-放款;信託投資公司-存款;信託投資公司-放款,中央銀行
存款、其他各種負債及信託資金準備率,存款、其他各種負債及信託資金準備率,10795,存款、其他各種負債及信託資金準備率,期間;支票存款<br>;活期存款<br>;外資活期存款;外資活期存款2;活期儲蓄存款<br>;定期儲蓄存款<br>;定期存款<br>;其他負債-外匯存款<br>;其他負債-結構型商品所收本金-新台幣;其他負債-結構型商品所收本金-外幣;信託資金,中央銀行
存款不足退票張數、金額統計表,存款不足退票張數、金額統計表,13673,全國每月存款不足退票張數、金額統計(台灣票據交換所),年月;張數(張);金額(千元),中央銀行
存款及其他各種負債準備金比率,存款及其他各種負債準備金比率,7230,中央銀行對銀行存款及其他各種負債訂定之應提準備率。,應提準備率調整日期;支票存款;活期存款;外資活期存款超過99年12月30日餘額之增加額;外資活期存款未超過99年12月30日餘額部分;活期儲蓄存款;定期存款;定期儲蓄存款;其他各種負債外匯存款;其他各種負債銀行承作結構型商品所收本金新台幣;其他各種負債銀行承作結構型商品所收本金外幣;其他各種負債其他項目,中央銀行
實體公債還本付息業務承轉行及其經辦行名單,實體公債還本付息業務承轉行及其經辦行名單,13649,14家實體公債還本付息業務承轉行之經辦行名單、地址及連絡電話,序號;單位別;統一代碼;地址;電話號碼,中央銀行
我國與主要貿易對手通貨對美元之匯率,我國與主要貿易對手通貨對美元之匯率,6563,匯率日資料取自湯森路透(THOMSON REUTERS)，係台灣時間當日16:00各通貨當地或全球外匯市場銀行間即期交易的即時匯率；月、年資料則取自IFS，僅供國內研究參考之用。,期間;新台幣NTD/USD;日圓JPY/USD;英鎊USD/GBP;港幣HKD/USD;韓元KRW/USD;加拿大幣CAD/USD;新加坡元SGD/USD;人民幣CNY/USD;澳幣USD/AUD;印尼盾IDR/USD;泰銖THB/USD;馬來西亞幣MYR/USD;菲律賓披索PHP/USD;歐元USD/EUR;馬克DEM/USD;法國法郎FRF/USD;荷蘭幣NLG/USD;越南盾VND/USD,中央銀行
拒絕往來戶戶數統計表,拒絕往來戶戶數統計表,13674,本所每月通報拒絕往來戶戶數(台灣票據交換所),年月;個人戶戶數;公司戶戶數,中央銀行
捐助表,中央銀行捐助表,23950,近10年中央銀行捐助明細,期間;科目名稱;項目或對象名稱;支出金額(元),中央銀行
掛失止付票據張數統計表,掛失止付票據張數統計表,13679,統計全國每月辦理掛失止付票據張數(台灣票據交換所),年月;全所件數;本年累計件數,中央銀行
支票存款帳戶戶數統計表,支票存款帳戶戶數統計表,13676,全國各金融單位每月新增之支票存款帳戶戶數，及其累計帳戶數(台灣票據交換所),年月;新增開戶帳戶數;累計帳戶數,中央銀行
支票存款戶行業別統計表,支票存款戶行業別統計表,24757,依經濟部公布之行業別分類標準，就每月全國支存戶基本資料檔內建檔累計之公司法人戶的行業別分析統計(台灣票據交換所),年月;行業別;戶數;比重,中央銀行
政策宣導之廣告預算執行情形表,中央銀行政策宣導之廣告預算執行情形表,23952,當年度中央銀行政策宣導之廣告預算執行情形,期間(起);期間(訖);政策宣導之廣告預算執行情形;托播對象;刊登次數;金額(元);刊登時間,中央銀行
新聞稿,新聞稿,9476,央行相關業務之新聞稿,檔案名稱;網址,中央銀行
新臺幣硬幣發行年度版別一覽表,新臺幣硬幣發行年度版別一覽表,13641,歷年新臺幣硬幣之相關資料,序號;硬幣面額;發行日期;重量(公克);直徑(公厘);年版;正面圖案;背面圖案,中央銀行
新臺幣防偽辨識,新臺幣防偽辨識,6532,介紹辨別新臺幣鈔券真偽方法，主要內容有流通鈔券真偽之辨識、流通硬幣真偽之辨識及舊版新臺幣鈔券真偽之辨識等3大類。,項目;壹佰圓券;貳佰圓券;伍佰圓券;壹仟圓券;貳仟圓券;10元（正面蔣公像）硬幣圖案;10元（正面蔣公像）真幣;10元（正面蔣公像）偽幣;10元（正面國父像）硬幣圖案;10元（正面國父像）真幣;20元硬幣圖案;20元真幣;20元偽幣;50元硬幣圖案;50元真幣;50元偽幣;真鈔;偽鈔;安一版伍佰圓券;安一版壹仟圓券,中央銀行
日平均外匯交易量與外匯淨部位,日平均外匯交易量與外匯淨部位,10784,日平均外匯交易量與外匯淨部位,期間;合計-原始值;合計-年增率;銀行對顧客市場-小計-原始值;銀行對顧客市場-小計-年增率;銀行對顧客市場-即期-原始值;銀行對顧客市場-即期-年增率;銀行對顧客市場-遠期-原始值;銀行對顧客市場-遠期-年增率;銀行對顧客市場-換匯-原始值;銀行對顧客市場-換匯-年增率;銀行對顧客市場-保証金交易-原始值;銀行對顧客市場-保証金交易-年增率;銀行對顧客市場-選擇權-原始值;銀行對顧客市場-選擇權-年增率;銀行對顧客市場-換匯換利-原始值;銀行對顧客市場-換匯換利-年增率;銀行間市場-小計-原始值;銀行間市場-小計-年增率;銀行間市場-即期-原始值;銀行間市場-即期-年增率;銀行間市場-遠期-原始值;銀行間市場-遠期-年增率;銀行間市場-換匯-原始值;銀行間市場-換匯-年增率;銀行間市場-選擇權-原始值;銀行間市場-選擇權-年增率;銀行間市場-換匯換利-原始值;銀行間市場-換匯換利-年增率;全體外匯銀行外匯交易淨部位（期底數）-原始值;全體外匯銀行外匯交易淨部位（期底數）-年增率,中央銀行
書面之公共工程及採購契約,中央銀行書面之公共工程及採購契約,10819,央行採購金額達新台幣100萬元以上，不具機敏性之採購契約目錄,序號;年度;案名;案號,中央銀行
會計報表,中央銀行會計報表,18805,中央銀行會計報表,SEQNO;LEVEL;BOLD;編號;科目;本年度法定預算數;本月份實際數;本月份預算數;本月份比較增減-金額;本月份比較增減-百分比;本年度截至本月份實際數;本年度截至本月份預算數;本年度截至本月份比較增減-金額;本年度截至本月份比較增減-百分比;金額;百分比;科目編號;ORDER;計畫名稱;以前年度保留數;本年度奉准先行辦理數;調整數;累計預算分配數;實支數;應付未付數;差異或落後原因;改進措施;備註,中央銀行
本國銀行員工貢獻度統計表,本國銀行員工貢獻度統計表,13662,依據銀行按期填送未經審定或查核調整之資料彙編,日期;稅前淨利 / 員工人數 (千元/人),中央銀行
本國銀行存放比率統計表,本國銀行存放比率統計表,13663,依據銀行按期填送未經審定或查核調整之資料彙編,日期;存放比率,中央銀行
本國銀行存款借記總額及回轉次數,本國銀行存款借記總額及回轉次數,10780,本國銀行存款借記總額及回轉次數,期間;支票存款-借記總額-原始值;支票存款-借記總額-年增率;支票存款-按年計算之回轉次數-原始值;支票存款-按年計算之回轉次數-年增率;活期存款-借記總額-原始值;活期存款-借記總額-年增率;活期存款-按年計算之回轉次數-原始值;活期存款-按年計算之回轉次數-年增率;活期儲蓄存款-借記總額-原始值;活期儲蓄存款-借記總額-年增率;活期儲蓄存款-按年計算之回轉次數-原始值;活期儲蓄存款-按年計算之回轉次數-年增率,中央銀行
本國銀行權益報酬率統計表,本國銀行權益報酬率統計表,13661,依據銀行按期填送未經審定或查核調整之資料彙編,日期;稅前淨利 / 平均權益,中央銀行
本國銀行海外分支單位統計表,本國銀行海外分支單位統計表,13655,統計本國銀行海外分行、支行、辦事處及子公司合計家數,洲別;國別;分行;支行;辦事處;子公司;合 計,中央銀行
本國銀行營運績效季報定義說明,本國銀行營運績效季報定義說明,10735,對自有資本、風險性資產、自有資本占風險性資產比率、逾放比率、平均資產、流動準備比率、存放比率、公庫存款、利率敏感性資產、利率敏感性負債、利率敏感性缺口、淨收益及投資定義說明。,檔案名稱;網址,中央銀行
本國銀行營運績效季報編輯說明,本國銀行營運績效季報編輯說明,10734,對編輯本國銀行營運績效季報之頻率及資料來源做說明。,檔案名稱;網址,中央銀行
本國銀行資本適足比率統計表,本國銀行資本適足比率統計表,13658,依據銀行按期填送未經審定或查核調整之資料彙編,日期;自有資本占風險性資產比率,中央銀行
本國銀行資產報酬率統計表,本國銀行資產報酬率統計表,13660,依據銀行按期填送未經審定或查核調整之資料彙編,日期;稅前淨利 / 平均資產,中央銀行
本國銀行資產負債統計表,本國銀行資產負債統計表,6539,本國銀行資產負債統計表(包括總行及國內分支機構)係指該類別銀行之總和資產負債表，其資產(或負債與淨值)合計為該類別個別銀行資產(或負債與淨值)之加總。,期間;資產合計=負債權益合計-原始值;資產合計=負債權益合計-年增率;國外資產-原始值;國外資產-年增率;放款-計-原始值;放款-計-年增率;放款-政府機關-原始值;放款-政府機關-年增率;放款-公營事業-原始值;放款-公營事業-年增率;放款-民間部門-原始值;放款-民間部門-年增率;對非金融機構證券投資-計-原始值;對非金融機構證券投資-計-年增率;對非金融機構證券投資-政府機關-原始值;對非金融機構證券投資-政府機關-年增率;對非金融機構證券投資-公營事業-原始值;對非金融機構證券投資-公營事業-年增率;對非金融機構證券投資-民營企業-原始值;對非金融機構證券投資-民營企業-年增率;對金融機構證券投資-原始值;對金融機構證券投資-年增率;不動產投資-原始值;不動產投資-年增率;對金融機構債權-中央銀行-原始值;對金融機構債權-中央銀行-年增率;對金融機構債權-其他貨幣機構-原始值;對金融機構債權-其他貨幣機構-年增率;對金融機構債權-人壽保險公司等-原始值;對金融機構債權-人壽保險公司等-年增率;庫存現金-原始值;庫存現金-年增率;其他資產-原始值;其他資產-年增率;國外負債-原始值;國外負債-年增率;企業及個人存款-計-原始值;企業及個人存款-計-年增率;企業及個人存款-支票存款-原始值;企業及個人存款-支票存款-年增率;企業及個人存款-活期存款-原始值;企業及個人存款-活期存款-年增率;企業及個人存款-活期儲蓄存款-原始值;企業及個人存款-活期儲蓄存款-年增率;企業及個人存款-定期存款-原始值;企業及個人存款-定期存款-年增率;企業及個人存款-可轉讓定期存單-原始值;企業及個人存款-可轉讓定期存單-年增率;企業及個人存款-定期儲蓄存款-原始值;企業及個人存款-定期儲蓄存款-年增率;企業及個人存款-外匯存款-原始值;企業及個人存款-外匯存款-年增率;政府存款-原始值;政府存款-年增率;對金融機構負債-中央銀行-原始值;對金融機構負債-中央銀行-年增率;對金融機構負債-其他貨幣機構-原始值;對金融機構負債-其他貨幣機構-年增率;對金融機構負債-其他貨幣機構-中華郵政公司-原始值;對金融機構負債-其他貨幣機構-中華郵政公司-年增率;對金融機構負債-人壽保險公司等-原始值;對金融機構負債-人壽保險公司等-年增率;金融債券-原始值;金融債券-年增率;其他負債-原始值;其他負債-年增率;權益-原始值;權益-年增率,中央銀行
本國銀行逾放比率趨勢圖,本國銀行逾放比率趨勢圖,13659,依據銀行按期填送未經審定或查核調整之資料彙編,檔案名稱;網址,中央銀行
標售定期存單資訊,中央銀行標售定期存單資訊,7243,為維持準備貨幣於適度水準，以達成貨幣政策目標，央行透過發行定期存單，進行公開市場操作，調節銀行體系資金。「中央銀行標售定期存單資訊」係揭露央行標售定期存單結果之重要資訊。,發行日期;期別;發行總額(億元);投標總額(億元);得標總額(億元);投標倍數;得標比率;得標加權平均利率,中央銀行
每季新臺幣發行數額及準備狀況,每季新臺幣發行數額及準備狀況,6026,中央銀行發行及委託發行之貨幣，應以金銀、外匯、合格票據及有價證券，折值十足準備，硬幣則免提發行準備。本行每季定期公告新臺幣發行數額及應提準備之狀況。,0日期;1新臺幣發行數額-鈔券;新臺幣發行數額-硬幣;3黃金準備-重量(公克);4黃金準備-價格(新臺幣元/公克);5黃金準備-金額(新臺幣元);6外匯美金準備-美元;7外匯美金準備-匯率(新臺幣元/美元);8金額(新臺幣/元),中央銀行
每日通貨發行數,每日通貨發行數,6995,依據每日券幣之發行或回籠，統計每日通貨發行數及累計發行數額。,日期;鈔券;硬幣;合計,中央銀行
民營企業資產負債統計表(按各業大類別),民營企業資產負債統計表(按各業大類別),7240,係將我國全體民營企業資產負債資料，依行業大類別分類所揭露之各大業資產、負債與淨值餘額統計。,項<br>目;合<br>計;礦業及土石採取業;製造業;電力及燃氣供應業;用水供應及污染整治業;營造業;批發及零售業;運輸及倉儲業;住宿及餐飲業;資訊及通訊傳播業;不動產業;專業、科學及技術服務業;支援服務業;藝術、娛樂及休閒服務業;其他服務業,中央銀行
民營企業資產負債統計表(按大、中、小企業),民營企業資產負債統計表(按大、中、小企業),7241,係將我國全體民營企業資產負債資料，依大、中、小企業分類所揭露之資產、負債與淨值餘額統計。,,中央銀行
決算報表,中央銀行決算報表,10801,中央銀行決算報表,SEQNO;LEVEL;BOLD;上年度決算數;科目名稱;科目編號;本年度決算數;本年度預算數;比較增減-金額;比較增減-百分比;項目名稱;項目編號;決算數;預算數;備註,中央銀行
法令規章-令函,中央銀行法令規章－令函,37308,公共資訊: 係指各種財政統計報表、政策新聞、資訊服務、法律等相關資料集,Subject;EngSubject;AnnounceDate;Content;EngContent;Stop;StopDate,中央銀行
法令規章-法規,中央銀行法令規章－法規,34103,中央銀行法令規章,LawName;EngLawName;ModifyDate;RevisionInfo;EngRevisionInfo,中央銀行
法令規章-草案預告,中央銀行法令規章－草案預告,37309,公共資訊: 係指各種財政統計報表、政策新聞、資訊服務、法律等相關資料集,Title;EngTitle;ODNumber;Descript;AnnounceDate;EndDate;Link,中央銀行
消費者貸款及建築貸款餘額,消費者貸款及建築貸款餘額,6549,全體銀行(包括本國銀行與外國及大陸銀行在台分行)承做之消費者貸款及建築貸款餘額。,期間;消費者貸款-小計-原始值;消費者貸款-小計-年增率;消費者貸款-購置住宅貸款-原始值;消費者貸款-購置住宅貸款-年增率;消費者貸款-房屋修繕貸款-原始值;消費者貸款-房屋修繕貸款-年增率;消費者貸款-汽車貸款-原始值;消費者貸款-汽車貸款-年增率;消費者貸款-機關團體職工福利貸款-原始值;消費者貸款-機關團體職工福利貸款-年增率;消費者貸款-其他個人消費性貸款-原始值;消費者貸款-其他個人消費性貸款-年增率;消費者貸款-信用卡循環信用餘額-原始值;消費者貸款-信用卡循環信用餘額-年增率;建築貸款-原始值;建築貸款-年增率,中央銀行
清算銀行及經辦行名單,清算銀行及經辦行名單,9737,清算銀行承轉行及經辦行地址、電話號碼及加入日期等資料,序號;單位別;地址;電話號碼;加入日期,中央銀行
準備貨幣,準備貨幣,6533,又稱為強力貨幣或貨幣基數，包括其他貨幣機構之準備金及社會大眾持有的通貨二項，二者均係中央銀行之貨幣性負債，為創造貨幣供給量的基礎。準備貨幣之增減變動，將直接影響其他貨幣機構可運用資金的增減，並透過其信用創造過程，經一段期間後，對貨幣數量及社會的流動性產生倍數擴張或收縮的效果。,期間;金融機構準備金-計-原始值;金融機構準備金-計-年增率;金融機構準備金-庫存現金-原始值;金融機構準備金-庫存現金-年增率;金融機構準備金-存放央行-原始值;金融機構準備金-存放央行-年增率;貨幣機構及中華郵政儲匯處以外各部門持有通貨-計-原始值;貨幣機構及中華郵政儲匯處以外各部門持有通貨-計-年增率;貨幣機構及中華郵政儲匯處以外各部門持有通貨-通貨發行額-原始值;貨幣機構及中華郵政儲匯處以外各部門持有通貨-通貨發行額-年增率;貨幣機構及中華郵政儲匯處以外各部門持有通貨-庫存現金-原始值;貨幣機構及中華郵政儲匯處以外各部門持有通貨-庫存現金-年增率;準備貨幣-原始值;準備貨幣-年增率,中央銀行
準備貨幣變動因素分析,準備貨幣變動因素分析,10754,準備貨幣變動因素分析,期間;準備貨幣增(+)減(-);國外資產;對政府放款及墊款;公開市場操作買入有價證券;對金融機構債權;政府存款;國庫存款轉存款;金融機構定期存款轉存款;央行發行之國庫券、定期存單及儲蓄券;其他項目,中央銀行
火焚、污破損新臺幣券幣鑑定暨兌換作業,火焚、污破損新臺幣券幣鑑定暨兌換作業,6431,民眾申請鑑定、兌換污破損、水漬、火燻等新臺幣券幣之流程,項目;流程,中央銀行
理監事聯席會議決議,中央銀行理監事聯席會議決議,20947,歷次中央銀行理監事聯席會議決議新聞稿及參考資料等,日期;網址,中央銀行
產物保險公司資產負債統計表,產物保險公司資產負債統計表,10826,產物保險公司資產負債統計表,期間;放款-原始值;放款-年增率;投資-對非金融機構證券投資-計-原始值;投資-對非金融機構證券投資-計-年增率;投資-對非金融機構證券投資-政府機關-原始值;投資-對非金融機構證券投資-政府機關-年增率;投資-對非金融機構證券投資-公營事業-原始值;投資-對非金融機構證券投資-公營事業-年增率;投資-對非金融機構證券投資-民營企業-原始值;投資-對非金融機構證券投資-民營企業-年增率;投資-對金融機構證券投資-原始值;投資-對金融機構證券投資-年增率;投資-不動產投資-原始值;投資-不動產投資-年增率;對金融機構債權-原始值;對金融機構債權-年增率;庫存現金-原始值;庫存現金-年增率;資產淨額=負債權益(淨額)-原始值;資產淨額=負債權益(淨額)-年增率;各項準備-原始值;各項準備-年增率;權益-原始值;權益-年增率;其它項目(淨額)-原始值;其它項目(淨額)-年增率,中央銀行
當月金融情況,當月金融情況,10751,當月金融情況,檔案名稱;網址,中央銀行
登錄國庫券還本付息概況表,登錄國庫券還本付息概況表,13648,各年度及當年度各月份國庫券還本付息概況,會計年度;還本金額;付息金額;還本付息合計數,中央銀行
直接金融—間接金融存量,直接金融—間接金融存量,10748,金融機構授信與金融市場票債券發行餘額。,年月;金融機構授信(間接金融)-小計(億元);間接金融比重(%);金融機構授信(間接金融)-放款含催收及轉銷呆帳(億元);金融機構授信(間接金融)-投資(億元);證券發行餘額-小計(億元);證券發行餘額-上市(櫃)股票(億元);證券發行餘額-短期票券(億元);證券發行餘額-公司債(億元);證券發行餘額-海外債(億元);證券發行餘額-政府債券(億元);證券發行餘額-資產證券化受益證券(億元);證券發行減金融機構投資(直接金融)(億元);直接金融比重(%);直接金融與間接金融合計(億元);全體非金融部門取得資金總額年增率(%),中央銀行
直接金融—間接金融流量,直接金融—間接金融流量,10747,金融機構授信與金融市場票債券發行餘額上下兩期之變動數。,年月;金融機構授信變動數(間接金融)-小計(億元);間接金融變動數比重(%);金融機構授信變動數(間接金融)-放款含催收及轉銷呆帳(億元);金融機構授信變動數(間接金融)-投資(億元);證券發行餘額變動數-小計(億元);證券發行餘額變動數-上市(櫃)股票(億元);證券發行餘額變動數-短期票券(億元);證券發行餘額變動數-公司債(億元);證券發行餘額變動數-海外債(億元);證券發行餘額變動數-政府債券(億元);證券發行餘額變動數-資產證券化受益證券(億元);證券發行餘額減金融機構投資餘額變動數(直接金融)(億元);直接金融變動數比重(%);直接金融與間接金融變動數合計(億元),中央銀行
短期票券之發行及餘額(年報),短期票券之發行及餘額(年報),13644,短期票券(國庫券、商業本票、銀行承兌匯票、可轉讓定期存單)之年發行額及餘額。,檔案名稱;網址,中央銀行
研究報告清單,研究報告清單,15423,中央銀行委託研究報告清單,民國年;研究名稱;姓名;單位,中央銀行
票券市場統計-交易金額對象別,票券市場統計-交易金額對象別,10828,票券市場統計-交易金額對象別,期間;合計-買入-原始值;合計-買入-年增率;合計-賣出-原始值;合計-賣出-年增率;銀行-買入-原始值;銀行-買入-年增率;銀行-賣出-原始值;銀行-賣出-年增率;票券及信託公司-買入-原始值;票券及信託公司-買入-年增率;票券及信託公司-賣出-原始值;票券及信託公司-賣出-年增率;保險公司-買入-原始值;保險公司-買入-年增率;保險公司-賣出-原始值;保險公司-賣出-年增率;公營事業-買入-原始值;公營事業-買入-年增率;公營事業-賣出-原始值;公營事業-賣出-年增率;民營事業-買入-原始值;民營事業-買入-年增率;民營事業-賣出-原始值;民營事業-賣出-年增率;個人-買入-原始值;個人-買入-年增率;個人-賣出-原始值;個人-賣出-年增率;其他-買入-原始值;其他-買入-年增率;其他-賣出-原始值;其他-賣出-年增率,中央銀行
票券市場統計-交易金額工具別,票券市場統計-交易金額工具別,10827,票券市場統計-交易金額工具別,期間;合計-買入-原始值;合計-買入-年增率;合計-賣出-原始值;合計-賣出-年增率;商業本票-買入-原始值;商業本票-買入-年增率;商業本票-賣出-原始值;商業本票-賣出-年增率;可轉讓定期存單-買入-原始值;可轉讓定期存單-買入-年增率;可轉讓定期存單-賣出-原始值;可轉讓定期存單-賣出-年增率;承兌匯票-買入-原始值;承兌匯票-買入-年增率;承兌匯票-賣出-原始值;承兌匯票-賣出-年增率;國庫券-買入-原始值;國庫券-買入-年增率;國庫券-賣出-原始值;國庫券-賣出-年增率;其他短期債務憑證-買入-原始值;其他短期債務憑證-買入-年增率;其他短期債務憑證-賣出-原始值;其他短期債務憑證-賣出-年增率,中央銀行
票券市場統計-發行、償還及餘額,票券市場統計-發行、償還及餘額,10829,票券市場統計-發行、償還及餘額,期間;合計-發行類-原始值;合計-發行類-年增率;合計-償還類-原始值;合計-償還類-年增率;合計-餘額-原始值;合計-餘額-年增率;國庫券-發行類-原始值;國庫券-發行類-年增率;國庫券-償還類-原始值;國庫券-償還類-年增率;國庫券-餘額-原始值;國庫券-餘額-年增率;市庫券-發行類-原始值;市庫券-發行類-年增率;市庫券-償還類-原始值;市庫券-償還類-年增率;市庫券-餘額-原始值;市庫券-餘額-年增率;商業本票-發行類-原始值;商業本票-發行類-年增率;商業本票-償還類-原始值;商業本票-償還類-年增率;商業本票-餘額-原始值;商業本票-餘額-年增率;銀行承兌匯票-發行類-原始值;銀行承兌匯票-發行類-年增率;銀行承兌匯票-償還類-原始值;銀行承兌匯票-償還類-年增率;銀行承兌匯票-餘額-原始值;銀行承兌匯票-餘額-年增率;可轉讓定期存單-發行類-原始值;可轉讓定期存單-發行類-年增率;可轉讓定期存單-償還類-原始值;可轉讓定期存單-償還類-年增率;可轉讓定期存單-餘額-原始值;可轉讓定期存單-餘額-年增率,中央銀行
票券金融公司資產負債統計表,票券金融公司資產負債統計表,10830,票券金融公司資產負債統計表,期間;證券投資-小計-原始值;證券投資-小計-年增率;證券投資-政府債券-原始值;證券投資-政府債券-年增率;證券投資-金融機構債券-原始值;證券投資-金融機構債券-年增率;證券投資-公司債-原始值;證券投資-公司債-年增率;證券投資-可轉讓定期存單-原始值;證券投資-可轉讓定期存單-年增率;證券投資-商業本票-原始值;證券投資-商業本票-年增率;證券投資-承兌匯票-原始值;證券投資-承兌匯票-年增率;存放銀行-原始值;存放銀行-年增率;庫存現金-原始值;庫存現金-年增率;資產淨額=負債權益(淨額)-原始值;資產淨額=負債權益(淨額)-年增率;借入款-原始值;借入款-年增率;權益-原始值;權益-年增率;其他項目(淨額)-原始值;其他項目(淨額)-年增率;保證-原始值;保證-年增率;附買回交易-原始值;附買回交易-年增率,中央銀行
票據交換及存款不足退票數額,票據交換及存款不足退票數額,10831,票據交換及存款不足退票數額,期間;交換-張數;交換-金額;存款不足退票-張數;存款不足退票-金額;退票比率-張數比率;退票比率-金額比率,中央銀行
票據交換張數、金額統計表,票據交換張數、金額統計表,13672,全國每月交換票據交換張數、金額統計(台灣票據交換所),年月;張數(張);金額(千元),中央銀行
經營政策,中央銀行經營政策,10352,中央銀行當年度經營政策,檔案名稱;檔案網址,中央銀行
美元兌新臺幣遠期匯率,美元兌新臺幣遠期匯率,10817,美元兌新臺幣遠期匯率,期間;10天-買入匯率;10天-賣出匯率;30天-買入匯率;30天-賣出匯率;60天-買入匯率;60天-賣出匯率;90天-買入匯率;90天-賣出匯率;120天-買入匯率;120天-賣出匯率;180天-買入匯率;180天-賣出匯率,中央銀行
美元即期匯率及遠期信用狀美金利率,美元即期匯率及遠期信用狀美金利率,10818,美元即期匯率及遠期信用狀美金利率,期間;美元即期匯率-銀行與顧客間交易匯率-買進;美元即期匯率-銀行與顧客間交易匯率-賣出;美元即期匯率-銀行間收盤匯率;美元即期匯率-日平均;遠期信用狀美金利率（年息）,中央銀行
股票市場統計-股票交易與股價指數,股票市場統計-股票交易與股價指數,10804,股票市場統計-股票交易與股價指數,期間;上市股票-公司家數-原始值;上市股票-公司家數-年增率;上市股票-總面額-原始值;上市股票-總面額-年增率;上市股票-總市值-原始值;上市股票-總市值-年增率;上市股票-總成交值-原始值;上市股票-總成交值-年增率;上市股票-日平均成交值-原始值;上市股票-日平均成交值-年增率;加權平均股價指數-原始值;加權平均股價指數-年增率,中央銀行
股票市場統計-股票信用交易,股票市場統計-股票信用交易,10805,股票市場統計-股票信用交易,期間;融資-新增-股數-原始值;融資-新增-股數-年增率;融資-新增-金額-原始值;融資-新增-金額-年增率;融資-償還-股數-原始值;融資-償還-股數-年增率;融資-償還-金額-原始值;融資-償還-金額-年增率;融資-餘額-股數-原始值;融資-餘額-股數-年增率;融資-餘額-金額-原始值;融資-餘額-金額-年增率;融券-新增-股數-原始值;融券-新增-股數-年增率;融券-新增-金額-原始值;融券-新增-金額-年增率;融券-償還-股數-原始值;融券-償還-股數-年增率;融券-償還-金額-原始值;融券-償還-金額-年增率;融券-餘額-股數-原始值;融券-餘額-股數-年增率;融券-餘額-金額-原始值;融券-餘額-金額-年增率,中央銀行
證券劃撥存款,證券劃撥存款,10749,證券劃撥存款包括證券商(自營商)自有資金帳戶、與客戶交割進出帳戶及與交易所交割清算專戶等支存、活存及活期儲蓄存款。,年月;證券劃撥存款月底餘額億元;證券劃撥存款月底增減金額億元;證券劃撥存款旬平均餘額億元;證券劃撥存款旬平均增減金額億元;證券劃撥存款對M1B年增率之貢獻率%;股票市場融資金額月底餘額億元;股票市場成交值日平均億元;股票市場股價指數月平均,中央銀行
證券金融公司資產負債統計表,證券金融公司資產負債統計表,10851,證券金融公司資產負債統計表,期間;放款(證券融資)-原始值;放款(證券融資)-年增率;對非金融機構證券投資-計-原始值;對非金融機構證券投資-計-年增率;對非金融機構證券投資-政府機構-原始值;對非金融機構證券投資-政府機構-年增率;對非金融機構證券投資-公營事業-原始值;對非金融機構證券投資-公營事業-年增率;對非金融機構證券投資-民營事業-原始值;對非金融機構證券投資-民營事業-年增率;對金融機構證券投資-原始值;對金融機構證券投資-年增率;對金融機構債權-原始值;對金融機構債權-年增率;庫存現金-原始值;庫存現金-年增率;資產淨額=負債權益(淨額)-原始值;資產淨額=負債權益(淨額)-年增率;借入款-原始值;借入款-年增率;應付融券價款-原始值;應付融券價款-年增率;存入保證金-原始值;存入保證金-年增率;應付票據-原始值;應付票據-年增率;其他項目(淨額)-原始值;其他項目(淨額)-年增率;資產淨額=負債淨值(淨額)-原始值;資產淨額=負債淨值(淨額)-年增率,中央銀行
警政單位偵破偽造新臺幣鈔券/硬幣案件獎金發給標準,警政單位偵破偽造新臺幣鈔券/硬幣案件獎金發給標準,22133,依據不同案情種類，以及案情輕重、查扣偽鈔/幣數量及偽造逼真程度等因素而定之。,序號;標準種類;緝捕嫌犯;緝獲版模;緝獲印製偽鈔機具;緝獲偽鈔種類或金額;發給獎金數(最低);發給獎金數(最高);緝獲鑄造偽幣機具;緝獲偽幣種類或金額,中央銀行
貨幣市場共同基金資產負債統計表,貨幣市場共同基金資產負債統計表,10765,貨幣市場共同基金資產負債統計表,期間;放款-計-原始值;放款-計-年增率;放款-公營事業-原始值;放款-公營事業-年增率;放款-民間部門-原始值;放款-民間部門-年增率;對非金融機構證券投資-計-原始值;對非金融機構證券投資-計-年增率;對非金融機構證券投資-政府機關-原始值;對非金融機構證券投資-政府機關-年增率;對非金融機構證券投資-公營事業-原始值;對非金融機構證券投資-公營事業-年增率;對非金融機構證券投資-民營企業-原始值;對非金融機構證券投資-民營企業-年增率;外國債券-原始值;外國債券-年增率;對金融機構證券投資-原始值;對金融機構證券投資-年增率;對金融機構債權-原始值;對金融機構債權-年增率;其他資產-原始值;其他資產-年增率;資產合計=負債基金淨值合計-原始值;資產合計=負債基金淨值合計-年增率;基金淨值（持有者別）-計-原始值;基金淨值（持有者別）-計-年增率;基金淨值（持有者別）-外國投資人-原始值;基金淨值（持有者別）-外國投資人-年增率;基金淨值（持有者別）-企業及個人-原始值;基金淨值（持有者別）-企業及個人-年增率;基金淨值（持有者別）-政府機關-原始值;基金淨值（持有者別）-政府機關-年增率;基金淨值（持有者別）-金融機構-原始值;基金淨值（持有者別）-金融機構-年增率;其他負債-原始值;其他負債-年增率,中央銀行
貨幣市場利率,貨幣市場利率,10832,貨幣市場利率,期間;金融業拆款;商業本票-初級市場-1-30天;商業本票-初級市場-31-90天;商業本票-初級市場-91-180天;商業本票-次級市場-1-30天;商業本票-次級市場-31-90天;商業本票-次級市場-91-180天;可轉讓定期存單-次級市場-1-90天;可轉讓定期存單-次級市場-91-180天;銀行承兌匯票-次級市場-1-30天;銀行承兌匯票-次級市場-31-90天;銀行承兌匯票-次級市場-91-180天;國庫券-初級市場-1-91天;國庫券-初級市場-92-182天;國庫券-初級市場-183-364天;國庫券-次級市場-1-30天;國庫券-次級市場-31-91天;國庫券-次級市場-92-182天;公債附條件交易利率-次級市場-1-30天;公債附條件交易利率-次級市場-31-90天;公債附條件交易利率-次級市場-91-180天,中央銀行
貨幣機構各類存款比重(年報),貨幣機構各類存款比重(年報),13646,貨幣機構(含本國銀行、外國及大陸銀行在台分行、信用合作社、農漁會信用部、中華郵政公司儲匯處及貨幣市場共同基金)之各類存款比重。,檔案名稱;網址,中央銀行
貨幣機構資金來源與用途(年報),貨幣機構資金來源與用途(年報),13647,貨幣機構(含本國銀行、外國及大陸銀行在台分行、信用合作社、農漁會信用部、中華郵政公司儲匯處及貨幣市場共同基金)之資金來源與用途。上述資料均包括餘額及比重。,檔案名稱;網址,中央銀行
貨幣總計數,貨幣總計數,6024,貨幣總計數是指將企業及個人所持有之各種不同貨幣性資產加總而得之統計數；一般說來，有狹義與廣義之分，狹義之貨幣總計數(如M1A、M1B)主要偏重於交易媒介功能，如通貨與支票存款、活期(活儲)存款等，而廣義之貨幣總計數(如M2)，則除狹義之貨幣總計數外，尚包括準貨幣，如定期性存款等，較偏重於價值儲藏功能。,期間;貨幣機構以外各部門持有通貨-原始值;貨幣機構以外各部門持有通貨-年增率;存款貨幣-計-原始值;存款貨幣-計-年增率;存款貨幣-支票存款-原始值;存款貨幣-支票存款-年增率;存款貨幣-活期存款-原始值;存款貨幣-活期存款-年增率;存款貨幣-活期儲蓄存款-原始值;存款貨幣-活期儲蓄存款-年增率;準貨幣-計-原始值;準貨幣-計-年增率;準貨幣-定期及定期儲蓄存款-原始值;準貨幣-定期及定期儲蓄存款-年增率;準貨幣-外匯存款-原始值;準貨幣-外匯存款-年增率;準貨幣-郵政儲金-原始值;準貨幣-郵政儲金-年增率;準貨幣-外國人新台幣存款-原始值;準貨幣-外國人新台幣存款-年增率;準貨幣-附買回交易餘額-原始值;準貨幣-附買回交易餘額-年增率;準貨幣- 貨幣市場共同基金等-原始值;準貨幣- 貨幣市場共同基金等-年增率;貨幣總計數 -Ｍ１Ａ-原始值;貨幣總計數 -Ｍ１Ａ-年增率;貨幣總計數 -Ｍ１Ｂ-原始值;貨幣總計數 -Ｍ１Ｂ-年增率;貨幣總計數 -Ｍ２-原始值;貨幣總計數 -Ｍ２-年增率;準貨幣-貨幣市場共同基金等-原始值;準貨幣-貨幣市場共同基金等-年增率;貨幣總計數-Ｍ１Ａ-原始值;貨幣總計數-Ｍ１Ａ-年增率;貨幣總計數-Ｍ１Ｂ-原始值;貨幣總計數-Ｍ１Ｂ-年增率;貨幣總計數-Ｍ２-原始值;貨幣總計數-Ｍ２-年增率,中央銀行
貨幣總計數M1B變動因素分析,貨幣總計數M1B變動因素分析,10755,貨幣總計數M1B變動因素分析,期間;貨幣總計數-Ｍ１Ｂ-原始值;貨幣總計數-Ｍ１Ｂ-年增率;國外資產淨額-原始值;國外資產淨額-年增率;對政府債權-原始值;對政府債權-年增率;對公營事業債權-原始值;對公營事業債權-年增率;對民間部門債權-原始值;對民間部門債權-年增率;準貨幣-原始值;準貨幣-年增率;政府存款-原始值;政府存款-年增率;其他項目(淨額)-原始值;其他項目(淨額)-年增率,中央銀行
貨幣總計數M2變動因素分析,貨幣總計數M2變動因素分析,10756,貨幣總計數M2變動因素分析,期間;廣義貨幣總計數M2-原始值;廣義貨幣總計數M2-年增率;國外資產淨額-原始值;國外資產淨額-年增率;對政府債權-原始值;對政府債權-年增率;對公營事業債權-原始值;對公營事業債權-年增率;對民間部門債權-原始值;對民間部門債權-年增率;政府存款-原始值;政府存款-年增率;其他項目(淨額)-原始值;其他項目(淨額)-年增率,中央銀行
資料開放行動方案,中央銀行資料開放行動方案,28482,"為108年12月修訂之中央銀行資料開放行動方案內容,為開放格式之ODT檔案.",檔案名稱;修訂日期;檔案網址,中央銀行
資料開放諮詢小組會議紀錄,中央銀行資料開放諮詢小組會議紀錄,18434,中央銀行資料開放諮詢小組會議紀錄,會議名稱;日期;時間;地點;主席;出席委員;會議紀錄;簡報;附件,中央銀行
資本市場利率,資本市場利率,10840,資本市場利率,期間;政府公債-3年期;政府公債-5年期;政府公債-7年期;政府公債-10年期;政府公債-15年期;公司債-1年期;公司債-2年期;公司債-3年期;公司債-4年期;公司債-5年期;公司債-6年期;公司債-7年期;公司債-10年期;金融債券-2年期;金融債券-3年期;金融債券-5年期;央行單券-CDs-1年期;央行單券-CDs-2年期;央行單券-SB-1年期;十年期政府公債次級市場利率,中央銀行
資產負債統計表,中央銀行資產負債統計表,6536,中央銀行是貨幣政策的執行機關，因此中央銀行資產負債表的變動與貨幣政策的執行息息相關。,期間;資產合計=負債權益合計-原始值;資產合計=負債權益合計-年增率;國外資產-原始值;國外資產-年增率;對政府放款及墊款-原始值;對政府放款及墊款-年增率;公開市場操作買入有價證券-計-原始值;公開市場操作買入有價證券-計-年增率;公開市場操作買入有價證券-政府機關-原始值;公開市場操作買入有價證券-政府機關-年增率;公開市場操作買入有價證券-公營事業-原始值;公開市場操作買入有價證券-公營事業-年增率;公開市場操作買入有價證券-民營企業-原始值;公開市場操作買入有價證券-民營企業-年增率;公開市場操作買入有價證券-金融機構-原始值;公開市場操作買入有價證券-金融機構-年增率;對金融機構債權-計-原始值;對金融機構債權-計-年增率;對金融機構債權-其他貨幣機構-原始值;對金融機構債權-其他貨幣機構-年增率;對金融機構債權-其他貨幣機構-本國銀行-原始值;對金融機構債權-其他貨幣機構-本國銀行-年增率;對金融機構債權-信託投資公司-原始值;對金融機構債權-信託投資公司-年增率;庫存現金-原始值;庫存現金-年增率;其他資產-原始值;其他資產-年增率;國外負債-原始值;國外負債-年增率;通貨發行額-原始值;通貨發行額-年增率;政府存款-計-原始值;政府存款-計-年增率;政府存款-經理國庫存款-原始值;政府存款-經理國庫存款-年增率;政府存款-機關存款-原始值;政府存款-機關存款-年增率;金融機構存款-準備性存款-原始值;金融機構存款-準備性存款-年增率;金融機構存款-其他存款-國庫存款轉存款-原始值;金融機構存款-其他存款-國庫存款轉存款-年增率;金融機構存款-其他存款-定期存款轉存款-原始值;金融機構存款-其他存款-定期存款轉存款-年增率;金融機構存款-其他存款-郵政儲金轉存款-原始值;金融機構存款-其他存款-郵政儲金轉存款-年增率;金融機構存款-其他存款-其他-原始值;金融機構存款-其他存款-其他-年增率;央行發行單券-國庫券-原始值;央行發行單券-國庫券-年增率;央行發行單券-定期存單-原始值;央行發行單券-定期存單-年增率;央行發行單券-儲蓄券-原始值;央行發行單券-儲蓄券-年增率;其他負債-原始值;其他負債-年增率;權益-原始值;權益-年增率,中央銀行
資金流量表,資金流量表,7236,資金流量表係統計特定期間各經濟部門的資金來源及資金用途，揭露部門間融通的交易訊息。,,中央銀行
跨行業務參加金融機構一覽表,跨行業務參加金融機構一覽表,13681,提供民眾查詢各項跨行業務參加金融機構資訊(財金資訊公司),業務別;銀行代號/BIC;金融機構名稱,中央銀行
跨行自動化服務機器業務(國際卡)參加金融機構一覽表,跨行自動化服務機器業務(國際卡)參加金融機構一覽表,13685,提供民眾查詢參加國際卡在台提款金融機構資訊(財金資訊公司),銀行代號;金融機構名稱,中央銀行
跨行自動化服務機器業務(金融卡)參加金融機構一覽表,跨行自動化服務機器業務(金融卡)參加金融機構一覽表,13684,提供民眾查詢參加ATM業務(金融卡)金融機構資訊(財金資訊公司),銀行代號;金融機構名稱,中央銀行
跨行通匯業務參加金融機構一覽表,跨行通匯業務參加金融機構一覽表,13682,提供民眾查詢參加跨行通匯業務金融機構資訊(財金資訊公司),匯款類別;銀行代號;銀行名稱,中央銀行
辦理人民申請提供政府資訊案件統計,中央銀行辦理人民申請提供政府資訊案件統計,11073,中央銀行辦理人民申請提供政府資訊案件統計,機關;年度;季別;檔案應用本季已辦結之申請提供政府資訊案件總數;其他政府資訊本季已辦結之申請提供政府資訊案件總數;檔案應用申請內容全部核准案件數;其他政府資訊申請內容全部核准案件數;檔案應用申請內容部分核准案件數;其他政府資訊申請內容部分核准案件數;檔案應用申請內容全部駁回案件數;其他政府資訊申請內容全部駁回案件數,中央銀行
辦理國庫及公債業務金融機構及證券商單位統計表,辦理國庫及公債業務金融機構及證券商單位統計表,13657,統計中央公債交易商、實體公債還本付息經辦行、中央登錄債券清算銀行經辦行及國庫經辦行家數,檔案名稱;網址,中央銀行
辦理外匯業務金融機構分支單位統計表,辦理外匯業務金融機構分支單位統計表,13656,統計金融機構辦理外匯業務、買賣外幣現鈔及旅行支票業務之家數,檔案名稱;網址,中央銀行
農漁會信用部資產負債統計表,農漁會信用部資產負債統計表,10761,農漁會信用部資產負債統計表,期間;資產合計=負債權益合計-原始值;資產合計=負債權益合計-年增率;放款-原始值;放款-年增率;對非金融機構證券投資-計-原始值;對非金融機構證券投資-計-年增率;對非金融機構證券投資-政府機關-原始值;對非金融機構證券投資-政府機關-年增率;對非金融機構證券投資-公營事業-原始值;對非金融機構證券投資-公營事業-年增率;對非金融機構證券投資-民營企業-原始值;對非金融機構證券投資-民營企業-年增率;對金融機構證券投資-原始值;對金融機構證券投資-年增率;對金融機構債權-中央銀行-原始值;對金融機構債權-中央銀行-年增率;對金融機構債權-其他貨幣機構-原始值;對金融機構債權-其他貨幣機構-年增率;對金融機構債權-人壽保險公司等-原始值;對金融機構債權-人壽保險公司等-年增率;庫存現金-原始值;庫存現金-年增率;其他資產-原始值;其他資產-年增率;企業及個人存款-計-原始值;企業及個人存款-計-年增率;企業及個人存款-支票存款-原始值;企業及個人存款-支票存款-年增率;企業及個人存款-活期存款-原始值;企業及個人存款-活期存款-年增率;企業及個人存款-活期儲蓄存款-原始值;企業及個人存款-活期儲蓄存款-年增率;企業及個人存款-定期存款-原始值;企業及個人存款-定期存款-年增率;企業及個人存款-定期儲蓄存款-原始值;企業及個人存款-定期儲蓄存款-年增率;政府存款-原始值;政府存款-年增率;對金融機構負債-其他貨幣機構-原始值;對金融機構負債-其他貨幣機構-年增率;對金融機構負債-人壽保險公司等-原始值;對金融機構負債-人壽保險公司等-年增率;其他負債-原始值;其他負債-年增率;權益-原始值;權益-年增率,中央銀行
重要金融指標,重要金融指標,10746,重要金融指標,期間;貨幣機構存款-合計-期底餘額;貨幣機構存款-合計-年增率;貨幣機構存款-企業及個人存款-活期性存款-期底餘額;貨幣機構存款-企業及個人存款-活期性存款-年增率;貨幣機構存款-企業及個人存款-定期及定期儲蓄存款-期底餘額;貨幣機構存款-企業及個人存款-定期及定期儲蓄存款-年增率;貨幣機構存款-企業及個人存款-外匯存款-期底餘額;貨幣機構存款-企業及個人存款-外匯存款-年增率;貨幣機構存款-郵政儲金-期底餘額;貨幣機構存款-郵政儲金-年增率;貨幣機構存款-外國人新台幣存款-期底餘額;貨幣機構存款-外國人新台幣存款-年增率;貨幣機構存款-附買回交易餘額及貨幣市場共同基金-期底餘額;貨幣機構存款-附買回交易餘額及貨幣市場共同基金-年增率;貨幣機構存款-政府存款-期底餘額;貨幣機構存款-政府存款-年增率;貨幣機構放款與投資(性質別)-合計-期底餘額;貨幣機構放款與投資(性質別)-合計-年增率;貨幣機構放款與投資(性質別)-放款-期底餘額;貨幣機構放款與投資(性質別)-放款-年增率;貨幣機構放款與投資(性質別)-對非金融機構證券投資-期底餘額;貨幣機構放款與投資(性質別)-對非金融機構證券投資-年增率;主要金融機構放款與投資對象別-合計-期底餘額;主要金融機構放款與投資對象別-合計-年增率;主要金融機構放款與投資對象別-對政府債權-期底餘額;主要金融機構放款與投資對象別-對政府債權-年增率;主要金融機構放款與投資對象別-對公營事業債權-期底餘額;主要金融機構放款與投資對象別-對公營事業債權-年增率;主要金融機構放款與投資對象別-對民間部門債權-期底餘額;主要金融機構放款與投資對象別-對民間部門債權-年增率,中央銀行
金融健全參考指標,金融健全參考指標,9475,"依據國際貨幣基金發布之「金融健全指標」(Financial Soundness Indicators, FSIs)編製",年;資產報酬率;權益報酬率;利息淨收益/淨收益;非利息費用/淨收益;金融工具淨損益/淨收益;員工福利/非利息費用;放款及存款利差(百分點);逾期放款/放款總額;備抵呆帳覆蓋率;自有資本/風險性資產;第1類資本/風險性資產;普通股權益第1類資本/風險性資產;權益/資產;逾期放款扣除特定損失準備後淨額/權益;槓桿比率;存款總額/放款總額;流動資產/資產總額;流動資產/短期負債;流動性覆蓋比率;個人放款/放款總額;企業放款/放款總額;大額暴險/權益;衍生性金融商品總資產部位/權益;衍生性金融商品總負債部位/權益;外幣淨部位/權益;外幣放款/放款總額;權益證券淨部位/權益;外幣負債/負債總額;上市公司負債/權益;上櫃公司負債/權益;上市公司權益報酬率;上櫃公司權益報酬率;上市公司稅前息前淨利/利息費用;上櫃公司稅前息前淨利/利息費用;家庭借款/GDP;應還本付息金額/可支配所得總額;都市地價總指數;住宅不動產放款/放款總額;商業不動產放款/放款總額;上市股票市場累計成交值週轉率;債券市場平均月週轉率,中央銀行
金融健全參考指標-不動產市場,金融健全參考指標－不動產市場,23854,不動產市場之都市地價變化、本國銀行放款集中於住宅不動產及商用不動產放款之情形等指標。,年;都市地價總指數;住宅不動產放款/放款總額;商業不動產放款/放款總額,中央銀行
金融健全參考指標-企業部門,金融健全參考指標－企業部門,23852,企業部門之槓桿比率、獲利能力及利息保障倍數等指標。,年;上市公司負債/權益(%);上櫃公司負債/權益(%);上市公司權益報酬率(%);上櫃公司權益報酬率(%);上市公司稅前息前淨利/利息費用(倍數);上櫃公司稅前息前淨利/利息費用(倍數),中央銀行
金融健全參考指標-家庭部門,金融健全參考指標－家庭部門,23853,家庭部門借款相對GDP水準及償債能力等指標。,年;家庭借款/GDP;應還本付息金額/可支配所得總額,中央銀行
金融健全參考指標-市場流動性,金融健全參考指標－市場流動性,23855,股票市場及債券市場流動性等指標。,年;上市股票市場累計成交值週轉率;債券市場平均月週轉率,中央銀行
金融健全參考指標-本國銀行,金融健全參考指標－本國銀行,23851,本國銀行之盈餘及獲利能力、資產品質、資本適足性、流動性、信用風險集中度及市場風險敏感性等指標。,季;資產報酬率;權益報酬率;利息淨收益/淨收益;非利息費用/淨收益;金融工具淨損益/淨收益;員工福利/非利息費用;放款及存款利差;逾期放款/放款總額;備抵呆帳覆蓋率;自有資本/風險性資產;第1類資本/風險性資產;普通股權益第1類資本/風險性資產;權益/資產;逾期放款扣除特定損失準備後淨額/權益;槓桿比率;存款總額/放款總額;流動資產/資產總額;流動資產/短期負債;合格高品質流動性資產總額/淨現金流出總額;個人放款/放款總額;企業放款/放款總額;大額暴險/權益;衍生性金融商品總資產部位/權益;衍生性金融商品總負債部位/權益;外幣淨部位/權益;外幣放款/放款總額;權益證券淨部位/權益;外幣負債/負債總額,中央銀行
金融卡消費購物特約商店位置檔案,金融卡消費購物特約商店位置檔案,24315,提供民眾查詢持金融卡可消費購物特約商店位置資訊(財金資訊公司),特店名稱;郵遞區號;地址,中央銀行
金融性資產負債餘額表,金融性資產負債餘額表,7237,金融性資產負債餘額表係記載每年年底各部門金融性資產負債之餘額。,,中央銀行
金融業拆款利率,金融業拆款利率,10808,金融業拆款利率,期間;隔夜-加權平均-原始值;隔夜-最高-原始值;隔夜-最低-原始值;1週-最高-原始值;1週-最低-原始值;2週-最高-原始值;2週-最低-原始值;3週-最高-原始值;3週-最低-原始值;1個月-最高-原始值;1個月-最低-原始值;２－６個月-最高-原始值;２－６個月-最低-原始值;７個月－１年-最高-原始值;７個月－１年-最低-原始值;合計-最高-原始值;合計-最低-原始值,中央銀行
金融業拆款市場交易結構-按機構別(年報),金融業拆款市場交易結構─按機構別(年報),13645,按不同機構(本國銀行、外國及大陸銀行在台分行、票券金融公司、中華郵政公司儲匯處)區分之金融業拆款市場交易比重。,檔案名稱;網址,中央銀行
金融業拆款統計表-拆款金額期限別,金融業拆款統計表-拆款金額期限別,10809,金融業拆款統計表-拆款金額期限別,期間;拆進合計=拆出合計-原始值;拆進合計=拆出合計-年增率;本國銀行-拆進金額-原始值;本國銀行-拆進金額-年增率;本國銀行-拆出金額-原始值;本國銀行-拆出金額-年增率;外國銀行在台分行-拆進金額-原始值;外國銀行在台分行-拆進金額-年增率;外國銀行在台分行-拆出金額-原始值;外國銀行在台分行-拆出金額-年增率;信託投資公司-拆進金額-原始值;信託投資公司-拆進金額-年增率;信託投資公司-拆出金額-原始值;信託投資公司-拆出金額-年增率;票券金融公司-拆進金額-原始值;票券金融公司-拆進金額-年增率;票券金融公司-拆出金額-原始值;票券金融公司-拆出金額-年增率;中華郵政公司-拆進金額-原始值;中華郵政公司-拆進金額-年增率;中華郵政公司-拆出金額-原始值;中華郵政公司-拆出金額-年增率;信用合作社-拆進金額-原始值;信用合作社-拆進金額-年增率;信用合作社-拆出金額-原始值;信用合作社-拆出金額-年增率,中央銀行
金融業拆款統計表-拆款金額機構別,金融業拆款統計表-拆款金額機構別,10810,金融業拆款統計表-拆款金額機構別,期間;拆進合計=拆出合計-原始值;拆進合計=拆出合計-年增率;本國銀行-拆進餘額-原始值;本國銀行-拆進餘額-年增率;本國銀行-拆出餘額-原始值;本國銀行-拆出餘額-年增率;外國銀行在台分行-拆進餘額-原始值;外國銀行在台分行-拆進餘額-年增率;外國銀行在台分行-拆出餘額-原始值;外國銀行在台分行-拆出餘額-年增率;信託投資公司-拆進餘額-原始值;信託投資公司-拆進餘額-年增率;信託投資公司-拆出餘額-原始值;信託投資公司-拆出餘額-年增率;票券金融公司-拆進餘額-原始值;票券金融公司-拆進餘額-年增率;票券金融公司-拆出餘額-原始值;票券金融公司-拆出餘額-年增率;中華郵政公司-拆進餘額-原始值;中華郵政公司-拆進餘額-年增率;中華郵政公司-拆出餘額-原始值;中華郵政公司-拆出餘額-年增率;信用合作社-拆進餘額-原始值;信用合作社-拆進餘額-年增率;信用合作社-拆出餘額-原始值;信用合作社-拆出餘額-年增率,中央銀行
金融業拆款統計表-拆款餘額期限別,金融業拆款統計表-拆款餘額期限別,10811,金融業拆款統計表-拆款餘額期限別,期間;合計-原始值;合計-年增率;隔夜-原始值;隔夜-年增率;１週-原始值;１週-年增率;２週-原始值;２週-年增率;３週-原始值;３週-年增率;１個月-原始值;１個月-年增率;２－６個月-原始值;２－６個月-年增率;７個月－１年-原始值;７個月－１年-年增率,中央銀行
金融業拆款統計表-拆款餘額機構別,金融業拆款統計表-拆款餘額機構別,10812,金融業拆款統計表-拆款餘額機構別,期間;合計-原始值;合計-年增率;隔夜-原始值;隔夜-年增率;１週-原始值;１週-年增率;２週-原始值;２週-年增率;３週-原始值;３週-年增率;１個月-原始值;１個月-年增率;２－６個月-原始值;２－６個月-年增率;７個月－１年-原始值;７個月－１年-年增率,中央銀行
金融業隔夜拆款利率,金融業隔夜拆款利率,6023,金融業間通常以同業拆款方式進行資金調度，以因應日常營運週轉金及維持法定準備金之需要。「金融業拆款中心」揭示每日之隔夜拆款加權平均利率，係貨幣市場重要短期利率指標。,日期;利率,中央銀行
金融機構一覽表,金融機構一覽表,10814,金融機構一覽表,檔案名稱;網址,中央銀行
金融機構使用本行日間透支系統交易量(總數)統計,金融機構使用本行日間透支系統交易量(總數)統計,25477,全體金融機構使用日間透支每月概況,年/Year;月/Month;積數/Product of the amount and number of minutes;透支息總額/Intraday overdrafts interest(NTD),中央銀行
金融機構流動準備計提情形,金融機構流動準備計提情形,20467,依據「金融機構流動性查核要點」，金融機構須按日計算流動準備比率，且不得低於最低應提流動準備比率。,日期;超額準備;超額準備比重;金融業互拆淨借差;互拆淨借差比重;轉存指定行庫轉存款;轉存款比重;央行定期存單;央行存單比重;公債;公債比重;國庫券;國庫券比重;金融債券;金融債券比重;商業本票;商業本票比重;公司債;公司債比重;其他;其他比重;實際流動準備合計;本國銀行實際流動準備;本國銀行流動比率;外國銀行在台分行實際流動準備;外國銀行在台分行流動比率;農業金融機構實際流動準備;農業金融機構流動比率;信用合作社實際流動準備;信用合作社流動比率;全體金融機構實際流動準備合計;全體金融機構流動比率,中央銀行
金融機構準備金,金融機構準備金,10815,金融機構準備金,期間;應提準備之存款合計-原始值;應提準備之存款合計-年增率; 應提準備-原始值; 應提準備-年增率;實際準備-合計-原始值;實際準備-合計-年增率;實際準備-存放央行-原始值;實際準備-存放央行-年增率;實際準備-存放其他行庫-原始值;實際準備-存放其他行庫-年增率;實際準備-庫存現金-原始值;實際準備-庫存現金-年增率;超額準備-原始值;超額準備-年增率;由央行融通-原始值;由央行融通-年增率,中央銀行
金融機構牌告存放款利率,金融機構牌告存放款利率,9464,各銀行牌告之活期存款、活期儲蓄存款、定期存款、定期儲蓄存款、指數房貸指標利率、基準利率等各項利率。(當日資料),0資料日期;1金融機構代號;2金融機構名稱;3牌告利率項目;4牌告利率名稱;5存期起日;6存期迄日;7存期中文;8額度代碼;9額度代碼中文;10生效日期;11生效時間;12固定利率(2位整數/3位小數);13機動利率(2位整數/3位小數),中央銀行
金融機構總分支單位統計表,金融機構總分支單位統計表,13652,統計銀行、基層金融機構、票券金融公司、證券金融公司、保險公司及金融控股公司之合計總分支單位家數,金融機構類別;地區;總機構;OBU(OIU);分行(分公司);辦事處(支行);兼營證券商;子公司;分支機構合計,中央銀行
銀行存放央行準備金乙戶利率,銀行存放央行準備金乙戶利率,20470,以存款來源區分源自活期性存款利率及源自定期性存款利率,調整日期;乙戶利率;源自活期性存款;源自定期性存款,中央銀行
銀行業利率,銀行業利率,10847,銀行業利率,,中央銀行
銀行衍生性金融商品交易量內容分析圖,銀行衍生性金融商品交易量內容分析圖,13669,彙整本國銀行、外國銀行在台分行及大陸地區銀行在台分行每月申報之衍生性交易量，區分幣別及銀行類別交易量比重,檔案名稱;網址,中央銀行
銀行衍生性金融商品交易量統計,銀行衍生性金融商品交易量統計,11051,彙整本國銀行、外國銀行在台分行及大陸地區銀行在台分行每月申報AI701/BI701/DI701至金管會單一申報窗口資料,期間;一、利率有關契約(InterestRateContracts);(一)利率有關契約店頭市場(OTC);1.利率有關契約店頭市場遠期利率協議(FRA);2.利率有關契約店頭市場換利(IRS);3.利率有關契約店頭市場買入選擇權(BoughtOptions);4.利率有關契約店頭市場賣出選擇權(SoldOptions);(二)利率有關契約交易所(Exchange-tradedContracts);1.利率有關契約交易所期貨-長部位(Futures-LongPositions);2.利率有關契約交易所期貨-短部位(Futures-ShortPositions);3.利率有關契約交易所買入選擇權(BoughtOptions);4.利率有關契約交易所賣出選擇權(SoldOptions);二、匯率有關契約(ForeignExchangeTransactions);(一)匯率有關契約店頭市場(OTC);1.匯率有關契約店頭市場遠期契約(OutrightForwards);2.匯率有關契約店頭市場換匯(FxSwaps);3.匯率有關契約店頭市場換匯換利(CurrencySwaps);4.匯率有關契約店頭市場買入選擇權(BoughtOptions);5.匯率有關契約店頭市場賣出選擇權(SoldOptions);(二)匯率有關契約交易所(Exchange-tradedContracts);1.匯率有關契約交易所期貨-長部位(Futures-LongPositions);2.匯率有關契約交易所期貨-短部位(Futures-ShortPositions);3.匯率有關契約交易所買入選擇權(BoughtOptions);4.匯率有關契約交易所賣出選擇權(SoldOptions);三、權益證券有關契約(Equity-linkedContracts);(一)權益證券有關契約店頭市場(OTC);(二)權益證券有關契約交易所(Exchange-tradedContracts);四、商品有關契約(CommodityContracts);(一)商品有關契約店頭市場(OTC);(二)商品有關契約交易所(Exchange-tradedContracts);小計(一至四);五、信用有關契約(CreditContracts);1.信用違約交換(CreditDefaultSwap);2.買入信用違約選擇權(BoughtCreditDefaultOptions);3.賣出信用違約選擇權(SoldCreditDefaultOptions);4.其他(Other);六、其他有關契約(OtherContracts);1.遠期契約(OutrightForwards);2.交換(Swaps);3.選擇權(Options);總計,中央銀行
銀行衍生性金融商品交易量統計圖,銀行衍生性金融商品交易量統計圖,13668,彙整本國銀行、外國銀行在台分行及大陸地區銀行在台分行每月申報之衍生性交易量之各期趨勢圖,檔案名稱;網址,中央銀行
銀行衍生性金融商品交易量統計彙總表,銀行衍生性金融商品交易量統計彙總表,10844,彙整本國銀行、外國銀行在台分行及大陸地區銀行在台分行每月申報AI701/BI701/DI701至金管會單一申報窗口資料,商品種類;涉及新臺幣交易;純外幣交易;合計;比重,中央銀行
銀行衍生性金融商品名目本金餘額內容分析圖,銀行衍生性金融商品名目本金餘額內容分析圖,13671,彙整本國銀行、外國銀行在台分行及大陸地區銀行在台分行每月申報之衍生性金融商品名目本金餘額商品內容及銀行類別比重,檔案名稱;網址,中央銀行
銀行衍生性金融商品名目本金餘額統計,銀行衍生性金融商品名目本金餘額統計,10845,彙整本國銀行、外國銀行在台分行及大陸地區銀行在台分行申報AI705/BI705/DI705至金管會單一申報窗口資料,1.月底;利率有關契約交易目的;利率有關契約非交易目的;匯率有關契約交易目的;匯率有關契約非交易目的;權益證券有關契約交易目的;權益證券有關契約非交易目的;商品有關契約交易目的;商品有關契約非交易目的;信用有關契約交易目的;信用有關契約非交易目的;其他有關契約交易目的;其他有關契約非交易目的;2.月底;店頭市場利率契約遠期契約;店頭市場利率契約交換;店頭市場利率契約買入選擇權;店頭市場利率契約賣出選擇權;交易所利率契約期貨-長部位;交易所利率契約期貨-短部位;交易所利率契約買入選擇權;交易所利率契約賣出選擇權;3.月底;店頭市場匯率契約遠期契約;店頭市場匯率契約交換;店頭市場匯率契約買入選擇權;店頭市場匯率契約賣出選擇權;交易所匯率契約期貨-長部位;交易所匯率契約期貨-短部位;交易所匯率契約買入選擇權;交易所匯率契約賣出選擇權;4.月底;店頭市場權益契約遠期契約;店頭市場權益契約交換;店頭市場權益契約買入選擇權;店頭市場權益契約賣出選擇權;交易所權益契約期貨-長部位;交易所權益契約期貨-短部位;交易所權益契約買入選擇權;交易所權益契約賣出選擇權;5.月底;店頭市場商品契約遠期契約;店頭市場商品契約交換;店頭市場商品契約買入選擇權;店頭市場商品契約賣出選擇權;交易所商品契約期貨-長部位;交易所商品契約期貨-短部位;交易所商品契約買入選擇權;交易所商品契約賣出選擇權;6.月底;店頭市場信用契約遠期契約;店頭市場信用契約交換;店頭市場信用契約買入選擇權;店頭市場信用契約賣出選擇權;交易所信用契約期貨-長部位;交易所信用契約期貨-短部位;交易所信用契約買入選擇權;交易所信用契約賣出選擇權;7.月底;店頭市場其他契約遠期契約;店頭市場其他契約交換;店頭市場其他契約買入選擇權;店頭市場其他契約賣出選擇權;交易所其他契約期貨-長部位;交易所其他契約期貨-短部位;交易所其他契約買入選擇權;交易所其他契約賣出選擇權,中央銀行
銀行衍生性金融商品名目本金餘額統計圖,銀行衍生性金融商品名目本金餘額統計圖,13670,彙整本國銀行、外國銀行在台分行及大陸地區銀行在台分行每月申報之衍生性金融商品名目本金餘額之各期趨勢圖,檔案名稱;網址,中央銀行
銀行衍生性金融商品名目本金餘額統計彙總表,銀行衍生性金融商品名目本金餘額統計彙總表,10846,彙整本國銀行、外國銀行在台分行及大陸地區銀行在台分行申報金管會單一申報窗口AI705/BI705/DI705資料,項<br>目;一、名目本金餘額;(一)店頭市場(OTC);1.遠期契約(Forwards);2.交換(Swaps);3.買入選擇權(Bought Options);4.賣出選擇權(Sold Options);(二)交易所(Exchange-traded Contracts);a.期貨-長部位(Futures - Long Positions);b.期貨-短部位(Futures -Short<br>Positions);c.買入選擇權(Bought Options);d.賣出選擇權(Sold Options);二、名目本金餘額;(一)交易目的之契約總額;(二)非交易目的之契約總額,中央銀行
銀行辦理人民幣業務概況,銀行辦理人民幣業務概況,9474,依各外匯指定銀行及國際金融業務分行編送人民幣相關報表彙編,資料年月;DBU存款餘額小計(不含NCD);OBU存款餘額小計(不含NCD);存款餘額小計(不含NCD);DBU可轉讓定期存單(NCD)餘額;OBU可轉讓定期存單(NCD)餘額;可轉讓定期存單(NCD)餘額總計;DBU存款餘額總計(含NCD);OBU存款餘額總計(含NCD);存款餘額總計(含NCD);DBU貼現及放款餘額;OBU貼現及放款餘額;貼現及放款餘額總計;DBU匯款總額;OBU匯款總額;匯款總額合計,中央銀行
銀行間市場新臺幣對美元收盤匯率,銀行間市場新臺幣對美元收盤匯率,7232,1.日資料:每一營業日新臺幣對美元銀行間成交之收盤匯率。(資料來源：台北外匯經紀股份有限公司) 2.月資料:當月每一營業日新臺幣對美元銀行間成交之收盤匯率資料之平均值(幾何平均)。 3.年資料:當年銀行間市場新臺幣對美元收盤匯率月資料之平均值(幾何平均)。,日期;NTD/USD;西元年月;西元年,中央銀行
間接金融年增率,間接金融年增率,10834,間接金融年增率,期間;全體貨幣機構放款與投資;間接金融;調整後間接金融,中央銀行
預算報表,中央銀行預算報表,10843,中央銀行預算報表,SEQNO;LEVEL;BOLD;前年度決算數-金額;前年度決算數-百分比;科目名稱;科目編號;本年度預算數-金額;本年度預算數-百分比;上年度預算數-金額;上年度預算數-百分比;比較增減-金額;比較增減-百分比;項目名稱;項目編號;預算數;說明,中央銀行
