(移民署)與各國簽署有關移民事務、防制人口販運或互惠使用自動通關合作瞭解備忘錄(協定),['104817']
100公尺網格數值地形模型資料,['7507']
110聽語障人士簡訊及傳真報案專線,['7916']
119聽語障人士簡訊及傳真報案專線,['7917']
15歲以上人口識字情形,['14246']
15歲以上人口高等教育程度,['14219']
15歲以上婚姻狀況,['9597']
15歲以上教育程度,"['14220', '14221', '14222']"
15歲以上現住人口,['32944']
15歲以上現住人口按性別、年齡、婚姻狀況及教育程度分(含同婚),['117988']
15歲以上現住原住民人口數,['32942']
165反詐騙諮詢專線-詐騙LINE ID,['78432']
165反詐騙諮詢專線-詐騙闢謠專區,['38262']
1996內政服務熱線常見問題(QA),['11838']
1級發布區圖,['20597']
20公尺網格數值地形模型資料,['35430']
2級發布區圖,['20598']
2階段常備兵役軍事訓練統計,['23790']
TGOS MAP API Lite(Web),['31960']
e-GNSS即時動態定位系統衛星基準站所在地點,['9406']
「區域計畫委員會」委員名冊,['21202']
「建築節能與綠廳舍改善補助計畫」各縣市歷年之受補助單位及金額一覽表,['24566']
「既有建築物智慧化改善工作」公有建築物受補助單位名稱及金額一覽表,['24715']
「智慧綠建築網站」最新消息,['21927']
「都市計畫委員會」委員名冊,['21216']
一般土地徵收辦理筆數與面積,['13905']
一般替代役分發人數統計表,['23791']
一般替代役各梯次分發需用機關人數,['14285']
一般替代役各梯次徵集分發統計表,['23843']
一般替代役役男年終工作獎金發放統計表,['23799']
一般替代役役男服役期間服裝配賦數量表,['130361']
一般替代役役男薪給及主副食費發放統計表,['23797']
不動產經紀人訓練機構,['25117']
不動產經紀業備查資料,['25114']
不動產經紀業設立分處所資料,['127644']
不動產經紀營業員訓練機構,['25247']
中央各機關遊說窗口,['32934']
中央政府所轄人民團體,['14170']
中央災害應變中心目前開設的專案及成立情形,['12848']
中央警察大學-主管補助縣市政府、團體及個人之獎補助經費季報表,['44833']
中央警察大學刑事警察學系專任教師職位分布表,['126782']
中央警察大學外事警察學系教師人數統計表,['126789']
中央警察大學學士班制招生複試體檢結果統計,['126772']
中央警察大學學士班制歷年最低錄取分數,['126771']
中央警察大學學士班制歷年最低錄取分數落點分析,['68626']
中央警察大學學生概況,['14174']
中央警察大學學生總隊實習總隊幹部聯絡一覽表,['127461']
中央警察大學年度參訪統計表,['127460']
中央警察大學年度各班期報考人數統計表,['8661']
中央警察大學年度單位決算,['17310']
中央警察大學年度招生考試複試體檢指定醫院,['8662']
中央警察大學年度法定預算,['12405']
中央警察大學年度預算案,['12415']
中央警察大學招生簡章,['18800']
中央警察大學推廣教育訓練中心警職人員進修結訓人數一覽表,['126792']
中央警察大學教科書一覽表,['73236']
中央警察大學會計報告,['17295']
中央警察大學校長信箱存查案件數統計,['126778']
中央警察大學歷屆考題,['18799']
中央警察大學歷年汽機車安全駕駛訓練人數統計表,['126776']
中央警察大學歷年研討會,['73255']
中央警察大學水上警察學系動力小船訓練參訓及通過人數統計表,['126799']
中央警察大學法律學系專任教師資訊,['126798']
中央警察大學犯罪防治學系暨研究所學生總數,['126773']
中央警察大學畢業人數,['14173']
中央警察大學行政管理學系教師人數統計表,['126784']
中央警察大學行政警察學系專任教師職位分布表,['126779']
中央警察大學警學知識庫論文清單,['126781']
中央警察大學警察科技學院歷年各系所學生與老師比例,['126797']
中央警察大學警政管理學院歷年各系所學生與老師比例,['126777']
中央警察大學鑑識科學學系教師執行計畫數統計表,['126793']
中央警察大學鑑識科學研究委員會接受委託鑑定案件數統計,['126800']
中央都市更新基金會計月報,['19374']
中央都市更新基金決算,['21012']
中央都市更新基金法定預算,['21057']
中部辦公室審議案件情形,['21199']
主動通知繼承人申辦繼承登記統計數,['112825']
主管補助縣市政府、團體及個人之獎補助經費季報表,['106562']
主管辦理政策宣導相關廣告執行情形季報表,"['68639', '106564']"
交通災情通報表(救災準備之人力、機具),['77356']
交通災情通報表(施工中工程災害及其他),['77353']
交通災情通報表(港埠及海運部分),['77351']
交通災情通報表(航空部分),['77357']
交通災情通報表(觀光部分),['77358']
交通災情通報表(道路、橋梁部分),['77182']
交通災情通報表(郵政部分),['77352']
交通災情通報表(鐵路部分),['77183']
人口增加,['14223']
人口數3段年齡組,['14224']
人口數單齡組,['14226']
人口數性別概況,['14225']
人口死亡數,['32949']
人口死亡數按死亡者性別及死亡地點分(按登記),['127529']
人行道,['58791']
他項權利檔其他擔保範圍約定類別代碼,['106244']
他項權利檔利息_地租類別及遲延利息類別_違約金類別代碼,['103174']
他項權利檔存續期間類別代碼,['103178']
他項權利檔擔保債權確定期日類別代碼,['106242']
他項權利檔擔保債權種類及範圍類別代碼,['103173']
他項權利檔權利價值類別代碼,['103180']
他項權利檔清償日期類別代碼,['103176']
代碼服務-地段清單,['102010']
代碼服務-村里清單,['102017']
代碼服務-縣市清單,['101905']
代碼服務-鄉鎮市區清單(地政),['102013']
代碼服務-鄉鎮市區清單(戶政),['102011']
代辦役男徵兵檢查人數統計表,['68655']
住宅建設下載專區,['21232']
住宅補貼辦理概況,['73250']
依賴人口比率,['14229']
債權權利範圍類別代碼,['103183']
傷殘退伍退役全半癱人員生活協助實施成果表,['23800']
僑民役男列管情形統計表,['94971']
僑民役男網路申請出國核准年報表,['85652']
優良綠建築,['22125']
入出國日期證明書查詢下載年報表,['85590']
入境人數,"['9062', '9063']"
內政專業獎章頒給名冊,['103364']
全國各直轄市及縣(市)政府設置替代役備役役男勤務編組管理中心數量統計表,['94978']
全國各級優等合作社,['45436']
全國各縣市公共污水處理廠,['26496']
全國各警察機關核發警察刑事紀錄證明文件統計表,['42520']
全國各鄉鎮市區前2十大姓人口數,['42518']
全國地區市地重劃成果統計表,['112823']
全國地區辦理中市地重劃統計表,['112826']
全國地政事務所之收件字代碼,['103184']
全國地政事務所代碼,['103188']
全國完成農地重劃地區數及面積,['25092']
全國宗教資訊系統資料-基金會,['8205']
全國宗教資訊系統資料-宗教獲獎事蹟,['8210']
全國宗教資訊系統資料-宗祠,['8206']
全國宗教資訊系統資料-宗祠基金會,['8208']
全國宗教資訊系統資料-寺廟,['8203']
全國宗教資訊系統資料-寺廟(RDF),['8672']
全國宗教資訊系統資料-慶(祭)典,['8209']
全國宗教資訊系統資料-法人教會,['8204']
全國宗教資訊網-績優外籍人士名冊,['32172']
全國已公告區段徵收案件統計,['127668']
全國已核定區段徵收地區統計,['127667']
全國已辦理完成區段徵收成果統計,['25095']
全國役政單位資料,['8218']
全國性人民團體名冊,['13603']
全國性及臺灣區工商暨自由職業團體工作評鑑結果,['25109']
全國性宗教財團法人董事長性別統計,['118497']
全國性宗教財團法人許可設立年度及數量,['103720']
全國性宗教財團法人財務實地查核慨況,['103719']
全國性政治團體名冊,['32192']
全國性社會團體工作評鑑結果,['45434']
全國村里長團體傷害保險投保人數統計,['103357']
全國海嘯警報臺地址座標資訊,['34102']
全國火災次數起火原因及火災損失統計資料表,['8562']
全國級、省級甲等合作社,['45440']
全國級合作社清冊,['24809']
全國義消人數統計,['46749']
全國路名資料,['35321']
全國軍人忠靈祠位址,['68634']
全年居留國外之有戶籍國民與全年居留國內之外來人口,['13500']
全民督工案件統計表,['129995']
全球資訊網站「主影像及內政記事本」部次長核定主題彙整表,['68647']
全臺灣及部分離島20公尺網格DTM資料,['103884']
公共行政役專長甄選(管理幹部)各時段徵集入營時間概定表,['38331']
公共造產成果概況,['13960']
公告土地現值,['13868']
公墓本年埋葬數,['13959']
公墓處數、面積,['13958']
公寓大廈管理服務人員資料,['9519']
公寓大廈管理維護公司資料,['9520']
公有土地資料(土地位置資訊),['98062']
公有土地資料(土地屬性資訊),['34315']
公有耕地375租約件數資料,['112822']
公用天然氣事業災情通報表,['77164']
其他登記事項代碼API,['103177']
出動救災人員及裝備通報表,['77861']
出境人數,"['9064', '11166']"
出版品資訊,['9616']
出生人數婚生狀況,['14234']
出生人數性別概況,['14233']
出生人數生母國籍概況,['14232']
出生人數生母年齡概況,"['14230', '14231']"
刑事案件嫌疑犯人數之年齡,['9601']
刑事案件嫌疑犯人數之教育程度,['9600']
刑事案件嫌疑犯人數之職業狀況,['11965']
刑案發生率-按分,['103351']
刑案破獲率-按分,['103352']
刑案被害人,"['11961', '11962', '11963', '11964']"
初設戶籍人數按性別、年齡、原因及原屬國籍(地區)分(按登記),['127530']
前瞻特別預算團體補助,['103281']
加工出口區災情通報表,['77180']
動態資料統計表,['32970']
動態資料統計表(新增區域代碼),['77139']
區域計畫委員會召開委員會議預定日程表,['21206']
區委會下載專區資料,['21286']
區徵案件土徵召開專案小組會議統計表,['112824']
區段徵收工程成果統計,['37756']
區段徵收工程成果統計表,['37851']
區長,['7060']
協助遣返境外涉案國人,['127458']
協緝遣返外逃通緝犯,['127462']
即時交通事故資料 (A1類)(json),['57023']
即時交通事故資料 (A2類)(json),['57024']
即時交通事故資料(A1類),['12818']
即時交通事故資料(A2類),['13139']
即時交通事故資料(A3類),['87495']
原住民人口,['9605']
原住民人口按性別、年齡、原住民身分及婚姻狀況,['14303']
原住民人口按性別、年齡、原住民身分及婚姻狀況(含同婚),['117989']
原住民人口數單齡組,['9606']
原住民平均餘命,['14253']
原住民性別概況,['9607']
原住民戶數、人口數按戶別及性別,['14301']
原住民死亡人口數按性別、年齡及原住民身分分(按發生),['127531']
參與役路相伴-袍澤情深座談活動人數統計表,['94977']
及所屬機關公文線上簽核績效,['85273']
及所屬機關公文電子交換績效,['129993']
及所屬機關刊登行政院公報統計表,['129996']
及所屬機關年度優先採購身心障礙福利機構團體或庇護工場生產物品及服務項目之執行情形,['129890']
及所屬機關年度綠色採購指定採購項目比率,['129889']
及所屬機關資料開放與加值應用行動方案,['115922']
友善建築,['18367']
友善建築場所(RDF),['8675']
受(處)理刑事案件嫌疑犯人數-按分,['9604']
受(處)理刑事案件發生件數-按分,['9603']
受(處)理刑事案件破獲件數-按分,['9602']
受委託遊說者備案名冊,['32933']
台中機場入境人次預報,['88854']
台中機場出境人次預報,['88857']
台江國家公園海域土地使用分區圖,['9988']
台江國家公園陸域土地使用分區圖,['9989']
台灣電力公司災情通報表,['77165']
各期管理幹部訓練結訓人數統計表,['23879']
各村(里)戶籍人口統計月報表,['8411']
各村(里)戶籍人口統計月報表(新增區域代碼),['77140']
各村里教育程度資料,['8409']
各梯役男休假通報,['20446']
各梯次替代役役男學歷統計表,['73249']
各機場、港口入出境人數統計資料,['12369']
各機場及港口自動查驗通關閘道數,['106324']
各直轄市、縣(市)政府無障礙專屬電子信箱與專線電話,['21372']
各直轄市、縣(市)替代役役男基礎訓練人數統計表,['68640']
各直轄市、縣市警察局交通義勇警察人數統計表,['42546']
各直轄市、縣市警察局義勇警察人數統計表,['42545']
各直轄市縣市政府撤離人數通報表,['77860']
各直轄市縣市政府災情通報表,['77201']
各直轄市縣市政府避難收容處所開設通報表,['77133']
各級政府地政人員數,['13881']
各級警察機關現有正式員額-年資別統計表,['81354']
各級警察機關現有正式員額-年齡別統計表,['81352']
各級警察機關現有正式員額-性別統計表,['81357']
各級警察機關現有正式員額-教育程度別統計表,['81355']
各級警察機關現有正式員額-考試類別統計表,['81356']
各縣(市)警察(分)局暨所屬分駐(派出)所地址資料,['5958']
各縣(市)長辦公位址轉換點位,['35320']
各縣市已許可陸資取得不動產件數資料,['25089']
各縣市已辦理完成區段徵收成果統計表,['25096']
各縣市政府辦理替代役役男法紀教育及在職訓練一覽表,['23885']
各縣市正在辦理中區段徵收區統計表,['25097']
各縣市歸化國籍人數,['62563']
各警察機關新聞發布,['7505']
各鄉鎮市區人口密度,['8410']
各需用機關替代役役男申請出境統計表,['73248']
合作事業,['14171']
合作及人民團體司籌備處補助團體之獎補助經費表,['45437']
商業災損災情通報表,['77181']
單身聯誼活動報名人數,['62560']
單點坐標回傳行政區,['101898']
嘉義機場入境人次預報,['127463']
嘉義機場出境人次預報,['126780']
國人申請美國「全球入境計畫Global Entry」人數,['104820']
國土利用調查成果統計資料(版土地使用分類系統表，3級分類),['98136']
國土利用調查成果縣市統計資料(版土地使用分類系統表，1級分類),"['98133', '98135', '104823', '123145']"
國土利用調查成果鄉鎮市區統計資料(版土地使用分類系統表，2級分類),"['98134', '104824', '123146']"
國土利用調查成果鄉鎮市區統計資料(版土地使用分類系統表，3級分類),['103863']
國土永續發展基金月報,['54338']
國土永續發展基金預算案及法定預算,['40087']
國土測繪中心出版品目錄,['39523']
國土測繪中心動態宣導影片,['39526']
國土測繪中心各售圖站,['39082']
國土測繪中心各課室及各測量隊聯絡方式,['116032']
國土測繪中心影音多媒體,['24491']
國土測繪中心支付或接受之補助,['11041']
國土測繪中心政府資訊公開(業務統計含業務年報),['39534']
國土測繪中心政策宣導廣告執行情形,['11040']
國土測繪中心施政計畫,['11042']
國土測繪中心最新消息,['25107']
國土測繪中心會計月報,['11039']
國土測繪中心災害防救應用獎,['39080']
國土測繪中心研究報告,['11038']
國土測繪中心行政組織圖,['118156']
國土測繪中心預算決算書,['11043']
國家(自然)公園區域內公共設施,['13478']
國家(自然)公園研究發展件數及經費,['14380']
國家(自然)公園管理處各項解說服務,['14370']
國家(自然)公園遊憩據點遊客人次及車輛次,['13476']
國家(自然)公園面積,['13479']
國家公園、國家森林遊樂區及國家風景區範圍內之觀光景點(本島),['73234']
國家公園、國家森林遊樂區及國家風景區範圍內之觀光景點(離島),['73235']
國家公園區域內野生物種數,['13477']
國家公園地質地形,['9966']
國家公園物種知識庫,['8658']
國家公園特色,['9967']
國家公園生物多樣性資料庫-物種調查點資料,['73252']
國家公園管理處各項解說服務,['13475']
國家公園管理處聯絡資訊,['26498']
國家公園計畫,['21234']
國家圖書館主動徵集建築研究所之政府國際交換業務出版品清單,['93199']
國家搜救指揮中心支援空中救援勤務通報表,['77340']
國家重要濕地,['25659']
國籍之喪失人數,['12102']
國籍之回復與撤銷喪失人數,['12088']
國籍之歸化取得人數,['12101']
國軍常備兵徵集配賦員額預告資料,['8220']
國軍常備兵軍種兵科抽籤人數統計表,['95045']
國道公路固定式測速照相地點,['13940']
國道公路警察局交岔路口重點違規錄影地點,['106636']
國道公路警察局交流道區重點違規錄影地點,['100855']
國道公路警察局歷年交通事故百萬車公里統計,['18400']
國道公路警察局歷年取締違規分析統計,['18405']
國道公路警察局闖紅燈照相地點,['100856']
國道及省道(含快速公路以上等級)道路中線,['73232']
國際社會團體資料(RDF),['8669']
國際觀光旅館,['73213']
國際觀光旅館(離島),['104826']
土地他項權利登記,['13866']
土地徵收審議小組審議廢止徵收案件准予廢止徵收統計,['73240']
土地徵收審議小組審議撤銷徵收案件不准予撤銷徵收統計,['40252']
土地徵收審議小組審議撤銷徵收案件准予撤銷徵收統計,['53686']
土地徵收審議小組審議申請收回案件不准予發還統計,['40253']
土地徵收審議小組審議申請收回案件准予發還統計,['40254']
土地所有權登記,['13867']
土地標示變更登記,['13879']
土地權利種類與權利標的,['25102']
土地段名代碼,['7504']
土地段名代碼(ＡＰＩ),['122674']
土地登記其他登記事項類別,['25099']
土地登記原因代碼,['25100']
土地重劃工程處(大事紀),['17304']
土地重劃工程處(辦理國家賠償事件收結情形),['37473']
土地重劃工程處便民服務(常見問答集),['17305']
土地重劃工程處便民服務(影音媒體),['17296']
土地重劃工程處便民服務(書表下載),['17297']
土地重劃工程處便民服務(網路學習),['17303']
土地重劃工程處公佈欄(招標公告),['17298']
土地重劃工程處公佈欄(施工訊息),['17301']
土地重劃工程處公佈欄(最新消息),['17294']
土地重劃工程處公佈欄(榮譽榜),['17302']
土地重劃工程處出版品資訊,['17334']
土地重劃工程處支付或接受之補助,['18550']
土地重劃工程處政風橋樑(公務機密及機關安全),['37474']
土地重劃工程處政風橋樑(利益衝突迴避),['17321']
土地重劃工程處政風橋樑(廉政宣導),['37472']
土地重劃工程處政風橋樑(廉政會報),['17318']
土地重劃工程處政風橋樑(廉政案例),['17323']
土地重劃工程處政風橋樑(財產申報),['17320']
土地重劃工程處施政計畫,['17332']
土地重劃工程處早期農地重劃區農水路更新改善工程資訊,['17470']
土地重劃工程處會計月報,['18552']
土地重劃工程處機關志,['17335']
土地重劃工程處決算書,['11032']
土地重劃工程處研究報告,['17333']
土地重劃工程處線上服務(訓練活動),['17299']
土地重劃工程處辦理政策宣導之廣告,['18553']
土地重劃工程處農村社區土地重劃資訊問答集,['17475']
土地重劃工程處農村社區土地重劃資訊宣導文宣,['17473']
土地重劃工程處農村社區土地重劃資訊成果報告,['17472']
土地重劃工程處農村社區土地重劃資訊最新消息,['17467']
土地重劃工程處農村社區土地重劃資訊滿意度調查,['17476']
土地重劃工程處農村社區土地重劃資訊考評結果,['17474']
土地重劃工程處農村社區土地重劃資訊計畫說明,['17468']
土地重劃工程處農村社區土地重劃資訊辦理地區查詢,['17469']
土地重劃工程處農村社區土地重劃資訊重劃建設成果,['17471']
土地重劃工程處重要工程(工程成果),['17316']
土地重劃工程處重要工程(市地重劃工程及區段徵收工程),['17313']
土地重劃工程處重要工程(樁位測定),['17315']
土地重劃工程處重要工程(機場捷運A7站地區區段徵收公共工程),['17311']
土地重劃工程處重要工程(農地及農村重劃),['17314']
土地面積、戶數與人口數,['14228']
土石流警戒區發布情形通報表,['77142']
土葬使用概況,['14276']
土葬本年存厝,['14286']
在營軍人家屬各項補助,['14277']
地名譯寫資料,['7064']
地政事務所轄區圖,['5967']
地政事務所轄區圖(TWD97_119分帶),['13043']
地政事務所轄區圖(TWD97_121分帶),['13047']
地政事務所轄區圖(TWD97_123分帶),['13044']
地政事務所轄區圖(TWD97經緯度),['13045']
地政士訓練機構,['25116']
地政士開業資料,['25111']
地政機關通訊錄,['7620']
地政貢獻獎評選委員名單,['127646']
地方政府所轄人民團體,['14172']
地方政府違規使用查處情形土地筆數統計表,['34308']
地方政府違規使用查處情形土地面積統計表,['34307']
地方政府違規使用查處情形案件數統計表,['25106']
地方政府非都市土地違規使用案件裁罰態樣統計表,['127533']
地方調解委員會調解委員人數,"['13946', '13947', '13948']"
地方辦理調解業務調解方式,['13943']
地方辦理調解業務調解結案件數,['13945']
地籍清理代為標售及保管款專戶統計表,['25078']
地籍清理土地現值統計表,['25082']
地籍清理土地筆數統計表,['25084']
地籍清理土地面積統計表,['25081']
地籍異動即時通累計申請數,['112827']
執行狀況月報表(會計處),['122827']
基隆港入境人次預報,['103048']
基隆港出境人次預報,['103051']
墾丁國家公園管理處轄區建築物公共安全申報檢查結果,['26499']
外來人口在臺停留人數,['14373']
外來人口在臺居留人數,['14372']
外來人口在臺逾期停留人數,['14375']
外來人口在臺逾期居留人數,['14374']
外來人口逾期停留人數,['127657']
外來人口逾期居留人數,['127658']
外僑居留人數,"['13504', '13505', '13506']"
外國人取得土地之權利登記,['13869']
外國人取得建物之權利登記,['13870']
外籍人士在台犯罪資料,['93938']
外籍配偶人數與大陸 (含港澳配偶人數),['13503']
外籍配偶照顧輔導基金核定補助,['13501']
大陸地區人民以小3通來臺入出境人數,['106227']
大陸地區人民以自由行來臺入出境人數,['106322']
大陸地區人民來臺從事團體旅遊入出境人數,['106321']
大陸地區人民來臺從事醫美健檢入出境人數,['106323']
大陸地區人民自國外或香港澳門線上申請來臺觀光人數統計資料,['127465']
大陸地區配偶申請來臺團聚面談統計,['14371']
天然災害損失,['14368']
太魯閣國家公園景點資訊,['7445']
太魯閣國家公園核准入園隊數人數統計表,['37468']
太魯閣國家公園第2次通盤檢討計畫範圍圖,['7446']
太魯閣國家公園第3次通盤檢討計畫範圍圖,['45413']
失聯移工人數,['127660']
失蹤人口查尋,['14420']
妨害兵役案件結果,['14287']
妨害兵役案件統計表,['39191']
姓氏排名與人數,['126774']
婦幼安全警示地點,['6247']
嬰兒出生數按嬰兒性別及生父母年齡分(按登記),['127527']
嬰兒出生數按性別、生母原屬國籍(地區)、年齡及教育程度分(按登記),['32945']
嬰兒出生數按性別、生母原屬國籍(地區)、年齡及教育程度分(按發生),['102825']
嬰兒出生數按性別、生母單齡分(按登記),['100321']
嬰兒出生數按性別、生父原屬國籍(地區)、年齡及教育程度分(按登記),['102764']
嬰兒出生數按性別、生父原屬國籍(地區)、年齡及教育程度分(按發生),['102763']
嬰兒出生數按性別、胎次及生母年齡分(按登記),['100324']
嬰兒出生數按性別、胎次及生母年齡分(按發生),['101882']
嬰兒出生數按性別及生母單齡分(按發生),['101883']
嬰兒出生數按生母單齡分(按發生),['63337']
嬰兒出生數按生母年齡及出生身分分(按登記),['102765']
嬰兒出生數按生母年齡及出生身分分(按發生),['102762']
嬰兒出生數按胎次及生母年齡分(按發生),['63343']
孝行獎得獎名錄,['73238']
宗教因素服替代役核定人數統計表,['39188']
宗教團體興辦公益慈善及社會教化事業概況,['13952']
宜蘭縣各鄉鎮市公所辦公位址點位圖,['102163']
寺廟登記概況,['13953']
寺廟組織型態,['13954']
專題報導,['21288']
對民間團體或個人之補捐助經費執行情形檢核表,['86169']
尚未能接受徵兵處理人數,['14288']
工業區災情通報表,['77179']
工程施工查核案件統計表,['85473']
已登記土地筆數,['9599']
已登記土地面積,['9598']
已設戶籍外來人口數,['127528']
市地重劃工程成果統計,['37755']
市地重劃工程成果統計表,['37750']
市地重劃辦理面積,['13871']
市地重劃辦理面積(自辦),['13874']
常備兵役役男家屬3節生活扶助金,['14280']
常備兵役役男家屬安家費,['14281']
平交道遠端監控系統設置地點,['31909']
年度採購稽核案件,['14121']
年度決標公告,['9611']
年度決算書(會計處),['11131']
年度預算書(會計處),['11125']
幹部初級救護技術員訓練人數統計表,['20444']
廉政會報會議紀錄,['23039']
建物主要建材代碼,['104776']
建物主要用途代碼資料,['102817']
建物他項權利登記,['13897']
建物分層或附屬建物用途代碼,['106243']
建物所有權登記,['13898']
建物標示變更登記,['13899']
建築師資訊,['9518']
建築師開業家數及人數,['13489']
建築師開業登記資訊,['9517']
建築物使用執照之面積造價,['21292']
建築物公共安全檢查專業檢查人員數,['14377']
建築物公共安全檢查申報概況,['33749']
建築物室內裝修業及專業技術人員,['14379']
建築物建造執照之面積造價,['21293']
建築物建造執照及使用執照,['20928']
建築物開工統計,['13490']
建築研究所BIM資料集,['39527']
建築研究所「優良綠建築作品甄選活動」得獎名單,['93174']
建築研究所「煙層簡易2層驗證法軟體」授權廠商名單,['93839']
建築研究所人權教材目錄,['68629']
建築研究所全球資訊網_出版品資訊,['25126']
建築研究所全球資訊網_團體補助(支付或接受之補助),['25123']
建築研究所全球資訊網_年度預算書,['25124']
建築研究所全球資訊網_採購案決標公告,['25122']
建築研究所全球資訊網_活動報導,['25127']
建築研究所全球資訊網_研究成果,['25125']
建築研究所全球資訊網_聯絡資訊,['25120']
建築研究所全球資訊網_訊息公告,['25246']
建築研究所全球資訊網_重大政策,['25121']
建築研究所委託研究計畫一覽表,['73251']
建築研究所實驗單位,['9512']
建築研究所專利及技轉授權與認證資料集,['31984']
建築研究所山坡地社區調查清單,['68633']
建築研究所帷幕牆資料集,['39531']
建築研究所年報,['24523']
建築研究所年度法定預算,['12644']
建築研究所建築研究成果發表講習會議程主題一覽表,['93676']
建築研究所建築節能資料集,['40161']
建築研究所建築資訊建模(BIM)推廣教育訓練課程項目一覽表,['93893']
建築研究所性能實驗中心檢測服務試驗報告書一覽表,['22934']
建築研究所手冊、技術規範及制度要點資料集,['32024']
建築研究所新聞發布一覽表,['68652']
建築研究所日文期刊一覽表,['93675']
建築研究所會計報表,['18691']
建築研究所期刊一覽表,['68651']
建築研究所材料實驗中心儀器設備_大型力學實驗室,['22206']
建築研究所材料實驗中心儀器設備_材料分析實驗室,['22207']
建築研究所材料實驗中心儀器設備_耐久及耐候實驗室,['22205']
建築研究所材料實驗中心儀器設備_非破壞檢測實驗室,['22208']
建築研究所材料實驗中心常見問答集,['22201']
建築研究所材料實驗中心歷年研究_創新營建材料研發,['22204']
建築研究所材料實驗中心歷年研究_建築物地震災害防制研究,['22203']
建築研究所歷年研究建築物外牆瓷磚及飾材檢查方法簡介,['93898']
建築研究所歷年研究建築物外牆飾材檢查程序,['93934']
建築研究所永續智慧社區創新實證示範計畫受補助單位及金額一覽表,['68638']
建築研究所決算書表,['18693']
建築研究所活動競賽及典禮資料集,['32353']
建築研究所研提公共政策網路參與平台「眾開講」建議議題清單,['93200']
建築研究所研擬住宿式長照服務機構防火及避難安全改善參考對策項目清單,['68648']
建築研究所研發及對策資料集,['32025']
建築研究所研究成果發表會,['24522']
建築研究所研討會資料集,['31985']
建築研究所科技計畫簡介,['93769']
建築研究所箱型鋼柱資料集,['39525']
建築研究所綠建材標章資料集,['40134']
建築研究所綠建材生產廠國別統計,['68653']
建築研究所綠建築繪畫徵圖比賽得獎作品,['68624']
建築研究所耐火性能資料集,['39179']
建築研究所耐震初步評估研究計畫,['68646']
建築研究所耐震設計資料集,['39186']
建築研究所耐風設計資料集,['39192']
建築研究所自行研究計畫一覽表,['68645']
建築研究所行政講習作業議程主題一覽表,['93674']
建築研究所補捐助經費執行情形檢核表,['68632']
建築研究所鋼筋混凝土建築物耐震能力初步評估系統(PSERCB)評估項目一覽表,['68654']
建築研究所鋼筋混凝土建築物耐震評估系統(SERCB)可下載資料一覽表,['68663']
建築研究所門窗風雨試驗檢測項目,['93783']
建築研究所防火安全資料集,['40147']
建築研究所防火實驗中心_審核認可,['24806']
建築研究所防火實驗中心儀器介紹,['23057']
建築研究所防火實驗中心參訪紀錄,['23053']
建築研究所防火實驗中心問答集,['23058']
建築研究所防火實驗中心專利,['23050']
建築研究所防火實驗中心研究文獻,['23051']
建築研究所防火避難資料集,['38884']
建築研究所風洞實驗室設備,['23048']
建築研究所風雨實驗室設備,['23046']
建築研究所風雨風洞實驗室常見問題與解答,['23044']
建築研究所風雨風洞實驗室歷年研究,['23049']
彰化縣各鄉鎮市長辦公位址點位圖,['109912']
彰化縣警察局所屬各辦公處所核心及一般設施配置表,['25335']
役政人員培訓計畫辦理情形,['94997']
役政署大事記,['95073']
役政署年度收發文統計表,['38333']
役政署廉政倫理事件登錄案件相關統計一覽表,['130318']
役政署最新消息,['24379']
役政署會計月報,['11050']
役政署決算書,['11047']
役政署督訪替代役役男服勤單位所屬需用機關統計表,['23887']
役政署職(教)員學歷統計報表,['23785']
役政署職(教)員官等性別統計報表,['68649']
役政署職(教)員考試統計報表,['38332']
役政署職員年齡統計報表,['129965']
役政署補助地方政府明細表,['11049']
役政署辦理政策宣導相關廣告執行情形表,['23038']
役政署辦理生活扶(慰)助戶數統計表,['68661']
役政署重大計畫預算執行績效表,['130321']
役政署預算書,['11048']
役男免役禁役緩徵處理情形統計,['14278']
役男免役禁役緩徵處理情形統計表,['20438']
役男出境就學人數統計,['130364']
役男因家庭因素申請服補充兵役及管理情形清查統計表,['23784']
役男因病停役免予回役人數統計表,['130322']
役男徵兵檢查及身心障礙與重大傷病書面審核人數統計表,['39180']
役男申請家庭因素服補充兵役核定人數統計表,['68643']
役男申請服替代役人數統計表,['68544']
役男申請複檢常見病症人數統計表,['95206']
役男體(複)檢人數統計表,['23786']
役男體檢、複檢醫院資料,['8219']
微電腦闖越平交道自動照相機設置地點,['31908']
徵兵及齡男子兵籍調查統計表,['20437']
徵兵及齡男子教育程度,['14291']
徵才資訊,['8657']
應徵入營役男延期徵集人次統計表,['68637']
截至本年底地政士開業人數,['13901']
戶政受理案件,['14369']
戶政機關通訊,['7437']
戶數、人口數按戶別及性別,['14299']
戶數結構表,['14300']
戶籍資料異動跨機關通報服務件數,['62558']
戶長按性別、年齡、及教育程度,['32947']
房地產消費糾紛案例,['7506']
房地產消費糾紛統計,['7321']
拖吊保管場,['7319']
捷運,['73222']
捷運車站,['73233']
採購案件稽核統計表,['130317']
撤離區域劃定清單,['77863']
擬代判行政院函核准撥用地方公有房地統計表,['24813']
擬代判行政院函核准處分地方公有房地統計表,['25076']
政府資訊公開下載專區資料,['21290']
政府都更案,['8202']
政黨名冊,['31973']
救援與應變單位點位,['5969']
救災資源數量查詢Open API,['77864']
救災資源資料清單,['77862']
教會(堂)登記概況,['13949']
教育部各級學校、社教館所災情通報表,['77354']
文化資產統計數量,['129992']
新住民發展基金決算書,['101009']
新住民發展基金獎補助經費季報表,['86171']
新南向目標國家人民以停留簽證及免簽證來臺之入境統計表,['106326']
新版臺灣本島20公尺網格DTM資料,['88733']
新竹縣各鄉鎮市長辦公位址點位圖,['89499']
新聞發布,['8650']
新訂或擴大都市計畫案件進度,['21371']
施政方針,['11028']
施政績效評估報告,['11027']
施政計畫,['11030']
早期農地重劃區農水路更新改善計畫實施成果統計表,['25093']
早期農地重劃農水路更新改善工程成果統計,['37843']
早期農地重劃農水路更新改善工程成果統計表,['37854']
昇降設備安全檢查人員數,['14376']
易銷贓行業現有營業家數-按分,['11960']
景點-遊憩據點,['9968']
智慧建築標準符號電子圖塊下載,['22078']
智慧建築標章月報表,['22080']
智慧綠建築出版品資訊,['22077']
智慧綠建築相關計畫、方案,['22124']
暑期分階段常備兵役軍事訓練中籤人數統計表,['130363']
暨所屬機關經管宿舍戶數合計,['86544']
替代役備役列管人數統計,['23796']
替代役備役召集成果統計表,['39187']
替代役備役役男勤務編組人數統計表,['130362']
替代役公益大使團各年度公益及反毒演出活動統計表,['38330']
替代役公益服務受益人數統計表,['23889']
替代役公益服務執行情形統計表,['23892']
替代役各梯次受訓役男服裝發放型號統計表,['95931']
替代役各梯次受訓役男電腦適性測驗分析統計表,['95204']
替代役各梯次基礎訓練概定行程表,['20447']
替代役基礎訓練役男家屬手機簡訊報平安統計表,['130060']
替代役基礎訓練流路概定表,['23881']
替代役役男地域加給支給標準表,['94995']
替代役役男基礎訓練期間捐血統計表,['20442']
替代役役男家屬3節生活扶助金,['14282']
替代役役男家屬各項補助,['14283']
替代役役男家屬安家費,['14284']
替代役役男心理困擾類型統計表,['73247']
替代役役男意外事件通報人次統計表,['130359']
替代役役男提前退役人數統計,['23795']
替代役役男救災演訓辦理場次統計,['68662']
替代役役男核准出境統計表,['23883']
替代役役男毒品濫用列管類型統計表,['130358']
替代役役男流感疫苗接種統計表,['39184']
替代役役男獎懲人次統計表,['94943']
替代役役男現役人數統計,['20448']
替代役役男訓練人數統計表,['20445']
替代役役男訓練期間辦理折抵役期統計,['38334']
替代役役男訪視成果統計表,['94942']
替代役役男身分證製(補)發統計表,['130200']
替代役役男輔導教育受訓人數分析統計表,['94968']
替代役役男退役人數統計,['20449']
替代役役男退役日期查詢,['8660']
替代役役男門診、轉診及住院人數統計表,['39185']
替代役提供袍澤生活協助計畫成果表,['68644']
替代役訓練班公共行政役役男專訓人數統計表,['68641']
替代役訓練班區隊長訓練結訓人數統計表,['130059']
替代役訓練班服勤役男人數統計表,['95930']
最小統計區圖,['25128']
會計月報(會計處),['11046']
有入(出)境記錄者,['9065']
有戶籍國民以自然人憑證查詢有無被限制出國年報表,['85685']
有效外僑居留證外籍配偶統計,['127721']
有效居留證外僑統計,['127722']
有效永久居留證外僑統計,['127723']
有限取用資料清單,['92173']
未辦繼承登記截至當期底現有數,['13907']
未辦繼承登記當期辦理繼承數,['13900']
本年屍體火化數,['13955']
本年核准地政士開業人數,['13875']
本年註銷地政士開業人數,['13876']
本期發布之不動產實價登錄批次資料,['77051']
本期發布之不動產租賃實價登錄批次資料,['25118']
本期發布之不動產買賣實價登錄批次資料,['25119']
本期發布之預售屋買賣實價登錄批次資料,['6215']
本署政府採購決標案件統計表,['23838']
本署服務站地點一覽表,['73239']
本部土地徵收審議小組審議廢止徵收案件不准予廢止徵收統計,['46766']
本部推行人口政策措施宣導執行績效優良地方政府名單,['62555']
村里幹事,['7062']
村里戶數、單齡人口,['32973']
村里戶數、單齡人口(新增區域代碼),['77132']
村里界圖,['17219']
村里界圖(TWD97_119分帶),['7439']
村里界圖(TWD97_119分帶)(WMS),['17217']
村里界圖(TWD97_121分帶),['7440']
村里界圖(TWD97_121分帶)(WMS),['17216']
村里界圖(TWD97_123分帶),['5968']
村里界圖(TWD97經緯度),['7438']
村里界圖(TWD97經緯度)(WMS),['17215']
村里長,['7061']
東沙環礁國家公園物種調查結果,['37471']
東沙環礁國家公園計劃圖-海域部分,['7448']
東沙環礁國家公園計劃圖-陸域部分,['7447']
松山機場入境人次預報,['88769']
松山機場出境人次預報,['88852']
查獲少年嫌疑犯人數,['11959']
查獲槍砲彈藥刀械數量-按分,['11958']
查處違法外來人口,"['13499', '127659']"
核發建築物使用執照統計,"['13484', '13488']"
核發建築物建造執照統計,"['13480', '13481']"
核發建築物拆除執照統計,"['13482', '13483']"
核發志願服務結業證明書統計表,['20443']
桃園機場入境人次預報,['88851']
桃園機場出境人次預報,['88856']
機場(本島),['73231']
機場(離島),['73223']
檔案檢調應用情形統計表,['129994']
檢肅毒品統計-按分,['11957']
權利人類別代碼,['103182']
權利種類及標的種類代碼,['103179']
權利範圍類別代碼,['103181']
欖仁溪生態資料,['6997']
武陵地區固定樣點魚類組成,['21291']
歷史交通事故資料,['12197']
歷年公告土地現值調幅統計,['24814']
歷年公告地價調幅統計,['24812']
歷年土地筆數面積公告土地現值統計,['25070']
歷年土地筆數面積公告地價統計,['25074']
歷年地政貢獻獎得獎人名單,['25091']
歷年犯罪資料統計數據,['24305']
歷年申請進入山地管制區統計資料,['57021']
歷年辦理地形測量成果統計,['37838']
歷年辦理地形測量成果統計表,['37859']
歷年辦理樁位測定成果統計,['37840']
歷年辦理樁位測定成果統計表,['37858']
歷年酒駕肇事受傷及死亡件數、人數統計表,['9018']
歷年重大交通事故地點資料,['6132']
歸化及喪失國籍人數,"['62557', '62561']"
歸化國籍人數,['62554']
死亡人數,"['14235', '14236', '14237']"
死因除外平均餘命,['14252']
殯儀館本年殯殮數,['13942']
殯儀館設施概況,['13941']
殯葬設施,['7052']
段籍圖,['17220']
毒品犯罪資料,['57268']
比例尺5千分之1參考索引圖框_119分帶,['115925']
比例尺5千分之1參考索引圖框_121分帶,['115926']
比例尺5千分之1參考索引圖框_123分帶,['115924']
民政司團體補助,['11165']
民間都更事業,['8201']
污水下水道用戶接管普及率,['26815']
污水下水道系統執行概況,['13493']
法案動態,['8654']
活動新訊,['21287']
活動訊息,['8655']
海外為民服務與輔導照顧,['127457']
海岸地區範圍GIS數值檔,['20821']
消防人力,['9608']
消防及救護車輛裝備,['9609']
消防員工傷亡慰問暨急難濟助,['11967']
消防安全檢查列管對象,['12087']
消防安全檢查列管建築物,['12100']
消防安全檢查重大不合格場所,['7069']
消防安全設備審核認可產品,['8659']
消防安全設備查察處理,"['12099', '73254']"
消防安全設備檢修專業機構,['7066']
消防安全設備檢修申報,['12098']
消防專業技術人員,['7068']
消防機關水域救援統計,['7065']
消防水源,['9610']
消防緊急救護急救處置,['12097']
消防緊急救護服務,['12096']
消防署-補助縣市政府、團體及個人之獎補助經費季報表,['47226']
消防署年度施政計畫,['11096']
消防署年度決算,['21370']
消防署年度白皮書,['11095']
消防署年度預算,['12469']
消防署會計月報,['21369']
消防署消防月刊,['11169']
液化石油氣安全檢查,['12095']
清查人口統計-80歲以上近未使用健保卡者,['62550']
清查人口統計-90歲以上設有戶籍者,['62562']
清查人口統計-受贈百歲人瑞金鎖片當事人不知去向者,['62551']
清查人口統計-戶籍逕遷至戶政事務所者,['62553']
清查人口統計-未換發國民身分證者,['62552']
測速執法設置點,['7320']
測速執法點取締件數資料,['13908']
港澳居民網路申請入臺證年報表,['85650']
滅火器藥劑更換及充填合格廠商,['7067']
澎湖南方4島國家公園物種調查結果,['37476']
澎湖馬公機場入境人次預報,['126783']
澎湖馬公機場出境人次預報,['126802']
澳洲籍人士註冊我國自動通關人數,['104777']
火化場設施概況,['13956']
火災事件資料,['13764']
火災出動人員、車輛及裝備,['11956']
火災死傷人數及財物損失1,['11955']
火災發生時間,['11954']
火災起火原因,['11953']
火災起火處所,['11952']
火災類別,['11951']
災區志工人力志工服務通報表,['77136']
災情案件資料,['12851']
災情通報表(水庫或堰壩),['77176']
災情通報表(河川、海岸、區域排水),['77177']
災情通用通報表,['77343']
為民服務地點通訊錄(RDF),['8666']
營建建設基金會計月報,['19872']
營建建設基金決算,['21011']
營建建設基金預算案及法定預算,['21058']
營建署代辦工程資料,['12058']
營建署年度預算,['15562']
營建署支付或接受之補助經費資料,['12043']
營建署會計月報,['21622']
營建署決算,['21716']
營建署補助(公務預算),['15235']
營建署補助(基金預算),['15236']
營造業家數,['13462']
爆竹煙火安全檢查,['12094']
爆竹煙火製造儲存場所一覽表,['7070']
爆竹煙火違法取締,['12093']
特優村里長名冊,['111757']
犯罪資料,['14200']
犯罪資料統計數據,['13166']
獎補助經費明細表(會計處),['11044']
玉山國家公園(第3次通盤檢討)計畫分區圖,['45446']
玉山國家公園2通變範圍圖,['7450']
玉山國家公園3通範圍圖,['31978']
玉山國家公園停機坪點位,['7452']
玉山國家公園山峰點位,['7453']
玉山國家公園服務中心,['26497']
玉山國家公園生態保護區核准統計,['37470']
玉山國家公園簡易炊煮區及吸菸區點位,['93173']
玉山國家公園遊客中心點位,['107488']
玉山國家公園避難山屋點位,['7449']
現住人口性別、年齡、婚姻狀況,['14302']
現住人口性別、年齡、婚姻狀況(含同婚),['117986']
現住人口數,"['32974', '127525']"
現住人口數按性別及原住民身分分(新增區域代碼),['77145']
現住原住民人口,['32971']
現住原住民人口按性別、年齡,['32946']
現住原住民人口按性別、年齡(新增區域代碼),['77129']
現住原住民人口按性別、身分、原住民族別分(新增區域代碼),['77052']
環保自然葬地點,['53681']
環境保護工程設施災情通報表,['77174']
環境教育設施認證場所,['9965']
產業訓儲替代役薪俸、主副食費及津貼發放統計表,['39193']
申請家庭因素服替代役核定人數統計表,['23792']
申請進入山地管制區統計資料,['41416']
申請遷移警訊桿線須知及連絡電話,['11103']
異地辦理戶籍登記項目,['62564']
登記原因代碼,['106240']
發放替代役役男死亡傷病慰勞金人數及補助總金額統計表,['39189']
發放義務役傷殘退伍(役)人員3節慰問金及安養津貼人數統計表,['23801']
直轄市、縣市界線,['32158']
直轄市、縣市界線(TWD97經緯度),['7442']
直轄市原住民區代表,['10050']
直轄市原住民區區長辦公位址轉換點位圖,['73241']
直轄市原住民區長,['10049']
直轄市與外國地方政府締盟情形彙整表,['118181']
直轄市議員,['7055']
直轄市長,['7057']
直轄市長辦公位址轉換點位圖,['33391']
研發及產業訓儲替代役入營報到情形統計表,['20441']
研發及產業訓儲替代役制度推動辦理情形,['20440']
研發及產業訓儲替代役員額申請暨審查作業實施計畫,['39190']
研發及產業訓儲替代役役男報名暨用人單位甄選作業實施計畫,['39183']
研發及產業訓儲替代役役男申請出境經核准案件統計,['23845']
研發及產業訓儲替代役役男申請出境經核准案件統計表,['68659']
研發替代役各梯次分發需用機關人數,['14289']
研發替代役役男新訓期間折抵役期人數統計表,['130360']
研發替代役役男研究成果統計,['94994']
研發替代役役男第3階段月薪統計,['68623']
研發替代役留任率,['130357']
研發替代役薪俸、主副食費、津貼及年終獎金發放統計表,['23798']
碼頭(本島),['73228']
碼頭(離島),['73227']
社區治安標竿社區名冊,['19460']
神明會土地清理統計表,['31248']
祭祀公業土地清理統計表,['31972']
禮儀服務業合法業者,['7053']
私有出租耕地租約期滿處理工作績效績優之直轄市、縣,['25090']
私有出租耕地租約期滿處理工作績效績優之鄉(鎮、市、區)公所,['37835']
租賃住宅服務業登記資料,['102865']
移民署(前瞻基礎建設計畫特別預算)會計月報,['85446']
移民署出版品一覽,['40129']
移民署各式線上申請平台客服諮詢問題類別統計,['86262']
移民署常見問題,['40126']
移民署年度決算書,['19874']
移民署年度預算書,['12417']
移民署徵才專區,['40132']
移民署新聞訊息,['40136']
移民署晶片卡製卡統計數,['85449']
移民署會計月報,['19873']
移民署業務-申請須知,['15458']
移民署業務內容,['40128']
移民署業務職掌,['40127']
移民署活動訊息,['40131']
移民署獎補助經費季報表,['45003']
移民署移民特考考情資訊,['40130']
移民署組織架構,['40135']
移民署行政公告,['40133']
移民署駐外據點,['39361']
移民諮詢服務人次,['13498']
移民諮詢服務項目,['13497']
移民轉介服務,['13496']
移民關懷服務,['13494']
空中勤務總隊-主管補助縣市政府、團體及個人之獎補助經費季報表,['53683']
空中勤務總隊5大任務執行比例,['97561']
空中勤務總隊AS-365N機型年度5大任務績效分析,['117984']
空中勤務總隊Beech定翼機機型年度5大任務績效分析,['117985']
空中勤務總隊UH-60M機型年度5大任務績效分析,['117987']
空中勤務總隊位址,['7454']
空中勤務總隊勤務第1大隊任務執行成效,['97630']
空中勤務總隊勤務第2大隊任務執行成效,['97631']
空中勤務總隊勤務第3大隊任務執行成效,['97632']
空中勤務總隊勤務隊飛行績效分析表,['111756']
空中勤務總隊各勤務隊執行分項勤務飛行時數統計表,['97589']
空中勤務總隊各型機種執行分項勤務飛行時數統計表,['100543']
空中勤務總隊各型機種年度5大任務績效分析,['112223']
空中勤務總隊各型機種飛行時數統計表,['100325']
空中勤務總隊執行共勤訓練飛行架次統計表,['98260']
空中勤務總隊執行勤務統計,['31961']
空中勤務總隊執行器官移植任務成效統計表,['98060']
空中勤務總隊執行國土安全空巡任務成效統計表,['98151']
空中勤務總隊執行國土綜合規劃空勘航攝任務成效統計表,['98218']
空中勤務總隊執行山難任務成效統計表,['97823']
空中勤務總隊執行水上救溺任務成效統計表,['98019']
空中勤務總隊執行水災搶救任務成效統計表,['97890']
空中勤務總隊執行水災搶救任務飛行架次較多區域報表,['109895']
空中勤務總隊執行海上救難任務成效統計表,['98057']
空中勤務總隊執行海洋(岸)空偵巡護任務成效統計表,['98150']
空中勤務總隊執行演習(練)成效統計表,['98258']
空中勤務總隊執行火災搶救任務成效統計表,['97874']
空中勤務總隊執行災情觀測任務成效統計表,['98055']
空中勤務總隊執行犯罪空監追緝任務成效統計表,['98059']
空中勤務總隊執行環境汙染調查任務成效統計表,['98166']
空中勤務總隊執行空中運輸任務成效統計表,['98221']
空中勤務總隊執行維護飛行架次統計表,['98261']
空中勤務總隊執行緊急任務飛行架次及飛行時數統計表,['97634']
空中勤務總隊執行緊急救護任務成效統計表,['98058']
空中勤務總隊執行訓練飛行架次統計表,['98259']
空中勤務總隊執行試車架次統計表,['100171']
空中勤務總隊執行醫療轉診任務成效統計表,['98056']
空中勤務總隊執行重大意外事故搶救任務成效統計表,['98014']
空中勤務總隊執行震災搶救任務成效統計表,['97921']
空中勤務總隊執行風災搶救任務成效統計表,['97904']
空中勤務總隊年度法定預算,['12473']
空中勤務總隊搜救有功人員,['100541']
空中勤務總隊會計月報,['18548']
空中勤務總隊決算書表,['19666']
空中勤務總隊空勤模範人員,['100323']
空中勤務總隊近任務執行成效統計表,['97671']
空中勤務總隊近執行山難任務飛行架次較多區域報表,['101119']
空中勤務總隊近執行火災任務飛行架次較多區域,['101097']
空中勤務總隊近執行緊急救護任務飛行架次較多區域報表,['101121']
空勤3勇士子女生活照顧基金年度預算書,['22330']
空勤3勇士子女生活照顧基金會計報告,['20348']
空勤3勇士子女生活照顧基金決算書,['15628']
空勤總隊執行勤務,['14176']
空勤總隊飛行架次,['14175']
管理維護公司家數,['13464']
管理維護公司管理服務人員,['13463']
納骨堂塔使用概況,['14279']
納骨堂塔本年存厝,['14290']
結婚人數,"['14239', '14240', '14244', '32943', '32972']"
結婚人數按結婚者雙方原屬國籍(地區)分(新增區域代碼),['77135']
結婚對數按男女雙方年齡分(按登記),['102824']
結婚對數按男女雙方年齡分(按發生),['102822']
結婚登記對數,['14241']
統計區15歲以上人口5歲年齡組婚姻狀況統計,['18639']
統計區15歲以上人口5歲年齡組教育程度統計,['18629']
統計區15歲以上人口5歲年齡組統計,['18544']
統計區15歲以上人口5歲年齡組與性別與婚姻狀況統計,['18642']
統計區15歲以上人口5歲年齡組與性別與教育程度人口統計,['18633']
統計區15歲以上人口十歲年齡組與性別與教育程度與婚姻狀況統計,['81029']
統計區15歲以上人口婚姻狀況統計,['18634']
統計區15歲以上人口性別與婚姻狀況統計,['18636']
統計區15歲以上人口性別與教育程度統計,['18554']
統計區15歲以上人口教育程度統計,['18546']
統計區3段年齡組性別人口統計,['18370']
統計區5歲年齡組人口統計,['18255']
統計區5歲年齡組性別人口統計,['18369']
統計區人口指標,['18624']
統計區人口統計,['18681']
統計區分齡兒童及少年性別人口統計,['18376']
統計區十歲年齡組人口統計,['18315']
統計區十歲年齡組性別人口統計,['18310']
統計區原住民15歲以上人口十歲年齡組婚姻狀況人口統計,['18676']
統計區原住民15歲以上人口十歲年齡組教育程度人口統計,['18670']
統計區原住民15歲以上人口十歲年齡組與性別與婚姻狀況人口統計,['18678']
統計區原住民15歲以上人口十歲年齡組與性別與教育程度人口統計,['18672']
統計區原住民人口指標,['18650']
統計區原住民人口統計,['18645']
統計區原住民十歲年齡組人口統計,['18657']
統計區原住民十歲年齡組性別人口統計,['18665']
統計區原住民戶數統計,['18651']
統計區單歲年齡組學齡人口統計,['18680']
經建版地形圖數值資料檔(比例尺2萬5千分之1),['33485']
經建版地形圖數值資料檔(比例尺2萬5千分之1)(SHP檔),"['102164', '102167', '126541', '127248']"
經建版地形圖數值資料檔(比例尺5萬分之1),['33486']
經建版地形圖數值資料檔(比例尺5萬分之1)(SHP檔),"['102165', '102168']"
經建版地形圖數值資料檔(比例尺十萬分之1),['33472']
經建版地形圖數值資料檔(比例尺十萬分之1)(SHP檔),"['102166', '102169']"
綠建材標章月報表,['22127']
綠建築標章月報表,['22126']
綠建築標章核發件數,['14248']
緊急醫療救護通報表,['77137']
緩徵人數統計表(年次別),['39181']
縣(市)、鄉(鎮、市)與外國地方政府締盟情形彙整表,['118183']
縣市別地籍清理土地筆數統計表,['25085']
縣市別地籍清理申報或申請登記土地面積統計表,['25087']
縣市地籍清理申報或申請登記土地現值統計表,['25088']
縣市政府遊說聯絡窗口,['81353']
縣市議員,['7054']
縣市長,['7058']
績優戶政機關楷模獎名單,['62556']
績優替代役役男表揚人數統計,['38335']
義勇消防人員傷亡,['11950']
義消人數,['9564']
育齡婦女生育率,['14238']
自來水相關機構災情通報表(受損用戶),['77175']
自來水相關機構災情通報表(災損部分),['77141']
自動查驗通關數據,['53678']
自然與人工海岸線示意圖,['7444']
自行車道,['90135']
臺中港入境人次預報,['103062']
臺中港出境人次預報,['103061']
臺北港入境人次預報,['103056']
臺北港出境人次預報,['103057']
臺南機場入境人次預報,['126795']
臺南機場出境人次預報,['126796']
臺東機場入境人次預報,['126775']
臺東機場出境人次預報,['126803']
臺灣全圖,['85475']
臺灣北區主祀土地公寺廟點位資訊(臺北市、新北市、基隆市、桃園市、新竹市、新竹縣),['113346']
臺灣地區1等3角點,['26479']
臺灣地區2等3角點,['26483']
臺灣地區3等3角點,['26485']
臺灣地區地名資料_具有地標意義公共設施類,['40454']
臺灣地區地名資料_聚落類,['53677']
臺灣地區地名資料_自然地理實體類,['40456']
臺灣地區地名資料_行政區域類,['40281']
臺灣地區地名資料_街道類,['53685']
臺灣地區平均餘命,['14250']
臺灣宗教文化資產南投縣點位資訊,['122070']
臺灣宗教文化資產嘉義縣點位資訊,['126794']
臺灣宗教文化資產雲林縣點位資訊,['120818']
臺灣宗教百景一覽表,['32191']
臺灣登山路徑踏勘底圖,"['25661', '85412']"
臺灣省平均餘命,['14251']
臺灣通用電子地圖(不含等高線，比例尺小於1萬8千分之1),['25108']
臺灣通用電子地圖(套疊等高線，比例尺小於1萬8千分之1),['17214']
臺灣通用電子地圖MBTiles檔(APP離線地圖用),['33384']
臺灣通用電子地圖圖磚封裝檔,['24888']
臺灣鐵路,['73220']
臺鐵車站,['73226']
臺閩地區平均餘命,['14249']
舉發違反道路交通管理事件成果統計表,['39362']
花蓮機場入境人次預報,['126788']
花蓮機場出境人次預報,['126790']
花蓮港入境人次預報,['103054']
花蓮港出境人次預報,['103055']
苗栗縣各鄉鎮市長辦公位址點位圖,['90744']
處理經濟案件-人數,['11949']
處理經濟案件-件數,['11948']
處理經濟案件-金額,['11947']
處理違反社會秩序維護法案件,['11946']
處理集會遊行概況-按分,['11945']
行政公告,['8656']
行政院核定替代役役別人數分析統計表,['23794']
補助各級地方政府計畫經費結報表(經常門)、補助各級地方政府計畫經費結報表(資本門),['23841']
褒揚名錄清冊,['31974']
解釋函彙編,['21289']
設置防焰物品場所防焰規制執行情形,['12092']
認識土地重劃工程處(目標願景),['17306']
請託關說登錄查察,['9612']
警察刑事紀錄證明申請文件及委託書範本,['11104']
警察專科學校教職員數,['14186']
警察專科學校畢業人數,['14199']
警察機關失物招領網路公告數位批次檔案,['7317']
警察機關查獲毒品嫌疑犯人數,"['11940', '11942', '11944']"
警察機關查獲毒品嫌疑犯人數-按分,['11943']
警察機關網路公告拾得人領取拾得物數位批次檔案,['7318']
警專冊報回役件數統計表,['95071']
警廣即時路況,['15221']
警戒區域劃定通報表,['77143']
警政署保全業之申請,['11099']
警政署信託基金決算書,['11100']
警政署信託基金預算書,['11098']
警政署公務車輛統計資料,['87494']
警政署及所屬單位年度會計報告,['11101']
警政署及所屬單位年度決算書,['11106']
警政署及所屬單位年度預算,['11896']
警政署及所屬補助縣市政府、團體及個人之獎補助經費季報表,['44839']
警政署及所屬辦理政策宣導相關廣告執行情形季報表,['44834']
警政署所屬機關暨其所屬單位地址資料,['24419']
警政署汽機車特定零組件加設防竊辨識碼之申請,['11102']
警政署當舖業之申請,['35528']
警政署署長信箱統計資料,['87496']
警政署警察消防海巡移民空勤人員及協勤民力安全基金會計報告,['18798']
警政署警察消防海巡移民空勤人員及協勤民力安全基金決算書,['18797']
警政署警察消防海巡移民空勤人員及協勤民力安全基金預算書,['11966']
議會遊說聯絡窗口,['81351']
資料開放行動策略,['27417']
資料開放諮詢小組會議紀錄,['16988']
資訊中心獎補助經費明細表,['10251']
赴國國外(或大陸地區)就學役男網路申請出國(境)核准年報表,['85653']
起火建築物,['11941']
車輛竊盜、車牌失竊(含計程車)資料查詢,['9365']
輕軌捷運,['73229']
輕軌捷運車站,['73230']
辦理人民申請提供政府資訊案件統計,['85333']
辦理公地撥用面積,['13902']
辦理區段徵收區數,['13904']
辦理區段徵收面積,['13903']
辦理政治獻金宣導相關廣告執行情形,['127431']
辦理政策宣導之廣告(會計處),['11045']
辦理生活扶(慰)助成果統計表,['23840']
農保被保險人占全國人口數百分比統計表,['45438']
農保被保險人身分別人數統計表,['45439']
農保被保險人身分別平均年齡統計表,['45441']
農地重劃工程成果統計,['37844']
農地重劃工程成果統計表,['37853']
農村社區公共設施改善計畫統計,['37842']
農村社區公共設施改善計畫統計表,['37857']
農村社區土地重劃建設地區一覽表,['25094']
農村社區土地重劃示範計畫先期規劃地區統計,['37834']
農村社區土地重劃示範計畫先期規劃地區統計表,['37850']
農村社區土地重劃示範計畫工程設計地區統計,['37841']
農村社區土地重劃示範計畫工程設計地區統計表,['37849']
農村社區土地重劃示範計畫辦理地區統計,['37836']
農村社區土地重劃示範計畫辦理地區統計表,['37852']
農村社區土地重劃示範計畫重劃建設地區統計,['37839']
農村社區土地重劃示範計畫重劃建設地區統計表,['37856']
農村社區土地重劃示範計畫非都市土地開發許可地區統計,['37837']
農村社區土地重劃示範計畫非都市土地開發許可地區統計表,['37855']
農林漁牧業產物公共設施災情通報表,['77200']
農林漁牧產物及民間設施災情通報表,['77859']
近空中勤務總隊執行5大任務績效統計表,['112559']
近空中勤務總隊執行火災搶救任務績效統計表,['112221']
連江縣標準地名,['112828']
遊憩注意事項,['9964']
遊憩資訊-步道,['9963']
遊說法資訊,['31975']
道路交通事故概況-按分,['9066']
道路交通事故肇事原因(A1+A2類)-按分,['9067']
道路交通事故肇事時間(A1+A2類)-按分,['9068']
道路交通事故肇事車種(A1+A2類)-按分,['9012']
違反國家公園法案件,['13465']
遷入遷出人數,['14242']
遷入遷出統計表,['32975']
遷入遷出統計表(新增區域代碼),['77144']
避難收容處所查詢,['77940']
避難收容處所開設情形,['12849']
避難收容處所點位圖資檔(台中、台東、澎湖),['31979']
避難收容處所點位檔,['73242']
部長公開行程,['8651']
都市使用分區代碼,['103185']
都市地價指數,['14527']
都市計畫公共設施用地已闢建面積,['13472']
都市計畫公共設施用地計畫面積,['13471']
都市計畫區人口數與人口密度,['13470']
都市計畫區容積獎勵案件統計,['17184']
都市計畫土地使用分區面積,['13474']
都市計畫委員會召開委員會議預定日程表,['21230']
都市計畫委員會資料,['8215']
都市計畫處數與面積,['13466']
都市設計審查,['21284']
鄉鎮市區界線,['32157']
鄉鎮市區界線(TWD97經緯度),['7441']
鄉鎮市民代表,['7056']
鄉鎮市長,['7059']
醫療機構災情通報表,['77130']
金門國家公園AED設置地點,['26500']
金門港入境人次預報,['103060']
金門港出境人次預報,['103058']
開立收據件數統計表,['85445']
防火管理人訓練專業機構通訊錄,['9615']
防火管理執行情形,['12091']
防焰性能認證廠商防焰規制執行情形,['12089']
陽明山國家公園計畫,['37475']
集會遊行資訊,['11307']
離婚人數,"['14243', '32948', '32969']"
離婚人數按離婚者雙方原屬國籍(地區)分(新增區域代碼),['77134']
離婚登記對數,['14247']
雨水下水道系統規劃實施概況,['13492']
雪山隧道自動化科技執法系統設置地點,['100857']
雪霸國家公園土地使用分區圖(第2次通盤檢討),['46542']
雪霸國家公園申請進入生態保護區統計表,['37469']
雪霸國家公園登山步道路線圖,['90145']
雪霸國家公園範圍圖(第2次通盤檢討計畫範圍圖),['46541']
零用金支付統計表,['129718']
電信事業災情通報表,['77346']
電信事業災情通報表(受損基地台-行動電話),['77347']
電信事業災情通報表(受損用戶-市話),['77345']
電信詐欺犯罪資料,['98176']
青少年竊盜犯罪資料,['42519']
非本期發布之實價批次資料,['18703']
非都市使用分區代碼,['103186']
非都市使用地類別代碼,['122675']
非都市土地使用分區及使用地類別代碼,['25113']
非都市土地使用分區改劃,['13882']
非都市土地使用分區編定筆數,['13884']
非都市土地使用分區編定面積,['13883']
非都市土地使用變更編定筆數,['13887']
非都市土地使用變更編定面積,['13885']
非都市土地違規使用情形統計表-用地別,['25104']
非都市土地違規使用案件違規態樣分析統計表,['96569']
韓國籍人士註冊我國自動通關人數,['104819']
預算書(土地重劃工程處),['11031']
風雨風洞實驗室試驗報告辦理情形一覽表,['24568']
颱風過境大陸船員進港或上岸避風通報表,['77131']
香港澳門居民線上申請來臺短期停留入境許可人數統計,['127459']
馬祖港入境人次預報,['103063']
馬祖港出境人次預報,['103059']
骨灰(骸)存放設施使用率,['13950']
骨灰(骸)本年納入數量,['13951']
高速鐵路,['73221']
高鐵車站,['73225']
高雄機場入境人次預報,['88853']
高雄機場出境人次預報,['88855']
高雄港入境人次預報,['103053']
高雄港出境人次預報,['103052']
