15-29歲青年勞工就業狀況調查,15-29歲青年勞工就業狀況調查,9565,青年勞工目前就業情況、初次就業狀況、對未來職業生涯之規劃,按性別;行業;職業;教育程度分之青年目前就業情況;初次就業狀況;對未來職業生涯之規劃,勞動部
15-29歲青年勞工就業狀況調查,108年15-29歲青年勞工就業狀況調查,120009,青年勞工目前就業情況、初次就業狀況、對未來職業生涯之規劃,按性別;年齡及教育程度分之青年目前就業情況;初次就業狀況;對未來職業生涯之規劃,勞動部
NTQP得獎名單,NTQP得獎名單,21214,本獎項第一屆及第二屆得獎單位名單,屆次;獎項別;得獎單位名稱,勞動部勞動力發展署
TTQS企業機構版評核結果,104至108年TTQS企業機構版評核結果按牌等分,106662,彙整104至108年TTQS企業機構版評核結果按牌等統計資料,年度;金牌;銀牌;銅牌;通過;未通過,勞動部勞動力發展署
TTQS訓練機構版評核結果,104至108年TTQS訓練機構版評核結果按牌等分,106663,彙整104至108年TTQS訓練機構版評核結果按牌等統計資料,年度;金牌;銀牌;銅牌;通過;未通過,勞動部勞動力發展署
TTQS評核服務家次,104至108年TTQS評核服務家次按版別分,106659,彙整104至108年TTQS評核服務各版別統計資料,年度;企業機構版;訓練機構版;外訓版;辦訓能力檢核表,勞動部勞動力發展署
TTQS評核服務家次,104至108年TTQS評核服務家次按地區分,106664,彙整104至108年TTQS評核服務家次按地區統計資料,年度;北基宜花金馬區;桃竹苗區;中彰投區;雲嘉南區;高屏澎東區,勞動部勞動力發展署
TTQS認證單位名單,TTQS認證單位名單,41723,截至109年3月止TTQS評核結果名單資料,序號;縣市別;統一編號;公司名稱或單位名稱;評核範圍;版本;牌等;評核效期,勞動部勞動力發展署
TTQS輔導服務時數,104至108年TTQS輔導服務時數按地區分,106661,彙整104至108年TTQS輔導服務時數按地區統計資料,年度;北基宜花金馬區;桃竹苗區;中彰投區;雲嘉南區;高屏澎東區,勞動部勞動力發展署
talent期刊,talent期刊,8174,Talent刊物文章,日期;期數;主題;網址,勞動部勞動力發展署
「即測即評及發證檢定」之承辦單位資料,「即測即評及發證檢定」之承辦單位資料,10102,「即測即評及發證檢定」承辦單位之基本資料,承辦單位名稱;網址;聯絡電話;試務中心地址,勞動部勞動力發展署
主管勞動業務財團法人名冊,勞動部主管勞動業務財團法人名冊,11214,勞動部主管勞動業務財團法人名冊,財團法人名稱;許可設立日期及文號;負責人姓名;基金會地址;聯絡電話;督導單位,勞動部
事業單位團體協約份數,事業單位團體協約份數,40143,事業單位團體協約份數,項目別;事業單位團體協約份數,勞動部
事業單位團體協約份數,事業單位團體協約份數－按地區分,40144,事業單位團體協約份數－按地區分,項目別;事業單位團體協約份數,勞動部
人力需求增減情形,人力需求增減情形,9316,各行業之人力需求增減情形,人力僱用增減家數及人數;預計僱用之各職類淨增減人數,勞動部
人民申請提供政府資訊案件統計,人民申請提供政府資訊案件統計,106941,人民申請提供政府資訊案件統計,項目;相關連結,勞動部
人民申請案件時限一覽表,人民申請案件時限一覽表,42776,人民申請案件時限一覽表,申請業務名稱;應備申請文件;申請費用;受理單位;審查單位;作業天數;備註,勞動部勞工保險局
仲介本國人在國內工作之私立就業服務機構資料,仲介本國人在國內工作之私立就業服務機構資料,6618,提供仲介本國人工作之私立就業服務機構資料,總編號;項次;縣市別;許可證字號;機構名稱;機構地址;機構電話;負責人姓名;機構性質;首次發給執照日期;許可證有效期限;經營業務項目;資本額;員工人數;專業人員_證號,勞動部勞動力發展署
企業工會及產業工會之工會數及工會會員人數,企業工會及產業工會之工會數及工會會員人數－按行業分,40138,企業工會及產業工會之工會數及工會會員人數－按行業分,項目別;企業工會數;企業工會會員人數;產業工會數;產業工會會員人數,勞動部
企業工會及產業工會之工會數及工會會員人數,企業工會及產業工會之工會數及工會會員人數－按地區及行業分,40139,企業工會及產業工會之工會數及工會會員人數－按地區及行業分,項目別;企業工會數;企業工會會員人數;產業工會數;產業工會會員人數,勞動部
企業托兒與哺(集)乳室資訊網-各地方勞工行政主管機關聯絡方式,企業托兒與哺(集)乳室資訊網-各地方勞工行政主管機關聯絡方式,41633,企業托兒與哺(集)乳室資訊網-各地方勞工行政主管機關聯絡方式,機關單位名稱;電話;是否提供托兒設施措施經費補助,勞動部
作業環境監測-機構-認可之辦理勞工作業環境監測及暴露評估訓練機構,作業環境監測-機構-勞動部認可之辦理勞工作業環境監測及暴露評估訓練機構,41458,作業環境監測-機構-勞動部認可之辦理勞工作業環境監測及暴露評估訓練機構,認可之訓練機構名稱;認可有效期限,勞動部職業安全衛生署
作業環境監測機構-認可之作業環境監測機構名單,作業環境監測機構-勞動部認可之作業環境監測機構名單,52287,作業環境監測機構-勞動部認可之作業環境監測機構名單,認可編號;作業環境監測機構名稱;專屬實驗室名稱（編號）;實驗室主任;作業環境監測人員;認可類別/認可有效期限;地址/電話,勞動部職業安全衛生署
依職業災害勞工保護法第10條辦理歷年職業災害預防及職業災害勞工職業重建補助情形,依職業災害勞工保護法第10條辦理歷年職業災害預防及職業災害勞工職業重建補助情形,26776,依職業災害勞工保護法第10條歷年（91-104年）辦理職業災害預防及職業災害勞工職業重建補助情形,計畫名稱;計畫類別;單位名稱;主持人;辦理期間;補助金額,勞動部職業安全衛生署
促進青年就業方案執行成效,促進青年就業方案執行成效,30929,促進青年就業方案執行成效,統計期間;服務及協助人次_各部會;就業人次_各部會;各部會核銷經費_千元;服務及協助人次_勞動部;就業人次_勞動部;勞動部核銷經費_千元,勞動部勞動力發展署
保有個人資料檔案公開項目彙整表,勞動部保有個人資料檔案公開項目彙整表,11218,勞動部保有個人資料檔案公開項目,個人資料檔案名稱;保有依據;特定目的;個人資料類別;保有單位,勞動部
保險費負擔比例一覽表,保險費負擔比例一覽表,40324,有關各項保險費被保險人、單位、政府等三方負擔比例一覽表,被保險人類別;保險費類別;被保險人負擔比例;投保單位負擔比例;政府負擔比例,勞動部勞工保險局
僑外生工作許可核發國家排行統計資訊(前十名),僑外生工作許可核發國家排行統計資訊(前十名),41733,提供僑外生工作許可核發國家排行統計資訊(前十名),國籍;許可人次,勞動部勞動力發展署
僱用管理就業平等概況調查,108年僱用管理就業平等概況調查,127373,工作分配、薪資給付標準、調薪幅度、考核及陞遷性別考量情形,統計項目別;細項;樣本數（人）;會（%）;不會（%）,勞動部
僱用管理性別平等概況調查,僱用管理性別平等概況調查,9820,工作分配、薪資給付標準、調薪幅度、考核及陞遷性別考量情形,統計項目別;細項;樣本數（人）;會（%）;不會（%）,勞動部
免繳就業安定費人數及資格分布,免繳就業安定費人數及資格分布,73207,可瞭解符合就業服務法第55條第3項規定免繳就業安定費之資格分布狀況,免繳就業安定費資格分類;人數,勞動部勞動力發展署
全國執行定額進用義務機關(構)統計表,全國執行定額進用義務機關(構)統計表,45230,提供,項目別;公立機關;公立學校;公營企業;私立學校;私立團體;民營企業,勞動部勞動力發展署
全國庇護工場名冊,全國庇護工場名冊,42815,提供全國庇護工場名冊,縣市;承辦單位名稱;庇護工場名稱;庇護工場屬性;營業項目;可提供庇護性就業數;當月在職庇護員工人數;職缺數;聯絡人聯絡電話地址,勞動部勞動力發展署
全民勞教e網課程,全民勞教e網課程,6643,就業服務、職業訓練、工會與集體協商、勞動條件、勞工保險、性別工作平等、勞工福利、勞資爭議處理、職業安全衛生、身障者就業訓練、勞動權益教材、樂活休閒等13大類計149門課程。,序號;課程名稱;系列名稱;課程長度;作者出處;課程簡介;課程大綱;課程網址,勞動部
全球就業平等法治概況,全球就業平等法治概況,40183,全球就業平等法治概況,國家/組織;機關單位;相關資訊,勞動部
公告修正「申請聘僱外國人從事家庭看護工作之專業評估被看者醫療機構」,公告修正「申請聘僱外國人從事家庭看護工作之專業評估被看者醫療機構」,6608,提供申請聘僱外國人從事看護工作之被看護者醫療機構資料,編號;醫院名稱;所在縣市;現行符合資格之醫院評鑑結果;評鑑效期;醫院住址;醫院電話,勞動部勞動力發展署
初任人員每人每月經常性薪資,初任人員每人每月經常性薪資,6647,各類初任人員每人每月平均經常性薪資,年度;大職業別;經常性薪資;經常性薪資性別比例按教育程度分,勞動部
勞、就保保險費繳款單補單方式,勞、就保保險費繳款單補單方式,14260,勞、就保投保單位申請補發保險費繳款單之方式,編號;繳款單補單方式;說明,勞動部勞工保險局
勞保、就保爭議審議案件結案情形統計表,勞動部勞保、就保爭議審議案件結案情形統計表,27383,統計每季勞動部勞保、就保爭議審議案件辦結之件數、類型及審定結果,種類;審議-駁回;審議-撤銷;不予受理-勞保局依爭議審議辦法第3條之2規定撤銷原核定;不予受理-其他;撤回,勞動部
勞保各類續保人員投保人數統計,勞保各類續保人員投保人數統計,13323,每年裁減續保、已領社會保險給付自願參加職災保險、育嬰留停繼續加保及職災勞工退保後繼續加保等人數統計,年月別;裁減續保者-全部人數;裁減續保者-個人戶;已領養老年給付自願職災續保者;育嬰留停續保者;職災續保者-全部人數;職災續保者-個人戶,勞動部勞工保險局
勞保局「個人網路申報及查詢作業」功能簡介,勞保局「個人網路申報及查詢作業」功能簡介,40326,勞保局服務功能簡介,序號;功能項目;作業細項;查詢試算細項;備註,勞動部勞工保險局
勞保局「個人網路查詢作業」洽詢電話分機一覽表,勞保局「個人網路查詢作業」洽詢電話分機一覽表,48740,提供民眾查詢勞保局e化服務系統「個人網路查詢作業」各項資料之顯示內容有疑問時，可洽詢之負責單位電話分機。,序號;問題內容;查詢類別;查詢項目;負責單位;電話總機;分機或代表號,勞動部勞工保險局
勞保局「投保單位網路申報及查詢作業」功能簡介,勞保局「投保單位網路申報及查詢作業」功能簡介,44053,勞保局「投保單位網路申報及查詢作業」功能簡介,單位別;功能項目;作業項目;作業細項;備註,勞動部勞工保險局
勞保局出版品,勞保局出版品,6408,勞保局各項出版品：業務專輯、為民服務手冊、勞工退休金業務專輯、勞工保險統計年報、勞工保險65週年 - 年金時代、甲子紀事 - 勞工保險60年、文宣品。,序號;出版品名稱;承辦單位;發行日期;出版品編號;網址,勞動部勞工保險局
勞保局各地辦事處,勞保局各地辦事處,6061,勞保局各地辦事處服務項目：承保業務、給付業務、保費業務、勞工退休金及國民年金業務。,縣市別;辦事處地址;緯度;經度;辦事處電話;櫃台服務時間;電話服務時間,勞動部勞工保險局
勞保局各組室主要職掌,勞保局各組室主要職掌,37860,勞保局各組室主要職掌,組室別;掌理事項,勞動部勞工保險局
勞保局委託研究計畫,勞保局委託研究計畫,11236,勞保局各年度委託研究計畫及研究報告,年度;研究計畫名稱;內容連結網址,勞動部勞工保險局
勞保局性別統計指標,勞保局性別統計指標,39540,勞保局性別統計指標,編號;業務別;分類;報表名稱;統計項目;複分類;統計期間;檔案連結,勞動部勞工保險局
勞保局招標資訊,勞保局招標資訊,42770,按月提供勞動部勞工保險局採購案件招標公告,標案案號;標案名稱;標的分類;採購金額;採購金額級距;未來增購權利;預算金額;招標方式;依據法條;機關自定公告日;決標方式;是否提供電子領標;是否提供電子投標;截止投標;開標時間,勞動部勞工保險局
勞保局政策宣導廣告動支情形,勞保局政策宣導廣告動支情形,42768,勞動部勞工保險局政策宣導廣告動支彙整資料,主要內容;宣導方式;刊登/播出時間;次數;總金額;托播對象,勞動部勞工保險局
勞保局新投保單位及投保單位新承辦人業務說明會,勞保局新投保單位及投保單位新承辦人業務說明會,43726,勞保局新投保單位及投保單位新承辦人業務說明會,名稱;執行期間;目標;對象;授課方式;每場實施期間;授課內容;授課地點;邀請參加,勞動部勞工保險局
勞保局最新消息,勞保局最新消息,39541,勞保局最新消息,日期;標題;網址,勞動部勞工保險局
勞保局服務事項,勞保局服務事項,40327,勞保局服務事項,業務別;服務項目;應備書件;處理時間,勞動部勞工保險局
勞保局服務電話,勞保局服務電話,45577,勞保局服務電話,序號;單位/類別;科別;承辦業務;證號分碼/業務分項;分機/代表號;傳真代表號,勞動部勞工保險局
勞保局校園深耕勞動保障說明會,勞保局校園深耕勞動保障說明會,43100,勞保局校園深耕勞動保障說明會,單位;地址;專線電話;傳真號碼;服務轄區,勞動部勞工保險局
勞保局業務調整對照表,勞保局業務調整對照表,37861,勞保局業務調整對照表,組改前科別名稱;組改後新科別名稱,勞動部勞工保險局
勞保局行事曆,勞保局行事曆,42795,提供提醒或預告服務民眾例行或非例行的公告事項，例如：每月勞保國保老年年金、老農津貼......預訂入帳日、繳款單寄發日等，供民眾參考使用。,日期;類別1;類別2;類別3;事件名稱,勞動部勞工保險局
勞保局請託關說登錄專區,勞保局請託關說登錄專區,54745,勞保局請託關說登錄專區,年度;件數,勞動部勞工保險局
勞保局雙語詞彙,勞保局雙語詞彙,64021,勞保局雙語詞彙,序號;中文名稱;英文名稱,勞動部勞工保險局
勞保年金預定入帳日,勞保年金預定入帳日,40325,勞保年金各給付年月預定入帳日期,給付年月;入帳日期,勞動部勞工保險局
勞保投保薪資分級表,勞保投保薪資分級表,6258,提供投保單位及被保險人查對月薪資總額適用之投保薪資等級,身分別;投保薪資等級;月薪資總額;月投保薪資,勞動部勞工保險局
勞保暨就保保費、滯納金及墊償基金應收己收統計表(類別序),勞保暨就保保費、滯納金及墊償基金應收己收統計表(類別序),15220,勞保暨就保保費、滯納金及墊償基金應收己收統計表(類別序)，統計每個類別之勞保保費、就保保費、滯納金及墊償基金之件數及金額；計算區間為上個月系統處理之資料,入帳年月;類別;勞保件數;勞保金額;勞保滯納金件數;勞保滯納金金額;墊償件數;墊償金額;就保件數;就保金額;就保滯納金件數;就保滯納金金額,勞動部勞工保險局
勞保現金給付1次給付(不含差額金),勞保現金給付一次給付(不含差額金),92172,106年起之統計,核付年;核付月;地區別;類別;業別;性別;年齡;給付種類;傷病分類;核付件數;核付金額,勞動部勞工保險局
勞保現金給付1次給付(差額金),勞保現金給付一次給付(差額金),93935,前一年度之統計,核付年;核付月;地區別;類別;業別;性別;年齡;給付種類;傷病分類;核付件數;金額,勞動部勞工保險局
勞保老年給付試算管道,勞保老年給付試算管道,33378,提供老年給付三種試算金額管道,查詢方式;查詢地點;查詢功能;注意事項,勞動部勞工保險局
勞保老年給付趨勢分析統計表,勞保老年給付趨勢分析統計表,13325,勞保老年給付核付件數統計表,一次判別;性別名稱;類別;40－44歲;45－49歲;50－54歲;55－59歲;60－64歲;65－69歲;70－74歲;75－79歲;80－84歲;85－89歲;90歲以上,勞動部勞工保險局
勞保職災醫療給付介紹,勞保職災醫療給付介紹,34048,勞保職災醫療給付係委託中央健康保險署辦理，被保險人遭遇職業傷害或罹患職業病，可持投保單位填發之勞保職災醫療書單至全民健康保險特約醫療院所申請診療。,項目;說明;法規,勞動部勞工保險局
勞保費轉帳扣款成功件數,勞保費轉帳扣款成功件數,46607,勞保費轉帳扣款成功件數,年度;第一次扣款成功件數;第二次扣款成功件數,勞動部勞工保險局
勞動力發展數位服務平台教材相關資訊及會員觀看人次及時數累計,勞動力發展數位服務平台教材相關資訊及會員觀看人次及時數累計,18573,提供數位服務平台提供教材及會員使用之狀況，可供民眾了解並吸引民眾加入會員,統計期間;數位教材種類名稱;數位教材統計數量;會員觀看累計統計數量;教材閱讀累計時數統計,勞動部勞動力發展署
勞動力發展署-新聞稿,勞動力發展署─新聞稿,11205,提供勞動力發展署發布新聞稿,title;link;description;pubDate;keywords,勞動部勞動力發展署
勞動力發展署-最新消息,勞動力發展署─最新消息,11204,提供勞動力發展署發布最新消息,title;link;description;pubDate;keywords,勞動部勞動力發展署
勞動力發展署-法規查詢,勞動力發展署─法規查詢,11206,提供勞動力發展署發布法規,title;link;description;pubDate;keywords,勞動部勞動力發展署
勞動力發展署及所屬對民間團體及個人之補(捐)助情形季報表,勞動力發展署及所屬對民間團體及個人之補(捐)助情形季報表,45215,勞動力發展署及所屬對民間團體及個人之補(捐)助情形季報表,受補_捐（獎）助種類;受補_捐（獎）助單位名稱;補_捐（獎）助計畫名稱;列支科目名稱;補_捐（獎）助金額;受補助對象所在直轄市或縣市別,勞動部勞動力發展署
勞動力發展署及所屬會計月報,勞動部勞動力發展署及所屬會計月報,32300,勞動部勞動力發展署及所屬會計月報,勞動部勞動力發展署及所屬執行概況;公告勞動部勞動力發展署及所屬108年度8月份會計月報;勞動部勞動力發展署及所屬108年度9月份會計月報;公告勞動部勞動力發展署及所屬108年度10月份會計月報;勞動部勞動力發展署及所屬108年度11月份會計月報;勞動部勞動力發展署及所屬108年度12月份會計月報;勞動部勞動力發展署及所屬109年度1月份會計月報;勞動部勞動力發展署及所屬109年度2月份會計月報;勞動部勞動力發展署及所屬109年度3月份會計月報;勞動部勞動力發展署及所屬109年度4月份會計月報;勞動部勞動力發展署及所屬109年度5月份會計月報;勞動部勞動力發展署及所屬109年度6月份會計月報;勞動部勞動力發展署及所屬公務預算109年度7月份會計月報;勞動部勞動力發展署及所屬109年度8月份會計月報,勞動部勞動力發展署
勞動力發展署及所屬決算概況,勞動部勞動力發展署及所屬決算概況,18901,勞動部勞動力發展署及所屬決算概況,勞動部勞動力發展署及所屬決算概況;勞動部勞動力發展署及所屬108年度單位決算,勞動部勞動力發展署
勞動力發展署及所屬預算概況,勞動部勞動力發展署及所屬預算概況,12559,勞動部勞動力發展署及所屬預算概況,勞動部勞動力發展署及所屬預算概況,勞動部勞動力發展署
勞動力發展署委託或補助訓練單位辦訓成效之星等評鑑,105年度勞動力發展署委託或補助訓練單位辦訓成效之星等評鑑,40307,求職及就業: 係指各種求職、勞工權益、職場保障等相關資料集,編號;訓練機構;縣市;立案地址;行政管理;訓練實施;訓練績效;總分;備註,勞動部勞動力發展署
勞動力發展署委託或補助訓練單位辦訓成效之星等評鑑,106年度勞動力發展署委託或補助訓練單位辦訓成效之星等評鑑,62932,求職及就業: 係指各種求職、勞工權益、職場保障等相關資料集,編號;訓練機構;立案地址;行政管理;訓練實施;訓練績效;總分;備註,勞動部勞動力發展署
勞動力發展署就業服務據點資訊,勞動部勞動力發展署就業服務據點資訊,24562,勞動部勞動力發展署就業服務據點資訊,名稱;地址;電話;傳真;服務時間;備註,勞動部勞動力發展署
勞動力發展署所屬分署自辦在職訓練課程資訊,勞動部勞動力發展署所屬分署自辦在職訓練課程資訊,6614,提供勞動力發展署自行辦理之在職訓練課程資訊,辦理單位;開班單位;訓練期間;訓練時段;訓練時數;訓練地點;訓練位置;報名日期;甄試日期;負擔費用;聯絡人;聯絡電話;課程名稱;期別;課程代碼;訓練概要;課程內容,勞動部勞動力發展署
勞動力發展署政府服務獎評審結果,勞動部勞動力發展署政府服務獎評審結果,54219,本部配合國發會第三屆「政府服務獎」評獎之主題訂為「創新•包容的政府服務」，鼓勵本部各單位及所屬機關(構)各單位及所屬機關(構)扣合行政院施政主軸，強化機關服務作為與政府施政連結性，以人為本，提出善用數位科技、公私協力且具多元包容性之創新服務，兼顧經濟、環境及社會永續發展，進而擴散優質服務效益，樹立標竿學習楷模。,年度;參獎類別;名次;參獎機關,勞動部勞動力發展署
勞動力發展署業務報告,勞動力發展署業務報告,6613,提供勞動力發展署年度業務報告資料,期別;網址,勞動部勞動力發展署
勞動力發展署自辦職前訓練班級資料,101年至105年勞動部勞動力發展署自辦職前訓練班級資料,42811,101年至105年勞動部勞動力發展署自辦職前訓練班級資料(年度、訓練單位、訓練地點、班級名稱、訓練職類、開結訓日期、受訓資格、訓練時數、就業率),年度;機構名稱;訓練地址;班級名稱;訓練職類大類;開訓日期;結訓日期;受訓資格;訓練時數;就業率,勞動部勞動力發展署
勞動力發展署自辦職前訓練班級資料,106年勞動部勞動力發展署自辦職前訓練班級資料,92041,106年勞動部勞動力發展署自辦職前訓練班級資料(年度、訓練單位、訓練地點、班級名稱、訓練職類、開結訓日期、受訓資格、訓練時數、就業率),年度;機構名稱;訓練地址;班級名稱;訓練職類;開訓日期;結訓日期;受訓資格;訓練時數;就業率,勞動部勞動力發展署
勞動力與創新期刊,勞動力與創新期刊,36177,勞動力與創新期刊之內容,年度;期數;主題;單元;網址,勞動部勞動力發展署
勞動及職業安全衛生研究所_各年度研究報告,勞動及職業安全衛生研究所_各年度研究報告,6154,勞動及職業安全衛生研究所各年度研究計畫之成果報告,中文研究報告名稱;計畫編號;組別;出版年;檔案下載,勞動部勞動及職業安全衛生研究所
勞動及職業安全衛生研究所各年度單位決算,勞動部勞動及職業安全衛生研究所各年度單位決算,21145,各年度單位決算,施政計畫實施狀況及績效;歲入來源別決算表;歲出政事別決算表;歲入類現金出納表;經類現金出納表等,勞動部勞動及職業安全衛生研究所
勞動及職業安全衛生研究所各年度單位預算,勞動部勞動及職業安全衛生研究所各年度單位預算,21146,各年度單位預算,歲入項目說明提要表;歲出計畫提要及分支計畫概況表等17表;107年度預算書;108年度預算書;109年度預算書;110年度預算案,勞動部勞動及職業安全衛生研究所
勞動及職業安全衛生研究所單位預算,勞動部勞動及職業安全衛生研究所104年度單位預算,12659,勞動部勞動及職業安全衛生研究所104年度單位預算,歲入項目說明提要表;歲出計畫提要及分支計畫概況表等17表,勞動部勞動及職業安全衛生研究所
勞動及職業安全衛生研究所會計月報,勞動部勞動及職業安全衛生研究所104年度會計月報,21129,歲入類平衡表、歲入類現金出納表、歲入累計表、經費類平衡表、經費類現金出納表、經費累計表、以前年度歲入保留數餘額表等28表,歲入類平衡表;歲入類現金出納表;歲入累計表;經費類平衡表;經費類現金出納表;經費累計表;以前年度歲入保留數餘額表等28表,勞動部勞動及職業安全衛生研究所
勞動及職業安全衛生研究所會計月報,勞動部勞動及職業安全衛生研究所105年度會計月報,31631,歲入累計表、經費累計表、以前度歲出轉入數累計表、平衡表、資本資產表及其變動表等10表,歲入累計表;經費累計表;以前度歲出轉入數累計表;平衡表;資本資產表及其變動表等10表,勞動部勞動及職業安全衛生研究所
勞動基準法洽詢管道,勞動基準法洽詢管道,40187,勞動基準法疑義詢問,各地勞工行政主管機關;地址;電話,勞動部
勞動基準法相關假別表,勞動基準法相關假別表,40189,勞動基準法相關假別表,假別;給假原則;法規依據,勞動部
勞動基準法第84條之1核定工作者,勞動基準法第84條之1核定工作者,6280,有關核定適用與廢止勞動基準法第84條之1工作者公告,核定文號;廢止文號;場所（單位）;人員;備註,勞動部
勞動基準法適用公告,勞動基準法適用公告,6279,有關勞動基準法適用行業與工作者之公告,勞動基準法適用公告項目,勞動部
勞動基準法適用原則,勞動基準法適用原則,40188,勞動基準法適用行業別,分類;主題;資料提供單位;內容;文號,勞動部
勞動基金運用局單位會計月報,勞動部勞動基金運用局單位會計月報,21236,基金運用局單位會計月報,歲入累計表;經費累計表;平衡表等;成本累計表;平衡表,勞動部勞動基金運用局
勞動基金運用局單位決算,勞動部勞動基金運用局單位決算,13237,基金運用局單位決算,歲入來源別決算表;歲出政事別決算表 ;歲出機關別決算表 ;平衡表;歲出政事別決算表;歲出機關別決算表,勞動部勞動基金運用局
勞動基金運用局單位預算(法定預算),勞動部勞動基金運用局單位預算(法定預算),12259,基金運用局單位法定預算,預算總說明;歲入來源別預算表;歲出機關別預算表等主要表;附屬表,勞動部勞動基金運用局
勞動基金運用局單位預算案,勞動部勞動基金運用局單位預算案,21306,基金運用局單位預算案,預算總說明;歲入來源別預算表;歲出機關別預算表等主要表;附屬表,勞動部勞動基金運用局
勞動基金運用局性別統計表,勞動部勞動基金運用局性別統計表,13238,職員性別人數統計,年度;職稱;性別;人數,勞動部勞動基金運用局
勞動市場概況企業資訊,勞動市場概況企業資訊,40184,國際勞動市場概況企業資訊,國家;主題;相關資訊,勞動部
勞動檢查事業單位違反勞動基準法及勞工安全衛生法移送處分情形(年度),勞動檢查事業單位違反勞動基準法及勞工安全衛生法移送處分情形(年度),41525,勞動檢查事業單位違反勞動基準法及勞工安全衛生法移送處分情形(年度),年度;檢查機構名稱;違反法規名稱;處分種類;處分件數,勞動部職業安全衛生署
勞動檢查管理統計數據,勞動檢查管理統計數據,21049,各勞動檢查機構實施檢查場次及處分統計資料,年度別;檢查機構;勞動條件檢查次數;勞動條件違反件數;安全衛生檢查次數;安全衛生違反件數,勞動部職業安全衛生署
勞動統計刊物,勞動部勞動統計刊物,7885,勞動統計刊物蒐集本部（含所屬機關）及各勞工單位執行業務所為之統計，並蒐集國際間勞動相關之統計，彙整成冊，並上載於網站供各界參用。,統計刊物名稱;刊印週期;網址,勞動部
勞動統計名詞對照表,勞動統計名詞對照表,40123,勞動統計名詞對照表,統計類別;統計名詞細分類;項目;統計名詞解釋,勞動部
勞就保保險費分擔金額表,勞就保保險費分擔金額表,6259,提供投保單位及被保險人查詢每月個別應負擔之勞、就保保險費,序號;普通費率;就保費率;投保薪資;勞工應負擔保費金額;單位應負擔保費金額,勞動部勞工保險局
勞就保爭議審議案件結果查詢,勞就保爭議審議案件結果查詢,40180,爭議審議案件審定書資料,受理日期;受理號碼;處理結果,勞動部
勞工保險保險費欠費單位數量及欠費金額統計月報表,勞工保險保險費欠費單位數量及欠費金額統計月報表,14263,提供投保單位勞工保險欠費統計資料,製表日期;欠費金額級距不包括上限;本月份欠費單位數;本月份欠費總金額,勞動部勞工保險局
勞工保險單位、人數,勞工保險單位、人數,13351,最近一年度之勞保單位、人數－按業別、規模別分,統計期;規模別;計量單位;農林漁牧業;礦業及土石採取業;製造業;電力及燃氣供應業;用水供應及污染整治業;營建工程業;批發及零售業;運輸及倉儲業;住宿及餐飲業;出版影音製作傳播及資通訊服務業;金融及保險業;不動產業;專業科學及技術服務業;支援服務業;公共行政及國防_強制性社會安全;教育業;醫療保健及社會工作服務業;藝術娛樂及休閒服務業;其他服務業,勞動部勞工保險局
勞工保險基金國內投資股票類別,勞工保險基金國內投資股票類別,30813,提供月底勞工保險基金國內投資股票類別,年月;投資類別;勞工保險基金,勞動部勞動基金運用局
勞工保險基金年度經營概況,勞工保險基金年度經營概況,57162,提供年度勞工保險基金經營概況,年度;基金運用餘額;基金收益數;收益率,勞動部勞動基金運用局
勞工保險基金投資運用情形,勞工保險基金投資運用情形,13223,提供每月底勞工保險基金投資運用情形,轉存金融機構;股票及受益憑證;期貨;公債金融債券公司債;證券化商品;短期票券;國外投資;委託經營;房屋及土地;政府機關或公營事業貸款;被保險人貸款,勞動部勞動基金運用局
勞工保險基金每月經營概況,勞工保險基金每月經營概況,31700,提供每月底勞工保險基金經營概況,月別;基金運用餘額;基金收益數;收益率,勞動部勞動基金運用局
勞工保險基金社會責任投資(SRI)比例,勞工保險基金社會責任投資（SRI）比例,33546,統計勞工保險基金投資於社會責任相關評選優良企業金額占國內股票部位比例,日期;勞工保險基金社會責任投資（SRI）比例,勞動部勞動基金運用局
勞工保險失能給付標準第3條附表,勞工保險失能給付標準第三條附表,37863,依照勞工保險條例第54條之1第1項訂定有關失能種類、狀態、等級、開具診斷書醫療機構層級及審核基準等事項之標準。,失能種類;失能項目;失能狀態;失能等級;失能審核;開具診斷書醫療機構層級,勞動部勞工保險局
勞工保險局e化服務系統諮詢,勞工保險局e化服務系統諮詢,37864,勞工保險局e化服務系統諮詢,服務時段;時間;諮詢專線,勞動部勞工保險局
勞工保險局作業基金會計月報,勞工保險局作業基金會計月報,19448,勞工保險局作業基金會計月報,平衡表;收支餘絀表,勞動部勞工保險局
勞工保險局作業基金附屬單位決算,勞工保險局作業基金附屬單位決算,28321,勞工保險局作業基金附屬單位決算,依總決算附屬單位決算編製作業手冊規定編製平衡表;收支餘絀決算表;現金流量決算表等。,勞動部勞工保險局
勞工保險局作業基金附屬單位預算,勞工保險局作業基金附屬單位預算,11239,最近一年度之預算,依總預算附屬單位預算編製作業手冊規定編製，包括收支預計表及現金流量預計表。,勞動部勞工保險局
勞工保險局保有及管理個人資料之項目彙整表,勞動部勞工保險局保有及管理個人資料之項目彙整表,11235,公開勞動部勞工保險局所保有及管理之個人資料項目,個人資料檔案名稱;保有依據;個人資料類別;保有單位,勞動部勞工保險局
勞工保險局公務預算支付之補助,勞動部勞工保險局公務預算支付之補助,37862,支付之補助報表,補助類別;受補（捐）助單位名稱;補（捐）助計畫名稱;列支科目名稱;補_捐（獎）助金額;核准日期;受補助對象所在直轄市或縣市別,勞動部勞工保險局
勞工保險局公務預算會計月報,勞動部勞工保險局公務預算會計月報,19447,勞動部勞工保險局公務預算會計月報,歲入累計表;經費累計表;以前年度歲入轉入數累計表;以前年度歲出轉入數累計表;平衡表;資本資產表;資本資產變動表;歲出用途別累計表;收入實現數與繳付公庫數分析表;支出實現數與公庫撥入數分析表;收入支出彙計表,勞動部勞工保險局
勞工保險局單位決算,勞動部勞工保險局單位決算,28320,勞動部勞工保險局單位決算,依總決算編製作業手冊規定編製歲入來源別決算表;歲出機關別決算表;歲出政事別決算表;以前年度歲入來源別轉入數決算表等。,勞動部勞工保險局
勞工保險局單位預算,勞動部勞工保險局單位預算,11238,最近一年度之預算,依總預算編製作業手冊規定編製，包括歲入來源別預算表;歲出機關別預算表;歲入項目說明提要表;歲出計畫提要及分支計畫概況表暨分析表等。,勞動部勞工保險局
勞工保險局委託代收、轉帳保險費金融機構一覽表,勞工保險局委託代收、轉帳保險費金融機構一覽表,6268,勞工保險局委託代收、轉帳保險費金融機構名稱,主辦銀行;複委託銀行;金資代號;代收;轉帳;網路銀行;網路ATM,勞動部勞工保險局
勞工保險局廉政會報設置要點,勞動部勞工保險局廉政會報設置要點,11234,勞動部勞工保險局廉政會報設置要點,設置目的;任務;組織編制;期程;出席人員;其他,勞動部勞工保險局
勞工保險局業務說明會相關資訊,勞動部勞工保險局業務說明會相關資訊,13319,公開本局業務說明會辦理日期、時間、地點等資訊,場次;辦理地區;日期;時間;地點;主辦單位電話代表號;報名傳真,勞動部勞工保險局
勞工保險局業管年金給付介紹,勞工保險局業管年金給付介紹,6062,勞工保險局業管年金給付介紹包含勞保老年年金給付、勞保失能年金給付、勞保遺屬年金給付、國保老年年金給付、國保老年基本保證年金、國保身心障礙年金給付、國保身心障礙基本保證年金、國保遺屬年金給付、國保原住民給付、勞工退休金月退休金及勞工退休金年金保險。,保險別;給付種類;說明;網址,勞動部勞工保險局
勞工保險局積欠工資墊償當年各月墊償統計資料,勞工保險局積欠工資墊償當年各月墊償統計資料,6448,當年各月之墊償件數、單位數、人數、金額統計數據,年月;墊付件數;墊付家數;墊付人數;已墊付金額,勞動部勞工保險局
勞工保險局補助職業工會辦理勞工保險業務行政事務費統計表,勞動部勞工保險局補助職業工會辦理勞工保險業務行政事務費統計表,11237,提供職業工會、漁會勞工保險業務行政事務費各縣市統計資料,縣市別;計費單位數;核付人次;核付金額,勞動部勞工保險局
勞工保險局附屬單位決算,勞工保險局附屬單位決算,11242,最近一年度之決算,依中央政府總決算附屬單位決算編製作業手冊規定編製，包括損益表;資產負債表;現金流量表等。,勞動部勞工保險局
勞工保險平均投保薪資,勞工保險平均投保薪資-按行業別,33357,提供當年度各行業別之勞工保險每月平均投保薪資,行業別;1月;2月;3月;4月;5月;6月;7月;8月;9月;10月;11月;12月,勞動部勞工保險局
勞工保險平均投保薪資,勞工保險平均投保薪資-按類別,33371,提供當年度各類別之勞工保險每月平均投保薪資,類別;1月;2月;3月;4月;5月;6月;7月;8月;9月;10月;11月;12月,勞動部勞工保險局
勞工保險年金給付初次核付人數,勞工保險年金給付初次核付人數,13324,勞保各項年金給付每月初次核付人數,民國年月;給付種類;人數,勞動部勞工保險局
勞工保險應計保險費,勞工保險應計保險費-按類別,33360,提供當年度各類別之勞工保險應計保險費,種類;1月投保人數;1月應計保險費;2月投保人數;2月應計保險費;3月投保人數;3月應計保險費;4月投保人數;4月應計保險費;5月投保人數;5月應計保險費;6月投保人數;6月應計保險費;7月投保人數;7月應計保險費;8月投保人數;8月應計保險費;9月投保人數;9月應計保險費;10月投保人數;10月應計保險費;11月投保人數;11月應計保險費;12月投保人數;12月應計保險費,勞動部勞工保險局
勞工保險投保人數及投保薪資,勞工保險投保人數-按地區別及投保薪資,119861,提供當年度各地區別之各投保薪資等級勞工保險投保人數。,年度;地區別;月投保薪資等級;投保人數,勞動部勞工保險局
勞工保險投保單位、人數及平均投保薪資原始統計資料,勞工保險投保單位、人數及平均投保薪資原始統計資料,100999,提供當年度各地區、類別及業別之勞工保險投保單位數、投保人數及平均投保薪資等原始統計資料,資料年月;地區別;單位類別;業別;單位就保註記;上月底單位數;本月加保單位數;本月退保單位數;本月底單位數;上月底投保人數;本月加保投保人數;本月退保投保人數;本月底投保人數;平均投保薪資,勞動部勞工保險局
勞工保險投保單位數及人數,勞工保險投保單位數及人數-按類別,33368,依類別區分當年度各月份之勞工保險單位數及人數等統計資料,類別;1月份單位數;1月份人數;2月份單位數;2月份人數;3月份單位數;3月份人數;4月份單位數;4月份人數;5月份單位數;5月份人數;6月份單位數;6月份人數;7月份單位數;7月份人數;8月份單位數;8月份人數;9月份單位數;9月份人數;10月份單位數;10月份人數;11月份單位數;11月份人數;12月份單位數;12月份人數,勞動部勞工保險局
勞工保險投保單位數及人數,勞工保險投保單位數及人數-按行業別,33369,依行業別區分當年度各月份之勞工保險單位數及人數等統計資料,行業別;1月份單位數;1月份人數;2月份單位數;2月份人數;3月份單位數;3月份人數;4月份單位數;4月份人數;5月份單位數;5月份人數;6月份單位數;6月份人數;7月份單位數;7月份人數;8月份單位數;8月份人數;9月份單位數;9月份人數;10月份單位數;10月份人數;11月份單位數;11月份人數;12月份單位數;12月份人數,勞動部勞工保險局
勞工保險投保單位數及人數-按規模,勞工保險投保單位數及人數-按規模,33370,依規模別區分當年度各月份之勞工保險單位數及人數等統計資料,規模別;1月份單位數;1月份人數;2月份單位數;2月份人數;3月份單位數;3月份人數;4月份單位數;4月份人數;5月份單位數;5月份人數;6月份單位數;6月份人數;7月份單位數;7月份人數;8月份單位數;8月份人數;9月份單位數;9月份人數;10月份單位數;10月份人數;11月份單位數;11月份人數;12月份單位數;12月份人數,勞動部勞工保險局
勞工保險法令規章,勞工保險法令規章,54765,勞工保險法令規章,序號;法規類別;法規名稱;網址,勞動部勞工保險局
勞工保險生育給付件數,勞工保險生育給付件數－按年齡組別分,36842,勞工保險生育給付核付件數之統計,年度;未滿15歲;15－19歲;20－24歲;25－29歲;30－34歲;35－39歲;40－44歲;45－49歲;50－54歲;55－59歲;60－64歲;65歲以上,勞動部勞工保險局
勞工保險生育給付金額,勞工保險生育給付金額－按年齡組別分,37877,勞工保險生育給付核付金額之統計,年度;未滿15歲;15－19歲;20－24歲;25－29歲;30－34歲;35－39歲;40－44歲;45－49歲;50－54歲;55－59歲;60－64歲;65歲以上,勞動部勞工保險局
勞工保險監理會委員名單,勞動部勞工保險監理會委員名單,41642,勞動部勞工保險監理會委員名單,委員姓名;代表性質,勞動部
勞工保險監理會會議紀錄,勞動部勞工保險監理會會議紀錄,41526,勞動部勞工保險監理會會議紀錄,會議紀錄名稱;開會時間;主持人;全文,勞動部
勞工保險統計年報,勞工保險統計年報,11245,最近一年度之勞工保險統計年報,編號;業務別;分類;報表名稱;統計項目;複分類;統計期間;檔案連結,勞動部勞工保險局
勞工保險職業傷害給付人次,勞工保險職業傷害給付人次-按職業傷害類型、性別及年齡組別分,13333,108年起之統計，含傷病、失能、死亡給付,給付種類;職業傷害類型;性別;年齡組別;給付人次,勞動部勞工保險局
勞工保險職業傷害給付人次,勞工保險職業傷害給付人次-按職業傷害類型、性別及行業別分,13334,108年起之統計，含傷病、失能、死亡給付,給付種類;職業傷害類型;性別;行業別;給付人次,勞動部勞工保險局
勞工保險職業災害住院給付件數、金額,勞工保險職業災害住院給付件數、金額(地區),13357,最近一年度之勞保職災住院給付件數、金額－按性別、地區別分,統計期;縣市;男件數;男金額;女件數;女金額;總件數;總金額,勞動部勞工保險局
勞工保險職業災害住院給付件數、金額(年齡),勞工保險職業災害住院給付件數、金額(年齡),13358,最近一年度之勞保職災住院給付件數、金額－按性別、年齡組別分,統計期;年齡組別;男件數;男金額;女件數;女金額;總件數;總金額,勞動部勞工保險局
勞工保險職業災害住院給付件數、金額(行業),勞工保險職業災害住院給付件數、金額(行業),13359,最近一年度之勞保職災住院給付件數、金額－按性別、行業別分,統計期;行業;男件數;男金額;女件數;女金額;總件數;總金額,勞動部勞工保險局
勞工保險職業災害門診給付件數、金額,勞工保險職業災害門診給付件數、金額(地區),13360,最近一年度之勞保職災門診給付件數、金額－按性別、地區別分,統計期;縣市;男件數;男金額;女件數;女金額;總件數;總金額,勞動部勞工保險局
勞工保險職業災害門診給付件數、金額(年齡),勞工保險職業災害門診給付件數、金額(年齡),13361,最近一年度之勞保職災門診給付件數、金額－按性別、年齡組別分,統計期;年齡組別;男件數;男金額;女件數;女金額;總件數;總金額,勞動部勞工保險局
勞工保險職業災害門診給付件數、金額(行業),勞工保險職業災害門診給付件數、金額(行業),13362,最近一年度之勞保職災門診給付件數、金額－按性別、行業別分,統計期;行業;男件數;男金額;女件數;女金額;總件數;總金額,勞動部勞工保險局
勞工保險職業病種類表,勞工保險職業病種類表,13326,勞工保險條例第34條附表,類;項;職業病名稱;適用職業範圍,勞動部勞工保險局
勞工保險職業病給付人次,勞工保險職業病給付人次-按職業病成因、性別及年齡組別分,13331,108年起之統計，含傷病、失能、死亡給付,給付種類;職業病成因;性別;年齡組別;給付人次,勞動部勞工保險局
勞工保險職業病給付人次,勞工保險職業病給付人次-按職業病成因、性別及行業別分,13332,108年起之統計，含傷病、失能、死亡給付,給付種類;職業病成因;性別;行業別;給付人次,勞動部勞工保險局
勞工保險被保險人因執行職務而致傷病審查準則,勞工保險被保險人因執行職務而致傷病審查準則,37876,依照勞工保險條例第34條第2項訂定之審查標準,條號;內容,勞動部勞工保險局
勞工保險預防職業病健康檢查之檢查對象及項目,勞工保險預防職業病健康檢查之檢查對象及項目,6270,符合「勞工健康保護規則」所列特別危害健康作業或曾從事石綿作業而現職非從事之被保險人，最近加保年資連續滿1年者，每年度得申請勞工保險預防職業病健康檢查1次。,檢查類別代號;檢查對象;檢查項目1;檢查項目2;檢查項目3;檢查項目4;檢查項目5;檢查項目6;檢查項目7;檢查項目8;檢查項目9;檢查項目10,勞動部勞工保險局
勞工保險預防職業病健檢給付件數、金額,勞工保險預防職業病健檢給付件數、金額(地區),13363,最近一年度之勞保預防健檢給付件數、金額－按性別、地區別分,統計期;縣市;男件數;男金額;女件數;女金額,勞動部勞工保險局
勞工保險預防職業病健檢給付件數、金額(年齡),勞工保險預防職業病健檢給付件數、金額(年齡),13364,最近一年度之勞保預防健檢給付件數、金額－按性別、年齡組別分,統計期;年齡組別;男件數;男金額;女件數;女金額,勞動部勞工保險局
勞工保險預防職業病健檢給付件數、金額(行業),勞工保險預防職業病健檢給付件數、金額(行業),13365,最近一年度之勞保預防健檢給付件數、金額－按性別、行業別分,統計期;行業;男件數;男金額;女件數;女金額,勞動部勞工保險局
勞工健康體能常模-反應、平衡、心肺耐力等級表,勞工健康體能常模-反應、平衡、心肺耐力等級表,40596,勞工健康體能常模-反應、平衡、心肺耐力等級表,行業別;年齡層;性別;測試級別;測試方式;量測值,勞動部勞動及職業安全衛生研究所
勞工健康體能常模-肌力與肌耐力等級表,勞工健康體能常模-肌力與肌耐力等級表,40593,勞工健康體能常模-肌力與肌耐力等級表,行業別;年齡層;性別;測試級別;測試方式;量測值,勞動部勞動及職業安全衛生研究所
勞工健康體能常模-腰部活動度與身體柔軟度等級表,勞工健康體能常模-腰部活動度與身體柔軟度等級表,40595,勞工健康體能常模-腰部活動度與身體柔軟度等級表,行業別;年齡層;性別;測試級別;測試方式;適當範圍值/量測值,勞動部勞動及職業安全衛生研究所
勞工健康體能常模-身體組成等級表,勞工健康體能常模-身體組成等級表,40591,勞工健康體能常模-身體組成等級表,行業別;年齡層;性別;身材級別;測試方式;量測值,勞動部勞動及職業安全衛生研究所
勞工健康體能常模-頸部活動度等級表,勞工健康體能常模-頸部活動度等級表,40594,勞工健康體能常模-頸部活動度等級表,行業別;年齡層;性別;測試方式;適當範圍值,勞動部勞動及職業安全衛生研究所
勞工安全衛生技術叢書,勞工安全衛生技術叢書,6622,勞工安全衛生技術叢書,技術叢書名稱;出版年月;出版單位;業務單位;作者;網址,勞動部勞動及職業安全衛生研究所
勞工安全衛生教育訓練單位評鑑結果績優名單,勞工安全衛生教育訓練單位評鑑結果績優名單,6341,收錄近3年勞工安全衛生教育訓練單位評鑑結果績優名單,評鑑年度;受評職類;等級;受評單位,勞動部職業安全衛生署
勞工安全衛生研究季刊,勞工安全衛生研究季刊,6642,安全衛生學術期刊，每3個月發行,PublishDate;Volume;Number;name;Author;Path,勞動部勞動及職業安全衛生研究所
勞工安全衛生研究年報,勞工安全衛生研究年報,7886,勞動部勞工安全衛生研究所年報,出版年月;年報名稱;出版地點;展售;作者;網址,勞動部勞動及職業安全衛生研究所
勞工安全衛生簡訊,勞工安全衛生簡訊,6621,安全衛生科普雜誌，雙月刊發行,出版時間;期別;專題名稱;篇名;作者;網址,勞動部勞動及職業安全衛生研究所
勞工志願服務概況,勞工志願服務概況,40174,勞工志願服務概況,項目別;志工隊數;志工人數;服務總時數;服務總人次;教育訓練總時數;教育訓練總人次,勞動部
勞工志願服務概況,勞工志願服務概況－按地區分,40175,勞工志願服務概況－按地區分,項目別;志工隊數;志工人數;服務總時數;服務總人次;教育訓練總時數;教育訓練總人次,勞動部
勞工服務中心服務件數,勞工服務中心服務件數,40172,勞工服務中心服務件數,項目別;勞工服務中心服務件數,勞動部
勞工服務中心服務件數,勞工服務中心服務件數－按地區分,40173,勞工服務中心服務件數－按地區分,項目別;勞工服務中心服務件數,勞動部
勞工特殊健康檢查健康管理分級列第3級以上人員統計數據,勞工特殊健康檢查健康管理分級列第三級以上人員統計數據,43261,勞工特殊健檢第三級管理以上追蹤檢查之勞工人次,項目別;105年,勞動部職業安全衛生署
勞工生活及就業狀況調查,勞工生活及就業狀況調查,9819,工作場所、工作時數、工資、工作負荷量、整體工作等滿意情形,統計項目別;細項;樣本數（人）;很滿意（%）;滿意（%）;普通（%）;不滿意（%）;很不滿意（%）,勞動部
勞工申訴陳情案件處理情形按行業分(年度),勞工申訴陳情案件處理情形按行業分(年度),41524,勞工申訴陳情案件處理情形按行業分(年度),年度;行業別;申訴種類;申訴件數;處理情形-法規依據;處理種類;處理件數,勞動部職業安全衛生署
勞工育樂中心訊息,勞工育樂中心訊息,6056,各地勞工育樂中心主資料,名稱;地址;電話;是否提供住宿;是否提供會議室;網址,勞動部
勞工退休基金國內投資股票類別,勞工退休基金國內投資股票類別,30814,提供月底勞工退休基金國內投資股票類別,年月;投資類別;舊制勞工退休基金;新制勞工退休基金,勞動部勞動基金運用局
勞工退休準備金提撥率及專戶餘額統計,勞工退休準備金提撥率及專戶餘額統計,33379,統計事業單位提撥勞工退休準備金提撥率及專戶餘額概況,年度;專戶餘額;家數;佔總數比率,勞動部
勞工退休準備金管理統計表,勞動部勞工退休準備金管理統計表,24041,勞動部勞工退休準備金管理統計表,年月別;累計開戶數;累計結清戶數;累計未結清戶數,勞動部
勞工退休金個人專戶資料查詢量統計表(勞動保障卡、郵政金融卡、自然人憑證),勞工退休金個人專戶資料查詢量統計表(勞動保障卡、郵政金融卡、自然人憑證),34049,勞工退休金歷年個人專戶資料之查詢量,年度別;查詢方式;次數,勞動部勞工保險局
勞工退休金個人提繳人數,勞工退休金個人提繳人數,13354,最近一年度之勞退個人提繳人數－按業別、提繳率等級分,統計期;提繳率等級;農林漁牧業;礦業及土石採取業;製造業;電力及燃氣供應業;用水供應及污染整治業;營建工程業;批發及零售業;運輸及倉儲業;住宿及餐飲業;出版影音製作傳播及資通訊服務業;金融及保險業;不動產業;專業科學及技術服務業;支援服務業;公共行政及國防_強制性社會安全;教育業;醫療保健及社會工作服務業;藝術娛樂及休閒服務業;其他服務業,勞動部勞工保險局
勞工退休金個人提繳人數,勞工退休金個人提繳人數-按提繳率等級,34050,勞工退休金歷年個人提繳人數-按提繳率等級,年底;個人提繳率級距;人數,勞動部勞工保險局
勞工退休金平均提繳工資,勞工退休金平均提繳工資-按行業別,46102,勞工退休金歷年平均提繳工資-按行業別,年度;行業別;平均提繳工資,勞動部勞工保險局
勞工退休金平均提繳工資,勞工退休金平均提繳工資-按年齡組別,46103,勞工退休金歷年平均提繳工資-按年齡組別,年度;年齡級距;平均提繳工資,勞動部勞工保險局
勞工退休金應計提繳金額,勞工退休金應計提繳金額-按行業別,46104,勞工退休金歷年應計提繳金額-按行業別,年度;行業別;應計提繳金額,勞動部勞工保險局
勞工退休金應計提繳金額,勞工退休金應計提繳金額-按年齡組別,46105,勞工退休金歷年應計提繳金額-按年齡組別,年度;年齡級距;應計提繳金額,勞動部勞工保險局
勞工退休金提停繳申報作業,勞工退休金提停繳申報作業,8171,簡述如何辦理勞退新制適用對象之相關提停繳作業,提繳種類;提繳對象;提停調手續;提停調日期;月提繳工資/月提繳執行業務所得;提繳率,勞動部勞工保險局
勞工退休金提繳人數,勞工退休金提繳人數-按地區別,34051,勞工退休金歷年提繳人數-按地區別,年底;地區別;人數,勞動部勞工保險局
勞工退休金提繳人數,勞工退休金提繳人數-按年齡組別,34052,勞工退休金歷年提繳人數-按年齡組別,年底;年齡級距;人數,勞動部勞工保險局
勞工退休金提繳人數,勞工退休金提繳人數-按性別,34053,勞工退休金歷年提繳人數-按性別,年底;男性人數;女性人數,勞動部勞工保險局
勞工退休金提繳人數,勞工退休金提繳人數-按月提繳工資級距組別,34054,勞工退休金歷年提繳人數-按月提繳工資級距組別,年底;月提繳工資級距;人數,勞動部勞工保險局
勞工退休金提繳人數,勞工退休金提繳人數-按行業別,34055,勞工退休金歷年提繳人數-按行業別,年底;行業別;人數,勞動部勞工保險局
勞工退休金提繳人數,勞工退休金提繳人數-按規模別,34056,勞工退休金歷年提繳人數-按規模別,年底;人數規模級距;人數,勞動部勞工保險局
勞工退休金提繳人數(不含重複提繳),勞工退休金提繳人數(不含重複提繳),13355,最近一年度之勞退提繳人數(不含重複提繳)－按性別、年齡組別分,統計期;年齡組別;男;女,勞動部勞工保險局
勞工退休金提繳單位、提繳人數、提繳工資、提繳金額概況,勞工退休金提繳單位、提繳人數、提繳工資、提繳金額概況,34057,勞工退休金歷年提繳單位、人數、提繳工資及應計提繳金額,年底;提繳單位數;提繳人數;提繳工資平均數;提繳金額合計數,勞動部勞工保險局
勞工退休金提繳統計年報,勞工退休金提繳統計年報-按地區、行業及規模別,102667,勞工退休金提繳統計年報最近一年度原始資料-依地區、行業及規模別分,計費年;計費月;地區別;行業別;規模別;月底單位數;月底人數;應計提繳金額;平均提繳工資,勞動部勞工保險局
勞工退休金月提繳分級表,勞工退休金月提繳分級表,6274,雇主應按勞工每月實際工資總額，依「勞工退休金月提繳分級表」規定之等級金額覈實申報月提繳工資。雇主、自營作業及受委任工作者，得以其每月工資或執行業務所得6%範圍內個人自願提繳退休金，並依上開分級表申報月提繳工資或月提繳執行業務所得。,等級;實際工資/執行業務所得;月提繳工資/月提繳執行業務所得,勞動部勞工保險局
勞工退休金服務電話,勞工退休金服務電話,6447,提供多種電話服務方式，便於民眾洽詢各項勞工退休金業務。,業務別;提繳單位編號首碼;提繳單位編號尾碼;代表號;分機,勞動部勞工保險局
勞工退休金核發概況表,勞工退休金核發概況表,13338,勞工退休金各年度核發概況,年度;核發種類;件數;金額,勞動部勞工保險局
勞工退休金核發概況表,勞工退休金核發概況表-按年齡組別,46099,勞工退休金歷年核發概況-按年齡組別,年度;核發種類;年齡級距;件數;金額,勞動部勞工保險局
勞工退休金核發概況表,勞工退休金核發概況表-按性別,46100,勞工退休金歷年核發概況-按性別,年度;核發種類;性別;件數;金額,勞動部勞工保險局
勞工退休金核發概況表,勞工退休金核發概況表-按地區別,46101,勞工退休金歷年核發概況-按地區別,年度;地區別;一次退休金件數;一次退休金金額;續提退休金件數;續提退休金金額;遺屬或指定請領人請領退休金件數;遺屬或指定請領人請領退休金金額,勞動部勞工保險局
勞工退休金核發統計年報、年齡、核發種類,勞工退休金核發統計年報－按地區、性別、年齡、核發種類,102668,勞工退休金核發統計年報最近一年度原始資料-依地區、性別、年齡、核發種類分,核發年;核發月;地區別;性別;年齡;核發種類;月退註記;核發件數;核發金額,勞動部勞工保險局
勞工退休金條例第50條罰鍰案件統計表,勞動部勞工退休金條例第50條罰鍰案件統計表,24040,勞動部勞工退休金條例第50條罰鍰案件統計表,處分機關;裁罰件數（件）;裁罰金額（元）,勞動部
勞工退休金欠費移送行政執行案件統計表,勞工退休金欠費移送行政執行案件統計表,13339,勞工退休金欠費各年度移送行執行案件統計,年度;執行分署;退休金移送件數;退休金移送金額,勞動部勞工保險局
勞工退休金歷年月提繳分級表,勞工退休金歷年月提繳分級表,13335,勞工退休金各年月提繳分級表,適用期間起迄;級數;月提繳工資/月提繳執行業務所得,勞動部勞工保險局
勞工退休金繳款單補單方式,勞工退休金繳款單補單方式,13336,勞工退休金繳款單補單方式,補單方式;說明,勞動部勞工保險局
勞工退休金繳納方式,勞工退休金繳納方式,6272,為便利提繳單位繳納勞工退休金，提供多種繳納方式。,繳納機構;金資代號;臨櫃代收;轉帳代繳;網路銀行;網路ATM;應繳金額限制;手續費,勞動部勞工保險局
勞工退休金請領程序,勞工退休金請領程序,8172,分述勞工退休金之請領種類及手續。,退休金種類;請領條件;請領標準;應備書件;退休金之發給;應注意事項,勞動部勞工保險局
勞工退休金雇主提繳人數,勞工退休金雇主提繳人數,13353,最近一年度之勞退雇主提繳人數－按業別、提繳率等級分,統計期;提繳率等級;農林漁牧業;礦業及土石採取業;製造業;電力及燃氣供應業;用水供應及污染整治業;營建工程業;批發及零售業;運輸及倉儲業;住宿及餐飲業;出版影音製作傳播及資通訊服務業;金融及保險業;不動產業;專業科學及技術服務業;支援服務業;公共行政及國防_強制性社會安全;教育業;醫療保健及社會工作服務業;藝術娛樂及休閒服務業;其他服務業,勞動部勞工保險局
勞工退休金雇主提繳人數,勞工退休金雇主提繳人數-按提繳率等級,34058,勞工退休金歷年雇主提繳人數-按提繳率等級,年底;雇主提繳率級距;人數,勞動部勞工保險局
勞工體格及健康檢查認可醫療機構,勞工體格及健康檢查認可醫療機構,6624,收錄經勞動部會商衛生福利部認可得辦理勞工體格及健康檢查之醫療機構名單，以供各界查詢。,縣市別;醫療機構名稱;醫療機構地址;勞工健檢聯絡人;連絡電話;認可類別及有效期限;備註,勞動部職業安全衛生署
勞工體格及健康檢查醫護人員之認可訓練機構名單,勞工體格及健康檢查醫護人員之認可訓練機構名單,43260,勞工體格及健康檢查醫護人員之認可訓練機構名單,訓練對象;訓練種類;機構名稱;機構網址;電話;有效期限;認可文號,勞動部職業安全衛生署
勞資會議家數,勞資會議家數,40145,勞資會議家數,項目別;勞資會議家數,勞動部
勞資會議家數,勞資會議家數－按地區分,40148,勞資會議家數－按地區分,項目別;勞資會議家數,勞動部
勞資會議資料集,勞資會議資料集,27506,事業單位名稱、負責人、通訊地址、會議日期、行業別名稱等,年度別;地區別;公營;民營,勞動部
勞資爭議人數,勞資爭議人數－按性別及地區分,40164,勞資爭議人數－按性別及地區分,項目別;勞資爭議人數 /男;勞資爭議人數 /女,勞動部
勞資爭議人數,勞資爭議人數－按性別及行業分,40166,勞資爭議人數－按性別及行業分,項目別;勞資爭議人數 /男;勞資爭議人數 /女,勞動部
勞資爭議件數,勞資爭議件數－按主要爭議類別及地區分,40156,勞資爭議件數－按主要爭議類別及地區分,項目別;勞資爭議件數;權利事項;契約爭議;工資爭議;給付資遣費爭議;給付退休金爭議;勞工保險給付爭議;職業災害補償爭議;工會身分保護爭議;休假爭議;其他權利事項爭議;調整事項;調整工資爭議;結算年資爭議;調整工時爭議;其他調整事項爭議,勞動部
勞資爭議件數,勞資爭議件數－按行業分,40158,勞資爭議件數－按行業分,項目別;勞資爭議件數,勞動部
勞資爭議件數、人數,勞資爭議件數、人數,40149,勞資爭議件數、人數,項目別;勞資爭議件數;勞資爭議人數,勞動部
勞資關係動態資訊,勞資關係動態資訊,40185,國際勞資關係動態資訊,國家;組織/單位;相關資訊,勞動部
勞退個人專戶查詢管道,勞退個人專戶查詢管道,6273,提供多種查詢管道，方便勞工查詢雇主是否有提繳勞工退休金及勞退個人專戶金額。,查詢方式;查詢地點;查詢功能;說明,勞動部勞工保險局
勞退各類退休金核發金額級距分析表,勞退各類退休金核發金額級距分析表,34059,勞退各類退休金最近一年度核發金額級距分析表,金額級距;一次退休金核發件數;續提退休金核發件數;遺屬或指定請領人請領退休金核發件數,勞動部勞工保險局
勞退條例第50條罰鍰案件基本資料檔LaborFine-案件統計表,勞退條例第50條罰鍰案件基本資料檔LaborFine-案件統計表,41899,全國勞工行政資訊整合應用系統-勞退條例第50條罰鍰處分子系統,處分機關;處罰案件數;罰鍰金額,勞動部
勞雇雙方協商減少工時概況,勞雇雙方協商減少工時概況,40169,勞雇雙方協商減少工時概況(本項資料係事業單位向縣市政府通報),項目別;事業單位家數;通報人數;實際實施人數,勞動部
協助低收入戶或中低收入戶中有工作能力者就業人數,協助低收入戶或中低收入戶中有工作能力者就業人數,111336,協助低收入戶或中低收入戶中有工作能力者就業服務情形,年度;就業人次,勞動部勞動力發展署
危險性機械設備型式檢查合格製造人名冊,危險性機械設備型式檢查合格製造人名冊,6687,危險性機械設備型式檢查合格製造人名冊,危險性機械設備型式;事業單位名稱;製前認可編號;認可型式及容量;事業單位地址;電話,勞動部職業安全衛生署
危險性機械資料統計數據,106年危險性機械資料統計數據,26853,依行業別分類，以統計表方式呈現，統計固定式起重機、移動式起重機、人字臂起重桿、營建用升降機、營建用提升機、吊籠之設置座數資料。,行業別;固定式起重機（座）;移動式起重機（座）;人字臂起重桿（座）;營建用升降機（座）;營建用提升機（座）;吊籠（座）,勞動部職業安全衛生署
危險性設備資料統計數據,106年危險性設備資料統計數據,26842,依行業別分類，以統計表方式呈現，統計鍋爐、第一種壓力容器、高壓氣體特定設備、高壓氣體容器之設置座數資料。,行業別;鍋爐（座）;第一種壓力容器（座）;高壓氣體特定設備（座）;高壓氣體容器（座）,勞動部職業安全衛生署
即測即評及發證技能檢定各梯次、職類、期程異動公告,即測即評及發證技能檢定各梯次、職類、期程異動公告,10100,即測即評及發證技術士技能檢定各梯次、職類及期程異動訊息,辦理梯次;測試別;職類;承辦單位;受理報名時程;學術科測試及發證時程（起）;異動類別;級別;備註,勞動部勞動力發展署技能檢定中心
參加農保會員非會員人數統計表,參加農保會員非會員人數統計表,37875,最新計費年月之農保被保險人會員與非會員人數、男女數,年月別;農會名稱;會員-男性;會員-女性;會員-小計;非會員-男性;非會員-女性;非會員-小計;總計,勞動部勞工保險局
受僱員工人數、每人每月薪資-不動產業(按職類別分),受僱員工人數、每人每月薪資-不動產業(按職類別分),41694,不動產業各業受僱員工人數、每人每月薪資,年度;職類別;行業別;受僱員工人數;總薪資;經常性薪資;非經常性薪資,勞動部
受僱員工人數、每人每月薪資-住宿及餐飲業(按職類別分),受僱員工人數、每人每月薪資-住宿及餐飲業(按職類別分),41691,住宿及餐飲業各業受僱員工人數、每人每月薪資,年度;職類別;行業別;受僱員工人數;總薪資;經常性薪資;非經常性薪資,勞動部
受僱員工人數、每人每月薪資-其他服務業(按職類別分),受僱員工人數、每人每月薪資-其他服務業(按職類別分),41700,其他服務業各業受僱員工人數、每人每月薪資,年度;職類別;行業別;受僱員工人數;總薪資;經常性薪資;非經常性薪資,勞動部
受僱員工人數、每人每月薪資-出版、影音製作、傳播及資通訊服務業(按職類別分),受僱員工人數、每人每月薪資-出版、影音製作、傳播及資通訊服務業(按職類別分),41692,出版、影音製作、傳播及資通訊服務業各業受僱員工人數、每人每月薪資,年度;職類別;行業別;受僱員工人數;總薪資;經常性薪資;非經常性薪資,勞動部
受僱員工人數、每人每月薪資-專業、科學及技術服務業(按職類別分),受僱員工人數、每人每月薪資-專業、科學及技術服務業(按職類別分),41695,專業、科學及技術服務業各業受僱員工人數、每人每月薪資,年度;職類別;行業別;受僱員工人數;總薪資;經常性薪資;非經常性薪資,勞動部
受僱員工人數、每人每月薪資-批發及零售業(按職類別分),受僱員工人數、每人每月薪資-批發及零售業(按職類別分),41689,批發及零售業各業受僱員工人數、每人每月薪資,年度;職類別;行業別;受僱員工人數;總薪資;經常性薪資;非經常性薪資,勞動部
受僱員工人數、每人每月薪資-支援服務業(按職類別分),受僱員工人數、每人每月薪資-支援服務業(按職類別分),41696,支援服務業各業受僱員工人數、每人每月薪資,年度;職類別;行業別;受僱員工人數;總薪資;經常性薪資;非經常性薪資,勞動部
受僱員工人數、每人每月薪資-教育業(按職類別分),受僱員工人數、每人每月薪資-教育業(按職類別分),41697,教育業受僱員工人數、每人每月薪資,年度;職類別;行業別;受僱員工人數;總薪資;經常性薪資;非經常性薪資,勞動部
受僱員工人數、每人每月薪資-營建工程業(按職類別分),受僱員工人數、每人每月薪資-營建工程業(按職類別分),41688,營建工程業各業受僱員工人數、每人每月薪資,年度;職類別;行業別;受僱員工人數;總薪資;經常性薪資;非經常性薪資,勞動部
受僱員工人數、每人每月薪資-用水供應及污染整治業(按職類別分),受僱員工人數、每人每月薪資-用水供應及污染整治業(按職類別分),41687,用水供應及污染整治業受僱員工人數、每人每月薪資,年度;職類別;行業別;受僱員工人數;總薪資;經常性薪資;非經常性薪資,勞動部
受僱員工人數、每人每月薪資-礦業及土石採取業(按職類別分),受僱員工人數、每人每月薪資-礦業及土石採取業(按職類別分),6648,礦業及土石採取業各業受僱員工人數、每人每月薪資,年度;職類別;行業別;受僱員工人數;總薪資;經常性薪資;非經常性薪資,勞動部
受僱員工人數、每人每月薪資-藝術、娛樂及休閒服務業(按職類別分),受僱員工人數、每人每月薪資-藝術、娛樂及休閒服務業(按職類別分),41699,藝術、娛樂及休閒服務業各業受僱員工人數、每人每月薪資,年度;職類別;行業別;受僱員工人數;總薪資;經常性薪資;非經常性薪資,勞動部
受僱員工人數、每人每月薪資-製造業(按職類別分),受僱員工人數、每人每月薪資-製造業(按職類別分),41685,製造業各業受僱員工人數、每人每月薪資,年度;職類別;行業別;受僱員工人數;總薪資;經常性薪資;非經常性薪資,勞動部
受僱員工人數、每人每月薪資-運輸及倉儲業(按職類別分),受僱員工人數、每人每月薪資-運輸及倉儲業(按職類別分),41690,運輸及倉儲業各業受僱員工人數、每人每月薪資,年度;職類別;行業別;受僱員工人數;總薪資;經常性薪資;非經常性薪資,勞動部
受僱員工人數、每人每月薪資-醫療保健業(按職類別分),受僱員工人數、每人每月薪資-醫療保健業(按職類別分),41698,醫療保健業受僱員工人數、每人每月薪資,年度;職類別;行業別;受僱員工人數;總薪資;經常性薪資;非經常性薪資,勞動部
受僱員工人數、每人每月薪資-金融及保險業(按職類別分),受僱員工人數、每人每月薪資-金融及保險業(按職類別分),41693,金融及保險業各業受僱員工人數、每人每月薪資,年度;職類別;行業別;受僱員工人數;總薪資;經常性薪資;非經常性薪資,勞動部
受僱員工人數、每人每月薪資-電力及燃氣供應業(按職類別分),受僱員工人數、每人每月薪資-電力及燃氣供應業(按職類別分),41686,電力及燃氣供應業各業受僱員工人數、每人每月薪資,年度;職類別;行業別;受僱員工人數;總薪資;經常性薪資;非經常性薪資,勞動部
受理漁會個人欠費暨繳納申報統計表,受理漁會個人欠費暨繳納申報統計表,14268,最近一年度之漁會個人欠費暨繳納,投保單位數;列報個人欠費之單位數;欠費人數;欠費金額;繳納人次;繳納保險費;繳納滯納金;累計欠費人數;累積欠繳保險費金額,勞動部勞工保險局
受理職業工會個人欠費暨繳納申報統計表,受理職業工會個人欠費暨繳納申報統計表,14267,最近一年度之職業工會個人欠費暨繳納統計,投保單位數;列報個人欠費之單位數;欠費人數;欠費金額;繳納人次;繳納保險費;繳納滯納金;累計欠費人數;累積欠繳保險費金額,勞動部勞工保險局
受理農會個人欠費暨繳納申報統計,受理農會個人欠費暨繳納申報統計,17340,提供農會最近一年度申報個人欠費暨繳納之人次及金額統計資料,年度別;投保單位數;申報個人欠費之單位數;申報欠費人次;申報欠費金額;繳納人次;繳納保險費;繳納滯納金;累計欠費人次;累計欠費金額,勞動部勞工保險局
台灣勞工季刊,台灣勞工季刊,6296,勞動部為宣導對於勞資關係、勞動條件、勞動福祉、勞工安全與衛生、就業促進、退休保障、外籍勞工在台工作等相關政策、措施，並介紹國外最新勞動資訊，敦請相關領域專家學者撰稿及配合業務主題的需要，按季出刊，希望加強與地方勞動行政機關聯繫，促進交流。,期數;主題;網址,勞動部
台灣地區僱有勞工事業單位按行業與地區分(年度),台灣地區僱有勞工事業單位按行業與地區分(年度),43250,台灣地區僱有勞工事業單位按行業與地區分(年度),年度;行業別;地區;事業單位數量（家）,勞動部職業安全衛生署
台灣地區靜態2維頭部尺寸資料,台灣地區靜態二維頭部尺寸資料,40585,"樣本(男性:702人,女性:371人),量測單位為:mm",性別;量測方式;mean;std;in;max;2.50%;5%;50%;95%;97.50%,勞動部勞動及職業安全衛生研究所
台灣就業通網站單1簽入網站清冊,台灣就業通網站單一簽入網站清冊,57289,台灣就業通網站單一簽入網站清冊,網站名稱;網站超連結,勞動部勞動力發展署
台灣就業通網站職缺清單,台灣就業通網站職缺清單,44062,台灣就業通網站職缺清單,OCCU_DESC;WK_TYPE;CJOB_TYPE;CJOB_NAME1;CJOB_NO;CJOB_NAME2;AVAILREQNUM;STOP_DATE;JOB_DETAIL;CITYNAME;EXPERIENCE;WKTIME;SALARYCD;EDGRDESC;URL_QUERY;COMPNAME;TRANDATE,勞動部勞動力發展署
各分署自行辦理之職前訓練課程,105年度各分署自行辦理之職前訓練課程,6615,提供105年度各分署自行辦理之職前訓練課程,分署別;訓練職類;訓練時數;預訓人數;報名起訖日期;訓練期間;受訓資格,勞動部勞動力發展署
各分署自行辦理之職前訓練課程,106年度各分署自行辦理之職前訓練課程,43552,訓練單位、職類、時數、人數、受訓資格、報名期間、訓練期間,分署別;訓練職類;訓練時數;預訓人數;受訓資格;報名起日;報名迄日;訓練起日;訓練迄日,勞動部勞動力發展署
各勞動檢查機構通報專線,各勞動檢查機構通報專線,41461,各勞動檢查機構通報專線,機關名稱;地址;通報專線（上班時間）;通報專線（下班時間）;管轄區,勞動部職業安全衛生署
各國顱顏尺寸資料,各國顱顏尺寸資料,40584,各國顱顏尺寸資料,量測方式;國家別;量測值（mm）;標準差（mm）,勞動部勞動及職業安全衛生研究所
各地方勞工主管機關勞工退休準備金管理統計表,各地方勞工主管機關勞工退休準備金管理統計表,24042,各地方勞工主管機關勞工退休準備金管理統計表,縣市別;應開戶數;已開戶數,勞動部
各地方勞工服務中心諮詢服務概況統計表,各地方勞工服務中心諮詢服務概況統計表,24043,各地方勞工服務中心諮詢服務概況統計表,地區別;按服務性質分-解釋法令疑義;按服務性質分-申訴;按服務性質分-轉介;按服務性質分-建議;按服務性質分-批評;按服務性質分-其他;按服務類別分-工資;按服務類別分-工時;按服務類別分-僱用管理;按服務類別分-性別工作平等;按服務類別分-安全衛生;按服務類別分-勞工保險;按服務類別分-勞工福利;按服務類別分-就業與職訓;按服務類別分-外勞問題（2）;按服務類別分-勞資問題;按服務類別分-綜合問題,勞動部
各地方勞工行政主管機關職工福利業務承辦人聯絡方式,各地方勞工行政主管機關職工福利業務承辦人聯絡方式,24039,各地方勞工行政主管機關職工福利業務承辦人聯絡方式,機關名稱;承辦人;電話;傳真;地址,勞動部
各地方政府設置違反性別工作平等法申訴聯絡窗口,各地方政府設置違反性別工作平等法申訴聯絡窗口,40186,違反性別工作平等法申訴聯絡窗口,縣市別;單位;申訴專線電話;申訴之電子郵件信箱,勞動部
各失能等級之給付標準,各失能等級之給付標準,45748,依照勞工保險條例第54條之1第1項訂定各失能等級規定之給付日數。,失能等級;普通傷病失能補助費給付標準;職業傷病失能補償費給付標準,勞動部勞工保險局
各機關公款補助團體私人情形季報表,勞動部各機關公款補助團體私人情形季報表,11217,勞動部各機關公款補助團體私人情形季報表,title;link;description;pubDate,勞動部
各類別勞保欠費單位數分析表,各類別勞保欠費單位數分析表,14261,提供投保單位勞工保險欠費統計資料,製表日期;類別;已退保單位數;已退保金額;已退保欠費人數;未退保單位數;未退保金額;未退保欠費人數;合計單位數;合計金額;合計欠費人數,勞動部勞工保險局
各類別就保欠費單位數分析表,各類別就保欠費單位數分析表,14262,提供投保單位就業保險欠費統計資料,製表日期;類別;已退保單位數;已退保金額;已退保欠費人數;未退保單位數;未退保金額;未退保欠費人數;合計單位數;合計金額;合計欠費人數,勞動部勞工保險局
同1被保險人核貸次數分析表,同一被保險人核貸次數分析表,46764,同一被保險人申請紓困貸款核付次數,核貸人次;人數,勞動部勞工保險局
呼吸防護具用標準頭型,呼吸防護具用標準頭型,40586,呼吸防護具用標準頭型,呼吸護具尺寸;護具規格（臉長）;護具規格（臉寬）;適用範圍（臉長-最小尺寸）;適用範圍（臉長-最大尺寸）;適用範圍（臉寬-最小尺寸）;適用範圍（臉寬-最大尺寸）;抽樣總人數;抽樣男性人數;抽樣女性人數,勞動部勞動及職業安全衛生研究所
嚴重特殊傳染性肺炎防治及紓困振興特別預算,嚴重特殊傳染性肺炎防治及紓困振興特別預算,122610,嚴重特殊傳染性肺炎防治及紓困振興特別預算之每月執行情形,嚴重特殊傳染性肺炎防治及紓困振興特別預算;會計年度;會計月報,勞動部
因應嚴重特殊傳染性肺炎協助專區紓困措施進度,勞動部因應嚴重特殊傳染性肺炎協助專區紓困措施進度,126598,勞動部因應嚴重特殊傳染性肺炎協助專區紓困措施進度,ArticleType;FileName;Link;Source;紓困措施;申請數;核可數;核付金額;資料統計時間;相關檔案;相關連結;相關圖片;相關影音,勞動部勞動力發展署
國內主要經濟指標,國內主要經濟指標,13228,提供每月底國內主要經濟指標,經濟成長率;平均每人國民所得毛額;儲蓄率;失業率;產業結構;躉售物價;消費者物價;基本工資;工業及服務業平均月薪資;製造業平均月薪資;工業及服務業平均月工時,勞動部勞動基金運用局
國內主要金融指標,國內主要金融指標,30815,提供每月底國內主要金融指標,貨幣供給額期底年增率;金價;匯率;外匯存底;利率;證券,勞動部勞動基金運用局
國內債券年度發行概況,國內債券年度發行概況,57171,提供國內債券年度發行概況,年度;政府債券-期數;政府債券-淨額（十億元）;金融債券-期數;金融債券-淨額（十億元）;受益證券-期數;受益證券-淨額（十億元）;普通公司債-期數;普通公司債-淨額（十億元）;附股權公司債-期數;附股權公司債-淨額（十億元）;轉（交）換公司債-期數;轉（交）換公司債-淨額（十億元）;成長率;外國債券-期數;外國債券-淨額（十億元）;國際債券-期數;國際債券-淨額（十億元）,勞動部勞動基金運用局
國內債券每月發行概況,國內債券每月發行概況,31895,提供每月底國內債券發行概況,月別;政府債券-期數;政府債券-淨額（十億元）;金融債券-期數;金融債券-淨額（十億元）;受益證券-期數;受益證券-淨額（十億元）;普通公司債-期數;普通公司債-淨額（十億元）;附股權公司債-期數;附股權公司債-淨額（十億元）;轉（交）換公司債-期數;轉（交）換公司債-淨額（十億元）;成長率;外國債券-期數;外國債券-淨額（十億元）;國際債券-期數;國際債券-淨額（十億元）,勞動部勞動基金運用局
國內公開發行公司股票年度發行概況,國內公開發行公司股票年度發行概況,57170,提供國內公開發行公司股票年度發行概況,年度;上市公司-家數;上市公司-資本額;上市公司-成長率;上市公司-上市面值;上市公司-上市公司市值;上櫃公司-家數;上櫃公司-資本額;上櫃公司-成長率;上櫃公司-上櫃面值;上櫃公司-上櫃市值;未上市未上櫃公司-家數;未上市未上櫃公司-資本額,勞動部勞動基金運用局
國內公開發行公司股票每月發行概況,國內公開發行公司股票每月發行概況,31894,提供每月底國內公開發行公司股票發行概況,月別;上市公司-家數;上市公司-資本額;上市公司-成長率;上市公司-上市面值;上市公司-上市公司市值;上櫃公司-家數;上櫃公司-資本額;上櫃公司-成長率;上櫃公司-上櫃面值;上櫃公司-上櫃市值;未上市未上櫃公司-家數;未上市未上櫃公司-資本額,勞動部勞動基金運用局
國外人力仲介公司認可名冊,國外人力仲介公司認可名冊,6683,提供經認可之國外的人力仲介公司資料,國籍;機構編號;英文名稱;電話;地址;本國認可有效起始日;本國認可有效屆滿日,勞動部勞動力發展署
國家訓練品質獎,國家訓練品質獎,6617,提供國家訓練品質獎得獎資料,得獎年度;名單類別;得獎名單,勞動部勞動力發展署
國民年金保險各項年金給付每月核定案件及給付金額統計資料,國民年金保險各項年金給付每月核定案件及給付金額統計資料,13348,國民年金保險各項年金給付每月核定案件及給付金額統計資料,核定年月;給付種類;受理件數;受理筆數;新案非AB式給付件數;新案非AB式給付筆數;新案給付件數A式;新案給付筆數A式;新案給付件數B式;新案給付筆數B式;續發案非AB式給付件數;續發案非AB式給付筆數;續發案給付件數A式;續發案給付筆數A式;續發案給付件數B式;續發案給付筆數B式;補發案非AB式給付件數;補發案非AB式給付筆數;補發案給付件數A式;補發案給付筆數A式;補發案給付件數B式;補發案給付筆數B式;新案非AB式給付金額;新案給付金額A式;新案給付金額B式;續發案非AB式給付金額;續發案給付金額A式;續發案給付金額B式;補發案非AB式給付金額;補發案給付金額A式;補發案給付金額B式;給付金額保險支出;給付金額年金差額;不給付件數;不給付筆數,勞動部勞工保險局
國民年金保險基金國內投資股票類別,國民年金保險基金國內投資股票類別,30816,提供月底國民年金保險基金國內投資股票類別,年月;投資類別;國民年金保險基金,勞動部勞動基金運用局
國民年金保險基金年度經營概況,國民年金保險基金年度經營概況,57169,提供年度國民年金保險基金經營概況,年度;基金運用餘額;基金收益數;收益率,勞動部勞動基金運用局
國民年金保險基金投資運用情形,國民年金保險基金投資運用情形,13227,提供國民年金保險基金投資運用情形,轉存金融機構;政策性貸款;股票及受益憑證;期貨;公債金融債券公司債;證券化商品;短期票券;國外投資;委託經營,勞動部勞動基金運用局
國民年金保險基金支付之補助,國民年金保險基金支付之補助,37874,支付之補助報表,補助類別;受補（捐）助單位名稱;補（捐）助計畫名稱;列支科目名稱;補_捐（獎）助金額;核准日期;受補助對象所在直轄市或縣市別,勞動部勞工保險局
國民年金保險基金會計月報,國民年金保險基金會計月報,19452,國民年金保險基金會計月報,平衡表;收支餘絀表;購建固定資產計畫執行情形明細表,勞動部勞工保險局
國民年金保險基金每月經營概況,國民年金保險基金每月經營概況,31705,提供每月底國民年金保險基金經營概況,月別;基金運用餘額;基金收益數;收益率,勞動部勞動基金運用局
國民年金保險基金社會責任投資(SRI)比例,國民年金保險基金社會責任投資（SRI）比例,33547,統計國民年金保險基金投資於社會責任相關評選優良企業金額占國內股票部位比例,日期;國民年金保險基金社會責任投資（SRI）比例,勞動部勞動基金運用局
國民年金保險基金附屬單位決算,國民年金保險基金附屬單位決算,11244,國民年金保險基金附屬單位決算,依總決算附屬單位決算編製作業手冊規定編製，包括平衡表;收支餘絀決算表;現金流量決算表等。,勞動部勞工保險局
國民年金保險基金附屬單位預算,國民年金保險基金附屬單位預算,11241,最近一年度之預算,依總預算附屬單位預算編製作業手冊規定編製，包括收支預計表及現金流量預計表。,勞動部勞工保險局
國民年金保險被保險人應負擔保險費金額表,國民年金保險被保險人應負擔保險費金額表,6407,國民年金保險被保險人依其補助身分別及加保天數核算加保當月應負擔之保險費金額,加保天數;一般;中度身心障礙;輕度身心障礙;所得未達最低生活費1.5倍;所得未達最低生活費2倍;中低收入戶;低收入戶;重度身心障礙,勞動部勞工保險局
國民年金保險費代收及轉帳代繳金融機構一覽表,國民年金保險費代收及轉帳代繳金融機構一覽表,6267,代收國民年金保險費金融機構,金資代號;金融機構名稱;代收國保費;轉帳代繳國保費;網路ATM繳納國保費;網路銀行繳納國保費;行動APP繳納國保費,勞動部勞工保險局
國民年金投保日數統計表,國民年金投保日數統計表,13345,最近一個月之投保日數及人數統計,資料年月;納保日數;納保人數,勞動部勞工保險局
國民年金核付人數及金額之統計表,國民年金核付人數及金額之統計表－按性別、地區別、年齡分,94202,國民年金核付人數及金額之統計表－按性別、地區別、年齡分,核付年;核付月;戶籍地;性別;年齡;給付種類;核付情形;核付人數;核付金額,勞動部勞工保險局
國民年金業務服務電話,國民年金業務服務電話,8173,國民年金被保險人申請各相關業務之服務電話分機,業務別;給付種類;代表號;分機,勞動部勞工保險局
國民年金歷年月投保金額、保險費率及被保險人每月自付保險費金額,國民年金歷年月投保金額、保險費率及被保險人每月自付保險費金額,36841,歷年國民年金月投保金額、保險費率及被保險人每月自付保險費金額,保費年月起;保費年月迄;月投保金額;保險費率;一般民眾每月自付保險費;所得未達當年度最低生活費2倍/輕度身心障礙每月自付保險費;所得未達當年度最低收活費1.5倍/中度身心障礙每月自付保險費;低收入戶/重度以上身心障礙每月自付保險費,勞動部勞工保險局
國民年金生育給付每月核定案件及給付金額統計資料,國民年金生育給付每月核定案件及給付金額統計資料,37872,國民年金生育給付每月核定案件及給付金額統計資料,統計年月;受理件數;給付件數;給付金額;不給付件數,勞動部勞工保險局
國民年金老年基本保證年金及原住民給付新申請案件統計表,國民年金老年基本保證年金及原住民給付新申請案件統計表,13346,國民年金保險老年基本保證年金及原住民給付每月新申請案件統計資料,核定年月;給付種類;受理件數;給付件數;不給付件數,勞動部勞工保險局
國民年金老年基本保證年金及原住民給付每月核定案件及給付金額統計資料,國民年金老年基本保證年金及原住民給付每月核定案件及給付金額統計資料,13347,國民年金保險老年基本保證年金及原住民給付每月核定案件及給付金額統計資料,核定年月;給付種類;首發案給付件數;首發案給付筆數;續發案給付件數;續發案給付筆數;補發案給付件數;補發案給付筆數;給付金額;不給付件數;不給付筆數,勞動部勞工保險局
國民年金被保險人保險費收繳情形-按人數,國民年金被保險人保險費收繳情形-按人數,13344,國民年金被保險人保險費收繳情形（截至上年底）,保費年月;繳納期限;應繳人數;截至各期繳納期限止之已繳人數;截至上年底之已繳人數含逾期補繳人數,勞動部勞工保險局
國民年金被保險人保險費收繳情形-按金額,國民年金被保險人保險費收繳情形-按金額,13343,累計國民年金被保險人保險費收繳情形（截至上年底）,累計保費年月;補助身分;應收保費;已收保費,勞動部勞工保險局
國民年金被保險人數及被保險人應計保險費,國民年金被保險人數及被保險人應計保險費－按身分別、年齡組別、性別及地區分,98674,國民年金被保險人數及被保險人應計保險費,計費年;計費月;地區別;性別;年齡組別;身分別;被保險人數;被保險人應計保險費,勞動部勞工保險局
國民年金被保險人申請分期繳納保險費件數統計表,國民年金被保險人申請分期繳納保險費件數統計表,17231,國民年金被保險人申請分期繳納保險費之申請件數及符合分期繳納規定者件數之統計,資料年月;國民年金被保險人申請分期繳納保險費件數;符合分期繳納規定者件數,勞動部勞工保險局
國民年金遺屬年金給付新申請案件被保險人資格分析,國民年金遺屬年金給付新申請案件被保險人資格分析,37871,國民年金被保險人於加保期間死亡、領取身心障礙或老年年金給付期間死亡，或符合老年年金給付請領資格而未及請領前死亡，如遺有符合請領條件之當序遺屬，得請領遺屬年金給付，本表係統計國民年金遺屬年金給付新申請案件中被保險人之資格。,統計年月;加保期間死亡件數;領取老年年金期間死亡件數;領取身心障礙年金期間死亡件數;年滿65歲未及請領老年年金前死亡件數,勞動部勞工保險局
國際主要國家貨幣年度匯率概況,國際主要國家貨幣年度匯率概況,57172,提供年度國際主要國家貨幣匯率概況,年度;新台幣;人民幣;日圓;韓元;新加坡元;歐元;英鎊;澳幣,勞動部勞動基金運用局
國際主要國家貨幣每月匯率概況,國際主要國家貨幣每月匯率概況,31897,提供每月底國際主要國家貨幣匯率概況,月別;新台幣;人民幣;日圓;韓元;新加坡元;歐元;英鎊;澳幣,勞動部勞動基金運用局
國際主要股價指數,國際主要股價指數,31899,提供每月底國際主要股價指數,台灣;美國;日本;新加坡;南韓;倫敦;中國股價指數,勞動部勞動基金運用局
團體協約資料集,團體協約資料集,27507,協約約定之適用對象、資方當事人、勞方當事人、協約簽訂日期、協約終止日期等,年度別;地區別;企業;產業;職業,勞動部
基本工資之制定與調整經過,基本工資之制定與調整經過,6281,有關我國基本工資制定與調整之歷史沿革,指示/發佈日期（民國）;內容/調整金額（新台幣）;實施日期（民國）,勞動部
基本工資審議委員會,基本工資審議委員會,41651,基本工資審議委員會第27次起之相關會議資料,會議名稱;會議議程;會議記錄;發言摘要,勞動部
基本工資工作小組,基本工資工作小組,41650,基本工資工作小組相關會議資料,會議名稱;會議議程;會議記錄;發言摘要,勞動部
墊付外國人收容費用情形,墊付外國人收容費用情形,20518,(1) 包含歷年收容之人數、金額(含膳食費及旅費)及平均收容天數。 (2) 提供違反就業服務法第60條之收容情形。,年度;墊付外國人總人數;墊付外國人旅費人數;墊付外國人膳食費金額;墊付外國人旅費金額;平均收容天數,勞動部勞動力發展署
增列勞工保險職業病種類項目,增列勞工保險職業病種類項目,13327,依據勞工保險條例第34條第1項之「勞工保險職業病種類表」第8類第2項所規定「其他本表未列之有毒物質或其他疾病，應列為職業病者得由中央主管機關核准增列之」，勞動部（改制前行政院勞工委員會）85年6月14日函示核定增列4類29項目，於97年5月1日一併檢討納入核准增列之「勞工保險職業病種類項目」中，分為6類52項，於98年5月1日又增列第7類職業病種類及增列職業病項目42項，於99年9月3日增列2項，100年7月7日修正第5.23項之適用職業範圍，101年增列2項。本次（104年9月18日）增列3項為第1類化學物質引起之疾病及其續發症（1.48）及第5類職業性癌症（5.25、5.26）。106年10月增修第3.3項、第3.4項、第5.20項及第5.22項。108年12月增修第1.49項、第2.2項、第2.9項、第7.6項、第7.7項、第7.8項及第7.9項。,類別;項目;職業病名稱;有害物質_危害因素_致癌物質或致癌特定製程;適用職業範圍_工作場所或作業,勞動部勞工保險局
外勞轉換雇主資料,外勞轉換雇主資料,6609,提供外勞轉換雇主資料,登錄案號;登入時間;國籍;性別;年齡;身高;體重;工作類別;剩餘工作期限;希望工作區域;照顧意願;仲介許可證號;公告效期;公告日期,勞動部勞動力發展署
外國籍員工參加勞工保險應檢附證明文件一覽表,外國籍員工參加勞工保險應檢附證明文件一覽表,40322,投保單位申報外國籍勞工加保時應檢附之相關證明文件,類別;證明文件;備註,勞動部勞工保險局
外國籍被保險人人數統計,外國籍被保險人人數統計,13321,依單位類別及投保薪資等級區分年度各薪資等級外國籍被保險人人數,投保薪資;產業勞工及交通公用事業員工;公司行號員工;新聞文化公益及合作事業員工;政府機關及公私立學校員工;受僱從事漁業生產勞動者;職業訓練機構接受訓練者;職業勞工;漁會甲類會員;自願投保者,勞動部勞工保險局
外籍勞工管理及運用調查,外籍勞工管理及運用調查,30841,事業面外籍勞工薪資、工時及放假狀況，外籍家庭看護工平均薪資及工作時間訂定情形,事業面外籍勞工行業類別;員工規模，外籍家庭看護工縣市別;性別及年齡,勞動部
外籍被保險人應繳保險費統計表,外籍被保險人應繳保險費統計表,13320,外國籍被保險人（含外籍配偶及大陸配偶）年度合計應繳勞、就保費金額，依單位類別區分個人應繳、單位應繳、政府應繳等金額。,類別;人數;個人應繳;單位應繳;政府應繳,勞動部勞工保險局
多元就業開發方案計畫提案說明會資訊,多元就業開發方案計畫提案說明會資訊,6610,提供年度多元就業開發方案計畫提案說明會資訊,中心別;日期;計畫別;辦理地點,勞動部勞動力發展署
大事紀,勞動部大事紀,11216,勞動部大事紀,title;link;description;pubDate,勞動部
大量解僱通報資料集,大量解僱通報資料集,27505,事業單位名稱、解僱人數等,年度;家數;人數,勞動部
大量解僱預警通報資料,大量解僱預警通報資料,27508,事業單位名稱、解僱人數等,年度;家數;人數,勞動部
失業勞工子女就學補助概況統計表,勞動部失業勞工子女就學補助概況統計表,24035,勞動部失業勞工子女就學補助概況統計表,年度/學期別;受補助勞工人數;受補助勞工子女數;高中職（含五專前3年）-公立;高中職（含五專前3年）-私立;大專院校（含五專後2年）-公立;大專院校（含五專後2年）-私立,勞動部
失業認定統計,失業認定統計,44759,失業認定統計,月份;失業給付申請人數;初次認定人數;再認定人數;失業就業人數;失業職訓人數,勞動部勞動力發展署
安全資料表資料庫,安全資料表資料庫,40582,安全資料表資料庫,類號;總號;標題;全文,勞動部勞動及職業安全衛生研究所
安衛單位(人員)備查名冊,安衛單位(人員)備查名冊,6686,事業單位依據職業安全衛生法報備之安衛單位(人員)，轄區勞動檢查機構備查結果情形查詢,登錄編號;登錄日期;事業單位名稱（工程名稱）;來文字號;來函日期;勞工安全衛生管理員人數;勞工安全管理師人數;勞工衛生管理師人數;甲種勞工安全衛生業務主管人數;乙種勞工安全衛生業務主管人數;丙種勞工安全衛生業務主管人數,勞動部職業安全衛生署
完成申報之動力堆高機案件清單,完成申報之動力堆高機案件清單,26332,提供動力堆高機之完成申報業者資訊、產品名稱及型式,廠商代碼;廠商名稱;地址;產品中文名稱;產品英文名稱;型式,勞動部職業安全衛生署
完成申報之動力衝剪機械之光電式安全裝置案件清單,完成申報之動力衝剪機械之光電式安全裝置案件清單,26337,提供動力衝剪機械之光電式安全裝置完成申報業者資訊、產品名稱及型式,廠商代碼;廠商名稱;地址;產品中文名稱;產品英文名稱;型式,勞動部職業安全衛生署
完成申報之動力衝剪機械案件清單,完成申報之動力衝剪機械案件清單,26329,提供動力衝剪機械之完成申報業者資訊、產品名稱及型式,廠商代碼;廠商名稱;地址;產品中文名稱;產品英文名稱;型式,勞動部職業安全衛生署
完成申報之手推刨床案件清單,完成申報之手推刨床案件清單,26330,提供手推刨床之完成申報業者資訊、產品名稱及型式,廠商代碼;廠商名稱;地址;產品中文名稱;產品英文名稱;型式,勞動部職業安全衛生署
完成申報之木材加工用圓盤鋸案件清單,完成申報之木材加工用圓盤鋸案件清單,26331,提供木材加工用圓盤鋸之完成申報業者資訊、產品名稱及型式,廠商代碼;廠商名稱;地址;產品中文名稱;產品英文名稱;型式,勞動部職業安全衛生署
完成申報之研磨機案件清單,完成申報之研磨機案件清單,26333,提供研磨機之完成申報業者資訊、產品名稱及型式,廠商代碼;廠商名稱;地址;產品中文名稱;產品英文名稱;型式,勞動部職業安全衛生署
完成申報之研磨輪案件清單,完成申報之研磨輪案件清單,26334,提供研磨輪之完成申報業者資訊、產品名稱及型式,廠商代碼;廠商名稱;地址;產品中文名稱;產品英文名稱;型式,勞動部職業安全衛生署
完成申報之防爆電氣設備案件清單,完成申報之防爆電氣設備案件清單,26335,提供防爆電氣設備之完成申報業者資訊、產品名稱及型式,廠商代碼;廠商名稱;地址;產品中文名稱;產品英文名稱;型式,勞動部職業安全衛生署
專利技術網,專利技術網,40581,專利技術網,取得年度;專利編號;組別;專利名稱,勞動部勞動及職業安全衛生研究所
就保被保險人人數統計,就保被保險人人數統計,13322,依單位類別及身分別區分各單位類別中年度就保被保險人人數,國籍別;產業勞工及交通公用事業員工;公司行號員工;新聞文化公益及合作事業員工;政府機關及公私立學校員工;受僱從事漁業生產勞動者;其他各業員工,勞動部勞工保險局
就業促進津貼協助就業人數統計表,就業促進津貼協助就業人數統計表,30931,就業促進津貼協助就業人數統計表,年度;截至月份;預期_實際補助人數;補助漁船船主進用失業者從事漁船員;補助雇主僱用本國籍照服員;鼓勵失業勞工受僱缺工行業;天然災害臨時工作津貼;青年跨域津貼,勞動部勞動力發展署
就業促進津貼編列預算統計表,就業促進津貼編列預算統計表,30930,就業促進津貼編列預算統計表,年度;截至月份;預算_實際執行金額;補助漁船船主進用失業者從事漁船員;補助雇主僱用本國籍照服員;鼓勵失業勞工受僱缺工行業;天然災害臨時工作津貼;青年跨域津貼,勞動部勞動力發展署
就業保險保險費欠費單位數量及欠費金額統計月報表,就業保險保險費欠費單位數量及欠費金額統計月報表,14264,提供投保單位就業保險欠費統計資料,製表日期;欠費金額級距不包括上限;本月份欠費單位數;本月份欠費總金額,勞動部勞工保險局
就業保險單位、人數,就業保險單位、人數,13352,最近一年度之就保單位、人數－按業別、規模別分,統計期;規模別;計量單位;農林漁牧業;礦業及土石採取業;製造業;電力及燃氣供應業;用水供應及污染整治業;營建工程業;批發及零售業;運輸及倉儲業;住宿及餐飲業;出版影音製作傳播及資通訊服務業;金融及保險業;不動產業;專業科學及技術服務業;支援服務業;公共行政及國防_強制性社會安全;教育業;醫療保健及社會工作服務業;藝術娛樂及休閒服務業;其他服務業,勞動部勞工保險局
就業保險基金年度經營概況,就業保險基金年度經營概況,57163,提供年度就業保險基金經營概況,年度;基金運用餘額;基金收益數;收益率,勞動部勞動基金運用局
就業保險基金投資運用情形,就業保險基金投資運用情形,13224,提供每月底就業保險基金投資運用情形,轉存金融機構;公債金融債券公司債;短期票券;國外投資,勞動部勞動基金運用局
就業保險基金每月經營概況,就業保險基金每月經營概況,31701,提供每月底就業保險基金經營概況,月別;基金運用餘額;基金收益數;收益率,勞動部勞動基金運用局
就業保險失業給付初次核付人數,就業保險失業給付初次核付人數－按年齡組別及性別分,39539,就業保險失業給付初次核付人數之統計,年度;年齡組別;性別;核付人數,勞動部勞工保險局
就業保險實計保險給付,就業保險實計保險給付,93960,前一年度之統計,核付年;核付月;地區別;類別;業別;性別;單齡;給付種類;件數;金額,勞動部勞工保險局
就業保險平均投保薪資,就業保險平均投保薪資-按類別,33376,提供當年度各類別之就業保險每月平均投保薪資,類別;1月;2月;3月;4月;5月;6月;7月;8月;9月;10月;11月;12月,勞動部勞工保險局
就業保險平均投保薪資,就業保險平均投保薪資-按行業別,33377,提供當年度各行業別之就業保險每月平均投保薪資,行業別;1月;2月;3月;4月;5月;6月;7月;8月;9月;10月;11月;12月,勞動部勞工保險局
就業保險應計保險費,就業保險應計保險費-按類別,33361,提供當年度各類別之就業保險應計保險費,種類;1月投保人數;1月應計保險費;2月投保人數;2月應計保險費;3月投保人數;3月應計保險費;4月投保人數;4月應計保險費;5月投保人數;5月應計保險費;6月投保人數;6月應計保險費;7月投保人數;7月應計保險費;8月投保人數;8月應計保險費;9月投保人數;9月應計保險費;10月投保人數;10月應計保險費;11月投保人數;11月應計保險費;12月投保人數;12月應計保險費,勞動部勞工保險局
就業保險投保單位、人數及平均投保薪資原始統計資料,就業保險投保單位、人數及平均投保薪資原始統計資料,101000,提供當年度各地區、類別及業別之就業保險投保單位數、投保人數及平均投保薪資等原始統計資料,資料年月;地區別;單位類別;業別;單位註記;上月底單位數;本月加保單位數;本月退保單位數;本月底單位數;上月底投保人數;本月加保投保人數;本月退保投保人數;本月底投保人數;平均投保薪資,勞動部勞工保險局
就業保險投保單位數及人數,就業保險投保單位數及人數-按類別,33373,依類別區分當年度各月份之就業保險單位數及人數等統計資料,類別;1月份單位數;1月份人數;2月份單位數;2月份人數;3月份單位數;3月份人數;4月份單位數;4月份人數;5月份單位數;5月份人數;6月份單位數;6月份人數;7月份單位數;7月份人數;8月份單位數;8月份人數;9月份單位數;9月份人數;10月份單位數;10月份人數;11月份單位數;11月份人數;12月份單位數;12月份人數,勞動部勞工保險局
就業保險投保單位數及人數,就業保險投保單位數及人數-按行業別,33374,依行業別區分當年度各月份之就業保險單位數及人數等統計資料,行業別;1月份單位數;1月份人數;2月份單位數;2月份人數;3月份單位數;3月份人數;4月份單位數;4月份人數;5月份單位數;5月份人數;6月份單位數;6月份人數;7月份單位數;7月份人數;8月份單位數;8月份人數;9月份單位數;9月份人數;10月份單位數;10月份人數;11月份單位數;11月份人數;12月份單位數;12月份人數,勞動部勞工保險局
就業保險投保單位數及人數-按規模,就業保險投保單位數及人數-按規模,33375,依規模別區分當年度各月份之就業保險單位數及人數等統計資料,規模別;1月份單位數;1月份人數;2月份單位數;2月份人數;3月份單位數;3月份人數;4月份單位數;4月份人數;5月份單位數;5月份人數;6月份單位數;6月份人數;7月份單位數;7月份人數;8月份單位數;8月份人數;9月份單位數;9月份人數;10月份單位數;10月份人數;11月份單位數;11月份人數;12月份單位數;12月份人數,勞動部勞工保險局
就業保險提早就業獎助津貼初次核付人數,就業保險提早就業獎助津貼初次核付人數-按年齡組別及性別分,59077,就業保險提早就業獎助津貼初次核付人數之統計,年度;年齡組別;性別;核付人數,勞動部勞工保險局
就業保險育嬰留職停薪津貼核付資料統計,就業保險育嬰留職停薪津貼核付資料統計-按性別分,40328,就業保險育嬰留職停薪津貼核付資料之統計,年月;男性核付人數;男性核付件數;男性核付金額;女性核付人數;女性核付件數;女性核付金額,勞動部勞工保險局
就業博覽會及現場徵才資訊,就業博覽會及現場徵才資訊,6059,提供109年度就業博覽會及現場徵才之相關數據,項次;辦理分署;辦理日期;辦理地點;預估廠商數;實際廠商數;預估職缺數;實際職缺數;預估參加人次;實際參加人次,勞動部勞動力發展署
就業好伙伴電子報月刊,就業好伙伴電子報月刊,6611,提供勞動力發展署出版之就業好伙伴月刊資料,期數;主題;標題;中文摘要;網址,勞動部勞動力發展署
就業安全半年刊,就業安全半年刊,6612,提供勞動力發展署出版之就業安全半年刊資料,期數;主題;專欄;中文摘要;網址,勞動部勞動力發展署
就業安定基金對民間團體及個人之補(捐)助情形季報表,就業安定基金對民間團體及個人之補(捐)助情形季報表(106年度至107年6月),45216,就業安定基金對民間團體及個人之補(捐)助情形季報表(106年度至107年6月),工作計畫科目名稱及預算數（僅列補助團體722，私校723及私人724預算金額）;補助要點依據;補助事項或用途;核准日期及文號（XXX年XX月XX日OOO字第XXX號）;補助對象（團體全銜或私人姓OO）;本機關補助金額（核定金額）（1）;他機關補助金額（2）;私人或團體自付金額（3）;合計（4）=（1）+（2）+（3）;本季;截至本季累積撥款數（5）;截至本季實支金額（6）;截至本季暫付金額（7）;受委託撥款機關（款項委託由地方政府轉發者始填本欄）;分攤補助款機關名稱（請逐一填列）;受補助對象所在直轄市或縣市別,勞動部勞動力發展署
就業安定基金對民間團體及個人之補(捐)助情形季報表,就業安定基金對民間團體及個人之補(捐)助情形季報表(107年7月起),94183,就業安定基金對民間團體及個人之補(捐)助情形季報表(107年7月起),計畫名稱;補（捐）助事項;補（捐）助對象;所歸屬之直轄市或縣（市）;核准日期;補（捐）助金額,勞動部勞動力發展署
就業安定基金對民間團體及個人之補(捐)助情形季報表,就業安定基金對民間團體及個人之補(捐)助情形季報表(109年4月起),128781,就業安定基金對民間團體及個人之補(捐)助情形季報表(109年4月起),項次;補（捐）助機關;受補（捐）助對象所歸屬之直轄市或縣（市）;受補（捐）助對象;補（捐）助事項或用途;核准日期;補（捐）助金額（含累積金額）;備註,勞動部勞動力發展署
就業安定基金會計月報,就業安定基金會計月報,44854,就業安定基金會計月報,就業安定基金執行狀況;就業安定基金執行情況;就業安定基金執行情形,勞動部勞動力發展署
就業安定基金決算概況,就業安定基金決算概況,19576,就業安定基金決算概況,決算概況,勞動部勞動力發展署
就業安定基金管理會會議紀錄,就業安定基金管理會會議紀錄,31584,就業安定基金管理會會議紀錄,次別;網址,勞動部勞動力發展署
就業安定基金附屬單位預算概況,就業安定基金附屬單位預算概況,26734,就業安定基金附屬單位預算概況,附屬單位預算概況,勞動部勞動力發展署
就業安定費及收容費執行憑證情形,就業安定費及收容費執行憑證情形,41878,包含歷年執行憑證之件數及已清償金額,項目;首次取得憑證-件數;首次取得憑證-已清償金額;再移取得憑證-件數;再移取得憑證-已清償金額,勞動部勞動力發展署
就業平等相關法規,就業平等相關法規,40182,就業平等法規,相關法規分類;法規名稱,勞動部
就業服務人數統計,就業服務人數統計,61116,109年就業服務人數統計,月份;新登記求職人數;新登記求才人數;求供倍數,勞動部勞動力發展署
工作場所就業平等概況調查,108年工作場所就業平等概況調查,127374,求職、工作分配、調薪幅度、考核及陞遷因性別遭受不平等待遇情形,統計項目別;細項;樣本數（人）;沒有遭受不平等待遇（%）;有遭受不平等待遇（%）;有提出申訴（%）;沒有提出申訴（%）,勞動部
工作場所性別平等概況調查,工作場所性別平等概況調查,9817,求職、工作分配、調薪幅度、考核及陞遷因性別遭受不平等待遇情形,統計項目別;細項;樣本數（人）;沒有遭受不平等待遇（%）;有遭受不平等待遇（%）;有提出申訴（%）;沒有提出申訴（%）,勞動部
工作守則備查名冊,工作守則備查名冊,6685,事業單位依據職業安全衛生法報備之工作守則，轄區勞動檢查機構備查結果情形查詢,登錄編號;登錄日期;事業單位名稱（工程名稱）;來文字號;來函日期;備註,勞動部職業安全衛生署
工作生活平衡資源網資訊系統-工作生活平衡教育訓練課程,工作生活平衡資源網資訊系統-工作生活平衡教育訓練課程,41635,工作生活平衡資源網資訊系統-工作生活平衡教育訓練課程,課程名稱;公告日期;縣市;上課日期;上課時間;地點;報名日期;報名人數,勞動部
工會團體名冊,工會團體名冊,6278,提供工會聯合組織名冊,工會名稱;地址;電話;傳真,勞動部
工會基本資料檔,工會基本資料檔,27487,1、工會資訊-工會名稱、電話、理事長。 2、工會基本資料維護 3、工會總名冊檔,工會名稱;電話;理事長,勞動部
工會數及工會會員人數,工會數及工會會員人數,40125,工會數及工會會員人數,項目別;工會數;工會會員人數,勞動部
工會數及工會會員人數,工會數及工會會員人數－按地區分,40137,工會數及工會會員人數－按地區分,項目別;工會數;工會會員人數,勞動部
年度出版品目錄,勞動部年度出版品目錄,41638,勞動部年度出版品目錄,出版品名稱;統一編號（GPN）;出版年月;定價,勞動部
年度研究報告清單,勞動部年度研究報告清單,40389,勞動部年度研究報告清單,計畫名稱;辦理單位;研究期程,勞動部
年度紓困貸款被保險人年資分佈表,年度紓困貸款被保險人年資分佈表,33362,當年度申請紓困貸款之被保險人年資統計,年度;年資;人數,勞動部勞工保險局
年度紓困貸款被保險人年齡分佈表,年度紓困貸款被保險人年齡分佈表,33363,當年度申請紓困貸款之被保險人年齡統計,年度;年齡;人數,勞動部勞工保險局
年度職災案例彙編,年度職災案例彙編,6644,前一年度發生之重大職業災害案例彙編,縣市別;行業別;媒介物;災害類型;發生日期;死;傷,勞動部職業安全衛生署
年度貸款人數統計表,年度貸款人數統計表,46762,當年度紓困貸款撥款人次,年度;撥款人次,勞動部勞工保險局
年度貸款金額統計表,年度貸款金額統計表,46763,當年度紓困貸款撥款金額,年度;撥款金額,勞動部勞工保險局
從事勞工健康服務護理人員統計數據,從事勞工健康服務護理人員統計數據,26506,事業單位報備之從事勞工健康服務護理人員統計數據，供各界查詢。,年度;事業單位家數;專職人數,勞動部職業安全衛生署
從事勞工健康服務醫師、護理與相關人員訓練之認可訓練機構名單,從事勞工健康服務醫師、護理與相關人員訓練之認可訓練機構名單,43259,從事勞工健康服務醫師、護理與相關人員訓練之認可訓練機構名單,訓練對象;訓練種類;機構名稱;機構網址;電話;有效期限;認可文號,勞動部職業安全衛生署
從事勞工健康服務醫師統計數據,從事勞工健康服務醫師統計數據,26505,事業單位報備之從事勞工健康服務醫師統計數據，供各界查詢。,年度;事業單位家數;專職人數;特約人數,勞動部職業安全衛生署
微型企業創業貸款每年度相關數據統計,微型企業創業貸款每年度相關數據統計,18575,提供民眾了解申請微型企業創業貸款情形,年度;貸款人數;貸款金額_千元;貸款利息補貼金額_千元,勞動部勞動力發展署
微型創業鳳凰創業課程,微型創業鳳凰創業課程,6153,105年1月至107年12月之創業研習課程,班別;日期;時間;地點;網址,勞動部勞動力發展署
微型創業鳳凰研習課程開班場次,微型創業鳳凰研習課程開班場次,36179,微型創業鳳凰研習課程之開班場次。,年度;班別;場次,勞動部勞動力發展署
微型創業鳳凰網站子頁面累計瀏覽人次,微型創業鳳凰網站子頁面累計瀏覽人次,43286,微型創業鳳凰網站子頁面累計瀏覽人次,年度;頁面名稱;網頁累計瀏覽人次,勞動部勞動力發展署
微型創業鳳凰網站累計瀏覽人次,微型創業鳳凰網站累計瀏覽人次,36178,微型創業鳳凰網站之累計瀏覽人次。,年度;累計瀏覽人次,勞動部勞動力發展署
微型創業鳳凰諮詢顧問名單,微型創業鳳凰諮詢顧問名單,6416,微型創業鳳凰計畫之創業顧問名單簡介,姓名;服務單位;職稱;專業領域,勞動部勞動力發展署
微型創業鳳凰貸款承貸銀行核貸件數,微型創業鳳凰貸款承貸銀行核貸件數,52288,微型創業鳳凰貸款承貸銀行之核貸件數,年度;月份;承貸銀行;核貸件數,勞動部勞動力發展署
微型創業鳳凰貸款每年度相關數據統計,微型創業鳳凰貸款每年度相關數據統計,18574,提供民眾了解每年申請微型鳳凰創業貸款情形,年度;貸款人數;貸款金額_千元;貸款利息補貼金額_千元,勞動部勞動力發展署
性別勞動統計,勞動部性別勞動統計,11220,全時工作及部分工時就業者及受僱者人數,年月別;項目別;細項;全日工作就業者;部分工時就業者;全日工作受僱者;部分工時受僱者,勞動部
性別勞動統計,107年勞動部性別勞動統計,127379,全時工作及部分工時就業者及受僱者人數,項目別;細項;全日工作就業者人數;部分工時就業者人數;全日工作受僱者人數;部分工時受僱者人數,勞動部
性別工作平等申訴案件受理件數及評議件數,性別工作平等申訴案件受理件數及評議件數,40167,性別工作平等申訴案件受理件數及評議件數,項目別;受理件數;評議件數,勞動部
性別工作平等申訴案件受理件數及評議件數,性別工作平等申訴案件受理件數及評議件數－按地區分,40168,性別工作平等申訴案件受理件數及評議件數－按地區分,項目別;受理件數;評議件數,勞動部
性別平等專區,勞動部性別平等專區,11247,提供勞動部性別平等相關資訊,網站名稱;相關聯結,勞動部
所有採樣分析參考方法之目錄,所有採樣分析參考方法之目錄,6619,認可實驗室驗證參考,方法編號;中文名稱;英文名稱,勞動部勞動及職業安全衛生研究所
托兒設施措施補助情形統計表,勞動部托兒設施措施補助情形統計表,24036,勞動部托兒設施措施補助情形統計表,年度;申請家數;補助家數;受益員工數;受益員工子女數,勞動部
技能檢定發證數統計資料,技能檢定發證數統計資料,96095,技能檢定當年度按職類及級別之報檢數、到檢數及合格數,職類名稱;細項職類名稱;職類群;級別;報檢數;到檢數;合格數,勞動部勞動力發展署
技術生訓練職類,105年度技術生訓練職類,40306,求學及進修: 係指各種學習、教育等相關資料集,學制別;領域;職類,勞動部勞動力發展署
投保單位基本資料變更應檢附證件一覽表,投保單位基本資料變更應檢附證件一覽表,40320,投保單位辦理單位基本資料變更應檢附之相關證件,變更項目;應填書表;應檢附相關證件,勞動部勞工保險局
投保單位移送行政執行案件統計表,投保單位移送行政執行案件統計表,14265,提供投保單位欠費移送行政執行案件統計資料,項目;移送執行;繳清;部分繳清;執行憑證;保費註銷;退案;其他;尚未結案,勞動部勞工保險局
投保農會名稱與地址一覽表,投保農會名稱與地址一覽表,6264,提供各縣市基層農會名稱與地址，便利民眾至農會辦理農保、健保、金融服務、農業推廣等相關服務。,縣市別;農會名稱;農會保險部地址,勞動部勞工保險局
推介身心障礙者就業,推介身心障礙者就業,111319,推介身心障礙者就業,日期;身心障礙者就業人數;推介就業率;年度,勞動部勞動力發展署
提撥勞工教育經費及勞工教育班數,提撥勞工教育經費及勞工教育班數,40170,提撥勞工教育經費及勞工教育班數,項目別;提撥勞工教育經費（千元）;辦理勞工教育班數（班）,勞動部
提撥勞工教育經費及勞工教育班數,提撥勞工教育經費及勞工教育班數－按地區分,40171,提撥勞工教育經費及勞工教育班數－按地區分,項目別;提撥勞工教育經費（千元）;辦理勞工教育班數（班）,勞動部
政府應計國民年金保險費,政府應計國民年金保險費-按年度別,13341,政府應負擔國民年金保險費,年度;中央政府應負擔保費;地方政府應負擔保費,勞動部勞工保險局
政府資料開放行動方案,勞動部105~106年度政府資料開放行動方案,27415,勞動部105~106年度政府資料開放行動方案,項目;檔案格式;檔案來源,勞動部
政府資料開放諮詢小組會議紀錄,勞動部政府資料開放諮詢小組會議紀錄,17151,勞動部政府資料開放諮詢小組會議紀錄相關資料,項目;開會日期;檔案格式;檔案來源,勞動部
政策宣導廣告預算動支情形,政策宣導廣告預算動支情形,37374,提供政策宣導廣告預算動支情形,資料日期;網址,勞動部勞動力發展署
新制勞工退休基金年度經營概況,新制勞工退休基金年度經營概況,57161,提供年度新制勞工退休基金經營概況,年度;基金運用餘額;基金淨值;基金收益數;委託經營家數-國內;委託經營家數-國外;收益率;保證收益率,勞動部勞動基金運用局
新制勞工退休基金投資運用情形,新制勞工退休基金投資運用情形,13222,提供每月底新制勞工退休基金投資運用情形,轉存金融機構;短期票券;股票及受益憑證;公債金融債券公司債;國外投資;委託經營,勞動部勞動基金運用局
新制勞工退休基金會計月報,新制勞工退休基金會計月報,40361,新制勞工退休基金會計月報,年度月份;科目名稱;合計;百分比,勞動部勞動基金運用局
新制勞工退休基金歷年最低保證收益率,新制勞工退休基金歷年最低保證收益率,6058,每月第一個營業日公告最低保證收益率,年月別;最低保證收益率,勞動部勞動基金運用局
新制勞工退休基金歷年最近月份收益率,新制勞工退休基金歷年最近月份收益率,6449,每月第一個營業日公告最近月份收益率,年月別;最近月份收益率;公告日期,勞動部勞動基金運用局
新制勞工退休基金每月經營概況,新制勞工退休基金每月經營概況,31696,提供每月底新制勞工退休基金經營概況,月別;基金運用餘額;基金淨值;基金收益數;委託經營家數-國內;委託經營家數-國外;收益率;保證收益率,勞動部勞動基金運用局
新制勞工退休基金決算,新制勞工退休基金決算,13236,新制勞工退休基金決算,年度;科目;決算金額,勞動部勞動基金運用局
新制勞工退休基金社會責任投資(SRI)比例,新制勞工退休基金社會責任投資（SRI）比例,13232,統計新制勞工退休基金投資於社會責任相關評選優良企業金額占國內股票部位比例,日期;新制勞工退休基金社會責任投資（SRI）比例,勞動部勞動基金運用局
新制勞工退休基金預算(法定預算),新制勞工退休基金預算(法定預算),36637,新制勞工退休基金法定預算,年度;科目;預算金額;說明,勞動部勞動基金運用局
新制勞工退休基金預算案,新制勞工退休基金預算案,13234,新制勞工退休基金預算案,年度;項目;預算金額;說明,勞動部勞動基金運用局
新制勞工退休金收支情形,新制勞工退休金收支情形,31901,提供每月底新制勞工退休金收支情形,年度別;作業收入;作業外收入;作業支出;作業外支出,勞動部勞動基金運用局
新化學物質登記統計數據,新化學物質登記統計數據,27294,依新化學物質登記類型，以統計方式提供核准登記數量。,年度別;本辦法施行後製造或輸入之新化學物質-少量登記;本辦法施行後製造或輸入之新化學物質-簡易登記;本辦法施行後製造或輸入之新化學物質-標準登記;備註,勞動部職業安全衛生署
會計月報,勞動部會計月報,19212,勞動部會計月報,勞動部會計月報;會計月報;會計報告;動部會計月報,勞動部
有機溶劑作業檢查情形(年度),有機溶劑作業檢查情形(年度),43251,有機溶劑作業檢查情形(年度),年度;不合格項目;檢查廠數;不合規定廠數;不合規定項數;實施複查廠數;上次通知改善項數;複查時已改善項數;新增通知改善項數,勞動部職業安全衛生署
檢查機構受理勞工申訴陳情案件處理情形,104年檢查機構受理勞工申訴陳情案件處理情形,26927,過去一年之統計(案行業別),年度;行業別大類;法規名稱;法條名稱;違反項次,勞動部職業安全衛生署
檢查申請統計數據,106年檢查申請統計數據,26935,106年度各檢查機構辦理危險性機械及設備之檢查座次,總類別;北區職業安全衛生中心（座次）;中區職業安全衛生中心（座次）;南區職業安全衛生中心（座次）;臺北市政府勞檢處（座次）;臺中市政府勞檢處（座次）;高雄市政府勞檢處（座次）;經濟部加工出口區（座次）;新竹科學工業園區（座次）;南部科學工業園區（座次）;中部科學工業園區（座次）;中華鍋爐協會（座次）;社團法人中華產業機械設備協會（座次）;中華民國工業安全衛生協會（座次）,勞動部職業安全衛生署
歷年投保薪資分級表,歷年投保薪資分級表,45940,提供85年7月份起歷次修正之投保薪資分級表,級數;適用期間起迄;月投保薪資,勞動部勞工保險局
決算概況,勞動部決算概況,11222,勞動部決算書,決算概況,勞動部
漁會單位人數暨應計保險費月報表,漁會單位人數暨應計保險費月報表,34060,提供每月漁會單位人數及應計保險費統計資料,項目;保費年月;投保單位數;投保人數;平均投保薪資;應計保險費,勞動部勞工保險局
漁會會員勞保月負擔保險費金額表,漁會會員勞保月負擔保險費金額表,6261,提供漁會及所屬會員查詢每月個別應負擔保險費,投保薪資等級;月投保薪資;會員每月應負擔保險費金額,勞動部勞工保險局
災區受災勞工保險與就業保險被保險人保險費支應及傷病給付辦法,災區受災勞工保險與就業保險被保險人保險費支應及傷病給付辦法,48203,為周全照顧災區受災之民眾，各種社會保險保費等支出，由中央政府支應（並得以民間捐款為來源）,條號;內容,勞動部勞工保險局
營造安全鋼管施工架生產廠商資料,營造安全鋼管施工架生產廠商資料,44045,營造安全鋼管施工架符合國家標準推動期程及生產廠商資料,廠商名稱;聯絡電話;地址,勞動部職業安全衛生署
特定化學物質作業檢查情形(年度),特定化學物質作業檢查情形(年度),43252,特定化學物質作業檢查情形(年度),年度;不合規定項目;檢查廠數;不合規定廠數;不合規定項數;實施複查廠數;上次通知改善項數;複查時已改善項數;新增通知改善項數,勞動部職業安全衛生署
特定檢查項目(血(尿)中鉛、尿中鎳、尿中無機砷、尿中鎘、血(尿)中汞、尿中鉻及血清銦等)檢驗之機構名單,特定檢查項目(血(尿)中鉛、尿中鎳、尿中無機砷、尿中鎘、血(尿)中汞、尿中鉻及血清銦等)檢驗之機構名單,43258,特定檢查項目(血(尿)中鉛、尿中鎳、尿中無機砷、尿中鎘、血(尿)中汞、尿中鉻及血清銦等)檢驗之機構名單,機構名稱;指定檢查項目;指定期間;連絡電話;指定文號,勞動部職業安全衛生署
生物偵測分析方法,生物偵測分析方法,40583,生物偵測分析方法,發布日期;方法編號;方法名稱;發布單位;全文,勞動部勞動及職業安全衛生研究所
生物偵測分析方法資料庫,生物偵測分析方法資料庫,6684,生物偵測實驗室參考,方法編號;中文名稱;英文名稱,勞動部勞動及職業安全衛生研究所
產業人才投資方案課程,產業人才投資方案課程,59296,產業人才投資方案課程明細表,訓練單位名稱;縣市別辦訓地;聯絡人;聯絡電話;課程代碼;課程名稱;訓練時數;訓練人次;每人訓練費用;開訓日期;結訓日期,勞動部勞動力發展署
產業及社福外籍勞工人數,產業及社福外籍勞工人數－按開放項目分,41879,提供產業及社福外籍勞工人數資訊,年度;總計;產業外籍勞工合計;政府重大公共工程;六行業十五種職業;船員;六十八種行業;七十三種行業;陶瓷等六行業;新廠及擴充設備案;經加及科學園專案;三K行業專案;重大投資製造業;重大投資營造業;七行業專案;製造業兩年期滿重整;傳統製造業;非傳統製造業;特殊時程產業;附加外籍勞工;國內新增投資案;臺商回臺投資案;屠宰工作;乳牛飼育工作;外展農務工作;社福外籍勞工合計;看護工;家庭幫傭,勞動部勞動力發展署
產業及社福外籍勞工人數,產業及社福外籍勞工人數－按產業分,41880,提供產業及社福外籍勞工人數資訊,年度;總計;產業外籍勞工合計;農業;船員;乳牛飼育工作;外展農務工作;製造業;營建工程業;社福外籍勞工合計;看護工;養護機構看護工;外展看護工;家庭看護工;家庭幫傭,勞動部勞動力發展署
產業及社福外籍勞工人數,產業及社福外籍勞工人數－按國籍及縣市分,41881,提供產業及社福外籍勞工人數資訊,年度;縣市別;總計;印尼;馬來西亞;菲律賓;泰國;越南;蒙古;其他,勞動部勞動力發展署
產業及社福外籍勞工人數,產業及社福外籍勞工人數－按國籍及行業分,41882,提供產業及社福外籍勞工人數資訊,年度;類型;總計;印尼;馬來西亞;菲律賓;泰國;越南;蒙古;其他,勞動部勞動力發展署
申請勞工保險職業傷害及職業病給付核定率,申請勞工保險職業傷害及職業病給付核定率-按給付種類分,13329,108年起之統計,項目;給付種類;核定件數;職業災害件數,勞動部勞工保險局
申請勞工保險職業傷害及職業病給付核定率,申請勞工保險職業傷害及職業病給付核定率-按給付種類及類別分,68564,108年起之統計,給付種類;類別;職業傷害-核定件數;職業傷害-件數;職業病-核定件數;職業病-件數,勞動部勞工保險局
申請勞工保險職業傷害給付核定率,申請勞工保險職業傷害給付核定率-按給付種類、職業傷害類型及性別分,13330,108年起之統計,給付種類;職業傷害類型;性別;核定件數;職業傷害件數,勞動部勞工保險局
申請勞工保險職業病給付核定率,申請勞工保險職業病給付核定率-按給付種類、職業病成因及性別分,13328,108年起之統計,給付種類;職業病類型;性別;核定件數;職業病件數,勞動部勞工保險局
申請墊償應備文件,申請墊償應備文件,13337,申請墊償應備文件,可申請墊償對象;申請墊償要件;申請墊償項目;工資墊償範圍;退休金及資遣費墊償範圍;申請墊償應備書表;應備證明文件,勞動部勞工保險局
申請外國專業人員新聘及展延工作許可人次統計資訊,申請外國專業人員新聘及展延工作許可人次統計資訊,73206,統計外國專業人員新聘及展延之申請暨許可人次,工作類別;新聘或展延;申請人次;許可人次,勞動部勞動力發展署
直聘案件統計資訊,直聘案件統計資訊,20522,可瞭解直接聘僱聯合服務中心服務雇主、移工及代轉代寄狀況。,年度;服務菲律賓移工人數;服務越南移工人數;服務印尼移工人數;服務泰國移工人數;服務家庭看護工雇主人數;服務家庭幫傭雇主人數;服務機構看護工雇主人數;服務製造業雇主人數;服務營造業雇主人數;服務海洋漁撈雇主人數;初次招募代轉代寄案件數;重新招募代轉代寄案件數;入國引進代轉代寄案件數;驗證代轉代寄案件數;簽證代轉代寄案件數;聘僱許可代轉代寄案件數;期滿續聘許可代轉案件數;展延聘僱代轉代寄案件數,勞動部勞動力發展署
直轄市或縣(市)政府辦理身心障礙鑑定指定醫療機構名冊,直轄市或縣（市）政府辦理身心障礙鑑定指定醫療機構名冊,6266,直轄市或縣（市）政府辦理身心障礙鑑定指定醫療機構名冊,醫院所在縣市;序號;醫院中文名稱;醫院電話號碼區域碼;醫院電話號碼;醫院地址,勞動部勞工保險局
督導設置職業安全衛生組織人員實施自動檢查情形(年度),督導設置職業安全衛生組織人員實施自動檢查情形(年度),41520,督導設置職業安全衛生組織人員實施自動檢查情形(年度),年度;地區別;工廠或其他事業單位規模;已檢查列管數;已依規定設置單位人員數,勞動部職業安全衛生署
礦場安全檢查次數(年度),礦場安全檢查次數(年度),41496,礦場安全檢查次數(年度),檢查月份;項目別;檢查次數,勞動部職業安全衛生署
社會經濟入口網社會企業案例介紹,社會經濟入口網社會企業案例介紹,46012,國內社會企業案例介紹,文章標題;文章分類;文章網址,勞動部勞動力發展署
私立就業服務機構基本資料及評鑑結果,私立就業服務機構基本資料及評鑑結果,9332,提供國內跨國人力仲介公司年度評鑑成績資料,年度;許可證號;公司名稱;區域別;契約簽訂及保存;資料建檔及管制;員工管理;雙語服務;線上申辦;品質管理;級數（品質管理）;非法媒介;超收費用;非法扣留財務;未盡受委任事務;其他;違規處分;級數（違規處分）;服務週期及項目;申訴及異常事件處理;滿意度調查;顧客服務;級數（顧客服務）;曾受停業處分及申報暫停營業者;建立外籍勞工機場服務機制;就業服務專業人員比例;仲介機構鼓勵行蹤不明外籍勞工投案;綜合評分;其他事項;級數（其他事項）;總成績;級數（總成績）;仲介人數;事業類比例;家庭類比例;其他類比例;行蹤不明率;停業處分及申報暫停營業;重大違法行為,勞動部勞動力發展署
積欠工資墊償基金國內投資股票類別,積欠工資墊償基金國內投資股票類別,30817,提供月底積欠工資墊償基金國內投資股票類別,年月;投資類別;積欠工資墊償基金,勞動部勞動基金運用局
積欠工資墊償基金年度經營概況,積欠工資墊償基金年度經營概況,57167,提供年度積欠工資墊償基金經營概況,年度;基金運用餘額;基金收益數;收益率,勞動部勞動基金運用局
積欠工資墊償基金投資運用情形,積欠工資墊償基金投資運用情形,13226,提供每月底積欠工資墊償基金投資運用情形,轉存金融機構;股票及受益憑證;公債金融債券公司債;短期票券,勞動部勞動基金運用局
積欠工資墊償基金支付之補助,積欠工資墊償基金支付之補助,37870,支付之補助報表,補助類別;受補（捐）助單位名稱;補（捐）助計畫名稱;列支科目名稱;補_捐（獎）助金額;核准日期;受補助對象所在直轄市或縣市別,勞動部勞工保險局
積欠工資墊償基金會計月報,積欠工資墊償基金會計月報,19449,積欠工資墊償基金會計月報,平衡表;收支餘絀表,勞動部勞工保險局
積欠工資墊償基金每月經營概況,積欠工資墊償基金每月經營概況,31704,提供每月底積欠工資墊償基金經營概況,月別;基金運用餘額;基金收益數;收益率,勞動部勞動基金運用局
積欠工資墊償基金決算,積欠工資墊償基金決算,11243,積欠工資墊償基金決算,依總決算附屬單位決算編製作業手冊規定編製，包括平衡表;收支餘絀表;餘絀撥補表;現金流量表等。,勞動部勞工保險局
積欠工資墊償基金預算,積欠工資墊償基金預算,11240,最近一年度之預算,依信託基金預算書表規定編製，包括收支餘絀預計表;現金流量預計表及餘絀撥補預計表。,勞動部勞工保險局
積欠工資墊償歷年統計,積欠工資墊償歷年統計,6275,自76年開辦後歷年墊償件數、單位數、人數、金額統計數據,期間;墊付件數;墊付家數;墊付人數;應墊付金額;已墊付金額,勞動部勞工保險局
積欠工資墊償追償統計,積欠工資墊償追償統計,6276,自76年墊償開辦後歷年墊償追償狀況統計,年度;當年墊償金額;累積墊償金額;當年償還金額;累積償還金額;當年追償率,勞動部勞工保險局
粉塵作業檢查情形(年度),粉塵作業檢查情形(年度),43254,粉塵作業檢查情形(年度),年度;不合規定項目;檢查廠數;不合規定廠數;不合規定項數;實施複查廠數;上次通知改善項數;複查時已改善項數;新增通知改善項數,勞動部職業安全衛生署
納保組各業務承辦科分機一覽表,納保組各業務承辦科分機一覽表,45941,納保組各承辦業務科電話分機代表號,承辦單位;保險證號範圍;分機代表號,勞動部勞工保險局
組織職掌,勞動部組織職掌,11246,提供勞動部各單位職掌,單位名稱;職掌,勞動部
網路填表引導系統統計資訊,網路填表引導系統統計資訊,41736,可了解網路填表引導系統註冊人數及註冊者使用者資料情形,年月別;註冊人數;共用表格;家庭看護工及家庭幫傭申請文件使用數;機構看護工申請文件使用數;製造工作申請文件使用數;營造工作申請文件使用數;海洋漁撈工作申請文件使用數;入國引進申請文件使用數,勞動部勞動力發展署
縣市辦理身障促進就業概況表(年報),縣市辦理身障促進就業概況表(年報),31861,縣市辦理身障促進就業概況表(年報),項目別;細項;計,勞動部勞動力發展署
老年農民福利津貼核付人數表,老年農民福利津貼核付人數表,17341,依地區別、年齡組別、性別、農漁民身分別提供前一年度老年農民福利津貼核付人數統計資料,年度;地區別;年齡組別;性別;農漁民身分別;核付人數,勞動部勞工保險局
聘僱外國人從事專門或技術性工作之雇主申請通案會商統計資訊,聘僱外國人從事專門或技術性工作之雇主申請通案會商統計資訊,73205,統計外國專技人員通案會商之申請及許可人次,通案會商類型;人次,勞動部勞動力發展署
職工福利概況,職工福利概況,40176,職工福利概況,項目別;已設立單位數;提撥金額;受益人數,勞動部
職工福利概況,職工福利概況－按地區分,40177,職工福利概況－按地區分,項目別;已設立單位數;提撥金額;受益人數,勞動部
職業傷病診治網絡醫院名單,職業傷病診治網絡醫院名單,31780,職業傷病診治網絡醫院提供職業傷病之工作因果關係診斷，職業病診治，視個案需求，提供個案管理或復工評估、復健轉介等服務。,網絡醫院名稱;職業病門診醫師姓名;電話;醫院地址,勞動部職業安全衛生署
職業傷病防治中心名單,職業傷病防治中心名單,5957,職業傷病防治中心提供勞工就近性之職業傷病預防、工作因果關係診斷及復工評估、復健轉介及健康與補償法令之諮詢。,區域;醫院名稱;聯絡人;聯絡電話;醫院地址,勞動部職業安全衛生署
職業安全衛生檢查初查不合格情形按行業分(年度),職業安全衛生檢查初查不合格情形按行業分(年度),41522,職業安全衛生檢查初查不合格情形按行業分(年度),年度;行業別;法條名稱;違反項目名稱;不合格廠次;不合格項數,勞動部職業安全衛生署
職業安全衛生檢查次數(年度),職業安全衛生檢查次數(年度),41521,職業安全衛生檢查次數(年度),年度;行業別;初查廠次;複查廠次,勞動部職業安全衛生署
職業安全衛生檢查複查不合格情形按行業分(年度),職業安全衛生檢查複查不合格情形按行業分(年度),41523,職業安全衛生檢查複查不合格情形按行業分(年度),年度;行業別;法條名稱;違反項目名稱;通知改善項數;已改善項數,勞動部職業安全衛生署
職業安全衛生法適用行業工作場所重大職業災害死亡人數(年度),職業安全衛生法適用行業工作場所重大職業災害死亡人數(年度),43257,職業安全衛生法適用行業工作場所重大職業災害死亡人數(年度),年度別;地區單位;死亡人數,勞動部職業安全衛生署
職業安全衛生法適用行業工作場所重大職業災害死亡人數按行業別,職業安全衛生法適用行業工作場所重大職業災害死亡人數按行業別,43255,職業安全衛生法適用行業工作場所重大職業災害死亡人數按行業別,年度別;行業別;雇工人數;死亡人數,勞動部職業安全衛生署
職業安全衛生法重大職業災害各項資料統計分析,職業安全衛生法重大職業災害各項資料統計分析,43256,職業安全衛生法重大職業災害各項資料統計分析,年度別;地區別;職業傷害種類;人數,勞動部職業安全衛生署
職業安全衛生獎項國家職業安全衛生獎,職業安全衛生獎項國家職業安全衛生獎,41459,職業安全衛生獎項國家職業安全衛生獎,頒獎年度;單位名稱;獎別,勞動部職業安全衛生署
職業安全衛生獎項推動職業安全衛生優良公共工程及人員選拔,職業安全衛生獎項推動職業安全衛生優良公共工程及人員選拔,44023,職業安全衛生獎項推動職業安全衛生優良公共工程及人員選拔,年度;工程名稱;得獎別,勞動部職業安全衛生署
職業安全衛生獎項推行職業安全衛生優良單位5星獎,職業安全衛生獎項推行職業安全衛生優良單位五星獎,41460,職業安全衛生獎項推行職業安全衛生優良單位五星獎,頒獎年度;五星獎單位名稱;推行年度;推薦單位;統一編號來源,勞動部職業安全衛生署
職業安全衛生署會計月報,勞動部職業安全衛生署會計月報,27400,勞動部職業安全衛生署會計月報,勞動部職業安全衛生署會計月報;勞動部職業安全衛生署108年度8月會計月報;勞動部職業安全衛生署108年度9月會計月報;勞動部職業安全衛生署108年度10月會計月報;勞動部職業安全衛生署108年度11月會計月報;XML;勞動部職業安全衛生署109年度3月會計月報;勞動部職業安全衛生署109年度4月會計月報;勞動部職業安全衛生署109年度5月會計月報;勞動部職業安全衛生署109年度6月會計月報;勞動部職業安全衛生署109年度7月會計月報;勞動部職業安全衛生署109年度8月會計月報,勞動部職業安全衛生署
職業安全衛生署決算概況,勞動部職業安全衛生署決算概況,27401,勞動部職業安全衛生署決算,依中央政府總決算編製作業手冊規定編製歲入來源別決算表;歲出機關別決算表;歲出政事別決算表;以前年度歲入來源別轉入數決算表等。,勞動部職業安全衛生署
職業安全衛生署預算概況,勞動部職業安全衛生署預算概況,13060,勞動部職業安全衛生署單位預算,依中央政府總預算編製作業手冊規定編製，包括歲入來源別預算表;歲出機關別預算表;歲入項目說明提要表;歲出計畫提要及分支計畫概況表暨分析表等。;109年勞動部職業安全衛生署單位預算;110年勞動部職業安全衛生署單位預算案,勞動部職業安全衛生署
職業安全衛生重要研究成果績效集,職業安全衛生重要研究成果績效集,40580,本所之重要研究成果與重要績效編集,績效報告名稱;出版單位;業務單位;出版年月;作者;摘要;全文,勞動部勞動及職業安全衛生研究所
職業工會、漁會欠費名單,職業工會、漁會欠費名單,6269,尚積欠勞保費之職業工會、漁會,序號;單位名稱,勞動部勞工保險局
職業工會之工會數及工會會員人數,職業工會之工會數及工會會員人數－按職業分,40141,職業工會之工會數及工會會員人數－按職業分,項目別;職業工會數;職業工會會員人數,勞動部
職業工會之工會數及工會會員人數,職業工會之工會數及工會會員人數－按地區及職業分,40142,職業工會之工會數及工會會員人數－按地區及職業分,項目別;職業工會數;職業工會會員人數,勞動部
職業工會單位人數暨應計保險費月報表,職業工會單位人數暨應計保險費月報表,34046,提供每月職業工會單位人數及應計保險費統計資料,項目;保費年月;投保單位數;投保人數;平均投保薪資;應計保險費,勞動部勞工保險局
職業工會會員勞保月負擔保險費金額表,職業工會會員勞保月負擔保險費金額表,6260,提供職業工會及所屬會員查詢每月個別應負擔保險費,序號;職災費率;普通費率;投保薪資;月負擔保險費金額,勞動部勞工保險局
職業災害保險適用行業別及費率表,職業災害保險適用行業別及費率表,6262,提供投保單位查詢其單位適用之職災費率,序號;大分類;費率編號;行業類別;行業別費率％;上下班費率％;職災費率％,勞動部勞工保險局
職業災害勞工保護專款年度經營概況,職業災害勞工保護專款年度經營概況,57164,提供年度職業災害勞工保護專款經營概況,年度;基金運用餘額;基金收益數;收益率,勞動部勞動基金運用局
職業災害勞工保護專款每月經營概況,職業災害勞工保護專款每月經營概況,31703,提供每月底職業災害勞工保護專款經營概況,月別;基金運用餘額;基金收益數;收益率,勞動部勞動基金運用局
職業災害地點等統計數據,職業災害地點等統計數據,21046,提供重大職業災害傷亡、發生區域(轄區)及災害人數等數據資料,年度別;區域（轄區）;死;傷,勞動部職業安全衛生署
職業災害失能勞工就業關懷調查,職業災害失能勞工就業關懷調查,30092,職業災害失能勞工罹災前後之工作與就業狀況，及其需要政府協助項目,按性別;年齡及失能等級等之職業災害失能勞工受傷或罹病前後之工作狀況;重返職場情形;復健及需要政府協助項目;工作安全衛生認知等。,勞動部
職業災害統計概況按全產業分(年度),職業災害統計概況按全產業分(年度),41512,職業災害統計概況按全產業分(年度),年度;行業別;陳報事業單位數;僱用勞工人數;總工作日數;總經歷工時;失能傷害人數;已結案之失能傷害-死亡人數;已結案之失能傷害-永久全失能人數;已結案之失能傷害-永久部分失能人數;已結案之失能傷害-暫時全失能人數;總損失工作日數,勞動部職業安全衛生署
職業災害統計災害類型按行業分(年度),職業災害統計災害類型按行業分(年度),41513,職業災害統計災害類型按行業分(年度),年度;行業別;災害類型;人數,勞動部職業安全衛生署
職業災害統計災害類型與受傷部位之關係按全產業分(年度),職業災害統計災害類型與受傷部位之關係按全產業分(年度),41517,職業災害統計災害類型與受傷部位之關係按全產業分(年度),年度;災害類型;受傷部位;受傷部位數,勞動部職業安全衛生署
職業災害統計災害類型與受傷部位之關係按製造業分(年度),職業災害統計災害類型與受傷部位之關係按製造業分(年度),41518,職業災害統計災害類型與受傷部位之關係按製造業分(年度),年度;災害類型;受傷部位;部位數,勞動部職業安全衛生署
職業災害統計災害類型與媒介物之關係按全產業分(年度),職業災害統計災害類型與媒介物之關係按全產業分(年度),41515,職業災害統計災害類型與媒介物之關係按全產業分(年度),年度;災害類型;分類;媒介物項目;人次,勞動部職業安全衛生署
職業災害統計災害類型與媒介物之關係按製造業分(年度),職業災害統計災害類型與媒介物之關係按製造業分(年度),41516,職業災害統計災害類型與媒介物之關係按製造業分(年度),年度;災害類型;分類;媒介物項目;人次,勞動部職業安全衛生署
職業災害統計網路填報系統受傷部位代號表,職業災害統計網路填報系統受傷部位代號表,41469,職業災害統計網路填報系統受傷部位代號表,代號;受傷部位,勞動部職業安全衛生署
職業災害統計網路填報系統失能傷害種類代號表,職業災害統計網路填報系統失能傷害種類代號表,41467,職業災害統計網路填報系統失能傷害種類代號表,代號;失能傷害種類,勞動部職業安全衛生署
職業災害統計網路填報系統媒介物分類表,職業災害統計網路填報系統媒介物分類表,41470,職業災害統計網路填報系統媒介物分類表,分類主項目;分類細項目;媒介物編號;媒介物,勞動部職業安全衛生署
職業災害統計網路填報系統手部傷害損失日數換算圖表,職業災害統計網路填報系統手部傷害損失日數換算圖表,41485,職業災害統計網路填報系統手部傷害損失日數換算圖表,骨節之全部或局部斷失;部位;失能損失日數,勞動部職業安全衛生署
職業災害統計網路填報系統災害類型分類說明表,職業災害統計網路填報系統災害類型分類說明表,41471,職業災害統計網路填報系統災害類型分類說明表,分類號碼;分類項目;說明,勞動部職業安全衛生署
職業災害統計網路填報系統足部傷害損失日數換算圖表,職業災害統計網路填報系統足部傷害損失日數換算圖表,41472,職業災害統計網路填報系統足部傷害損失日數換算圖表,骨節之全部或局部斷失;部位;失能損失日數,勞動部職業安全衛生署
職業災害統計行業別與受傷部位之關係按全產業分(年度),職業災害統計行業別與受傷部位之關係按全產業分(年度),41519,職業災害統計行業別與受傷部位之關係按全產業分(年度),年度;行業別;受傷部位;部位數,勞動部職業安全衛生署
職業災害統計行業別與受傷部位統計數據,職業災害統計行業別與受傷部位統計數據,20592,從事業單位填報職業災害網路填報系統數據，提供各業與受傷部位統計分析資料,年度;受傷部位;行業別;受傷部位次數,勞動部職業安全衛生署
職業災害統計行業別與媒介物之關係按全產業分(年度),職業災害統計行業別與媒介物之關係按全產業分(年度),41514,職業災害統計行業別與媒介物之關係按全產業分(年度),年度;行業別;分類;媒介物項目;人次,勞動部職業安全衛生署
職業訓練師師資,職業訓練師師資,24985,提供104年職業訓練師資料庫系統師資授權名單。,姓名;性別;職稱;隸屬單位;職類專長,勞動部勞動力發展署
職業訓練概況,職業訓練概況,9822,投保勞工保險事業單位職業訓練概況、政府機關及公立職訓機構辦理一般民眾職業訓練概況,辦理職業訓練家數;職業訓練人次;職業訓練支出;行業;員工規模;營業規模,勞動部
職業訓練機構名錄,職業訓練機構名錄,32336,職訓機構名稱、地址、職類數、訓練容量、招訓對象,類別;序號;職訓機構名稱;電話;地址;職類數;訓練容量;招訓對象;証號,勞動部勞動力發展署
職業訓練課程資訊,職業訓練課程資訊,6060,提供職業訓練課程及聯絡資訊,辦理單位;開班單位;訓練期間;訓練時段;訓練時數;訓練地點;訓練位置;報名日期;甄試日期;負擔費用;聯絡人;聯絡電話;課程名稱;期別;課程代碼;訓練概要;課程內容,勞動部勞動力發展署
職災勞工個案服務各縣市聯絡窗口資訊,職災勞工個案服務各縣市聯絡窗口資訊,44744,職災勞工個案服務各縣市聯絡窗口資訊,單位名稱;電話及傳真;地址,勞動部職業安全衛生署
職災勞工職業重建提供職能復健服務單位聯絡資訊,職災勞工職業重建提供職能復健服務單位聯絡資訊,44745,職災勞工職業重建提供職能復健服務單位聯絡資訊,地區;提供服務單位及聯絡資訊;服務項目,勞動部職業安全衛生署
職能基準資料檔,職能基準資料檔,21198,彙整職能基準資料,職能基準名稱;發展單位;有效期限,勞動部勞動力發展署
職能導向課程資料檔,職能導向課程資料檔,21200,彙整職能導向課程資料,職能導向課程名稱;發展單位;有效期限,勞動部勞動力發展署
育嬰留職停薪就業關懷調查結果,育嬰留職停薪就業關懷調查結果,17293,育嬰留職停薪者對申請津貼程序、相關措施及政策之認知、需求及滿意情形,得知育嬰留職停薪資訊管道;申請育嬰津貼程序簡便情形;育嬰留職停薪期滿復職協助措施認知及需求情形;對育嬰政策滿意情形,勞動部
自願投保單位申請新投保開戶應檢附證件一覽表,自願投保單位申請新投保開戶應檢附證件一覽表,40319,自願投保單位申請新投保開戶應檢附證照影本,單位類別;應申報投保單位名稱;應附證明文件影本,勞動部勞工保險局
至產業人才投資方案核定課程,105年度下半年至106年度下半年產業人才投資方案核定課程,32343,105年度下半年至106年度下半年產業人才投資方案核定課程明細表,年度;計畫別;訓練單位名稱;縣市別;聯絡人;聯絡電話;課程名稱;訓練時數;訓練人次;每人訓練費用;開訓日期;結訓日期,勞動部勞動力發展署
臺灣職業安全衛生管理系統(TOSHMS)認可驗證機構名單,臺灣職業安全衛生管理系統(TOSHMS)認可驗證機構名單,8176,經認可之臺灣職業安全衛生管理系統驗證機構名單,驗證機構名稱;認可編號;網址,勞動部職業安全衛生署
與認可檢定機構(財團法人工業技術研究院)簽訂防爆電氣設備檢測報告相互承認協議之國外實驗室清單,與勞動部認可檢定機構(財團法人工業技術研究院)簽訂防爆電氣設備檢測報告相互承認協議之國外實驗室清單,26314,提供簽約機構之協議有效期限、合作業務範圍及主管機關核准日期,國外機構名稱;國內機構名稱;合作範圍;簽約日;主管機關核准日;有效期限;網址,勞動部職業安全衛生署
舊制勞工退休基金年度經營概況,舊制勞工退休基金年度經營概況,57160,提供年度舊制勞工退休基金經營概況,年度;基金運用餘額;基金淨值;基金收益數;委託經營家數-國內;委託經營家數-國外;收益率;保證收益率,勞動部勞動基金運用局
舊制勞工退休基金投資運用情形,舊制勞工退休基金投資運用情形,13230,提供每月底舊制勞工退休基金投資運用情形,轉存金融機構;政府機關及公營事業經建貸款;股票及受益憑證;期貨;公債金融債券公司債;證券化商品;短期票券;黃金存摺;國外投資;委託經營,勞動部勞動基金運用局
舊制勞工退休基金會計月報,舊制勞工退休基金會計月報,40360,舊制勞工退休基金會計月報,年度月份;科目名稱;自行運用;委託經營;合計;百分比,勞動部勞動基金運用局
舊制勞工退休基金每月經營概況,舊制勞工退休基金每月經營概況,13229,提供每月底舊制勞工退休基金經營概況,月別;基金運用餘額;基金淨值;基金收益數;委託經營家數-國內;委託經營家數-國外;收益率;保證收益率,勞動部勞動基金運用局
舊制勞工退休基金決算,舊制勞工退休基金決算,13235,舊制勞工退休基金決算,年度;科目;決算金額,勞動部勞動基金運用局
舊制勞工退休基金社會責任投資(SRI)比例,舊制勞工退休基金社會責任投資（SRI）比例,33545,統計舊制勞工退休基金投資於社會責任相關評選優良企業金額占國內股票部位比例,日期;舊制勞工退休基金社會責任投資（SRI）比例,勞動部勞動基金運用局
舊制勞工退休基金預算(法定預算),舊制勞工退休基金預算(法定預算),36635,舊制勞工退休基金法定預算,年度;科目;預算金額;說明,勞動部勞動基金運用局
舊制勞工退休基金預算案,舊制勞工退休基金預算案,13233,舊制勞工退休基金預算案,年度;科目;預算金額;說明,勞動部勞動基金運用局
舊制勞工退休準備金收支情形,舊制勞工退休準備金收支情形,13231,提供每月底舊制勞工退休準備金收支情形,年月別;作業收入;作業外收入;作業支出;作業外支出,勞動部勞動基金運用局
衛生福利部評鑑合格之醫院名單,衛生福利部評鑑合格之醫院名單,6271,提供勞工因眼、耳、咀嚼吞嚥及言語機能、胸腹部臟器(機能失能)、脊柱畸形或運動失能、皮膚或上下肢機能失能者，得就近至評鑑合格醫院開具勞保失能診斷書，申請勞保失能給付。所在縣市、醫院名稱、醫院層級、醫院評鑑合格效期、教學評鑑合格效期、醫院電話、醫院地址,所在縣市;醫院名稱;編號;醫院評鑑評鑑結果;教學醫院評鑑結果;醫院評鑑合格效期;教學醫院合格效期;醫院電話;地址,勞動部勞工保險局
裁決決定,裁決決定,18931,一、裁決決定書。 二、裁決申請案件統計。,年度;裁決決定案件_構成不當勞動行為;裁決決定案件_駁回;裁決決定案件_不受理;和解案件;申請人撤回案件;審理中案件,勞動部
補助地方政府辦理身心障礙者職業訓練執行情形,補助地方政府辦理身心障礙者職業訓練執行情形,49519,提供補助地方政府辦理身心障礙者職業訓練執行情形,縣市別;職訓類別;訓練單位;職訓職類;開訓日期;結訓日期;辦理時數;參訓狀態;參訓人數;結訓人數;就業人數;提前就業人數,勞動部勞動力發展署
訴願案件決定結果查詢,勞動部訴願案件決定結果查詢,41457,勞動部訴願案件決定結果查詢,案號;決定書主文;決定書日期,勞動部
訴願案件辦結統計資料,勞動部訴願案件辦結統計資料,27349,案件類型、件數,案件類型;件數,勞動部
認可型式檢定機構清單,勞動部認可型式檢定機構清單,26308,提供檢定機構之認可有效期限、檢定業務範圍及聯絡資訊,機構名稱;認可範圍;機構住址;機構電話及傳真;聯絡人;有效期間,勞動部職業安全衛生署
跨國人力仲介公司許可名冊,跨國人力仲介公司許可名冊,6682,提供國內跨國人力仲介公司資料,許可證;機構名稱;機構地址;電話;負責人姓名;公司統一編號;專業人員人數;從業人員人數;許可證起始日;許可證終止日;停業起始日;停業屆滿日;預訂復業日期;終止營業日期;廢止許可日期,勞動部勞動力發展署
身心障礙者勞動狀況情形,身心障礙者勞動狀況情形,9821,身心障礙者之就業者、失業者及非勞動力,身心障礙者類別;身心障礙等級;地區別;性別;年齡;教育程度及婚姻狀況,勞動部
身障定額進用不足額義務單位名單,身障定額進用不足額義務單位名單,31859,身障定額進用不足額義務單位名單,投保單位名稱;縣市別;不足人數;進用人數;機關性質;法定人數,勞動部勞動力發展署
身障定額進用未達法定進用機關(構)數縣市政府排序表,身障定額進用未達法定進用機關(構)數縣市政府排序表,87721,身障定額進用未達法定進用機關(構)數縣市政府排序表,區域別;義務機關_構_數_公立;義務機關_構_數_私立;法定進用人數_公立;法定進用人數_私立;實際進用人數_公立;實際進用人數_私立;未達法定進用機關_構_數_公立機關;未達法定進用機關_構_數_公立學校;未達法定進用機關_構_數_公營企業;未達法定進用機關_構_數_私立學校;未達法定進用機關_構_數_私立團體;未達法定進用機關_構_數_民營企業,勞動部勞動力發展署
辦理政策宣導相關廣告執行情形,勞動部辦理政策宣導相關廣告執行情形,11215,勞動部辦理政策宣導相關廣告執行情形,title;link;description;pubDate,勞動部
辦理製造業雇主定期查核統計資料,辦理製造業雇主定期查核統計資料,33037,統計製造業雇主納入定期查核之結果情形,查核年月;查核家次;限期改善處分-家次;限期改善處分-人數;限期改善處分-比率;提報廢止處分-家次;提報廢止處分-人數;6個月前查核已完成改善比率,勞動部勞動力發展署
農保喪葬津貼被保險人請領給付平均年齡統計表,農保喪葬津貼被保險人請領給付平均年齡統計表,37869,自98年度以來每年喪葬津貼按性別統計給付請領年均年齡,年度;平均年齡-男;平均年齡-女,勞動部勞工保險局
農保生效中身心障礙被保險人人數統計表,農保生效中身心障礙被保險人人數統計表,13349,最新各縣市政府補助農保身心障礙各等級被保險人人數統計資料,年月;縣市代號;縣市名稱;極重度人數;重度人數;中度人數;輕度人數,勞動部勞工保險局
農保生育給付被保險人請領給付平均年齡統計表,農保生育給付被保險人請領給付平均年齡統計表,37868,自98年度以來每年生育給付按性別統計給付請領年均年齡,年度;平均年齡-男;平均年齡-女,勞動部勞工保險局
農保被保險人加保人數統計表,農保被保險人加保人數統計表-按地區、年齡組別分,75259,統計各縣市各年齡層（每5歲為一級距)農民健康保險被保險人加保人數,計費年月;地區別;性別;年齡組別;人數,勞動部勞工保險局
農保被保險人加保年資組別人數統計表,農保被保險人加保年資組別人數統計表,46795,統計各年齡層（每5歲為一級距)農民健康保險被保險人加保年資(每5年為一級距)人數,年月別;年齡;0-4年;5-9年;10-14年;15-19年;20年以上,勞動部勞工保險局
農保被保險人已領取勞保老年給付人數統計表,農保被保險人已領取勞保老年給付人數統計表,13367,提供農保被保險人過去已領取勞保老年給付，含勞保老年一次金與勞保老年年金給付之人數統計資料,年月別;年齡;勞保一次金-男性;勞保一次金-女性;勞保年金-男性;勞保年金-女性,勞動部勞工保險局
農保被保險人應負擔保險費金額表,農保被保險人應負擔保險費金額表,13350,提供農保被保險人依加保天數及身心障礙狀況了解應負擔之保險費金額,加保天數;一般被保險人;極重度及重度身心障礙者;中度身心障礙者;輕度身心障礙者,勞動部勞工保險局
農保身心障礙給付不給付統計表,農保身心障礙給付不給付統計表,13366,提供農保身心障礙給付每月各障礙項目不給付案件統計資料,年月;等級;項目;件數,勞動部勞工保險局
農民健康保險實計現金給付,農民健康保險實計現金給付,98230,農民健康保險實計現金給付統計,核付年;核付月;地區別;性別;年齡組別;給付種類;核付件數;核付金額,勞動部勞工保險局
農民健康保險現金給付件數、金額,農民健康保險現金給付件數、金額,13356,最近一年度之農保現金給付件數、金額－按給付種類、性別及年齡組別分,統計期;年齡組別;性別;生育給付件數;生育給付金額;身心障礙給付件數;身心障礙給付金額;喪葬津貼件數;喪葬津貼金額,勞動部勞工保險局
農民職業災害保險給付檔,108年農民職業災害保險給付檔,115857,農民職業災害保險傷害給付及就醫津貼、身心障礙給付、喪葬津貼給付案,核付年;核付月;地區;性別;年齡;給付種類;給付件數;給付金額,勞動部勞工保險局
農職保被保險人人數統計表,農職保被保險人人數統計表,107000,計費年月之農職保被保險人人數-分男女及會員、非會員、僅加職保,年月別;農會名稱;會員-男性;會員-女性;會員-小計;非會員-男性;非會員-女性;非會員-小計;僅加職保-男性;僅加職保-女性;僅加職保-小計;總計,勞動部勞工保險局
近勞動統計調查,勞動部近10年勞動統計調查,7884,為能掌握與勞工相關議題之現況與問題，規劃相關施政方向及措施所辦理之各項勞動統計調查，除提供政府及學術單位研究分析應用外，並上載於網站供各界參用。,調查年;統計調查名稱;調查內容簡介;調查週期;網址,勞動部
通俗職業分類資訊,通俗職業分類資訊,30932,通俗職業名稱內容說明,代碼;職務名稱;職務內容說明,勞動部勞動力發展署
通過iCAP課程認證家次按產業別,通過iCAP課程認證家次按產業別,106660,彙整103至108年通過iCAP課程認證家次按產業別統計資料,年度;天然資源及食品與農業;企業經營管理;休閒與觀光旅遊;行銷與銷售;物流運輸;金融財務;建築與營造;政府公共事務;科學技術工程與數學;個人及社會服務;教育與訓練;資訊科技;製造;藝文與影音傳播,勞動部勞動力發展署
通過職業安全衛生管理系統績效認可且於有效期間之事業單位清單,通過職業安全衛生管理系統績效認可且於有效期間之事業單位清單,46106,通過職業安全衛生管理系統績效認可且於有效期間之事業單位清單,事業單位名稱;地址;認可年限;認可截止日期;目前狀態;備註及說明,勞動部職業安全衛生署
通過臺灣職業安全衛生管理系統(TOSHMS)驗證之事業單位名單,通過臺灣職業安全衛生管理系統(TOSHMS)驗證之事業單位名單,6340,收錄通過臺灣職業安全衛生管理系統驗證並取得合格有效證書之事業單位名單,驗證機構名稱;認可編號;網址,勞動部職業安全衛生署
違反勞動法令事業單位-勞動基準法,違反勞動法令事業單位-勞動基準法,109896,違反勞動法令事業單位-勞動基準法,主管機關;公告日期;處分日期;處分字號;事業單位名稱或負責人;違法法規法條;違反法規內容;備註說明,勞動部
違反勞動法令事業單位-勞工退休金條例,違反勞動法令事業單位-勞工退休金條例,109898,違反勞動法令事業單位-勞工退休金條例,主管機關;公告日期;處分日期;處分字號;事業單位名稱或負責人;違法法規法條;違反法規內容;處分金額或滯納金;備註說明,勞動部
違反勞動法令事業單位-就業服務法,違反勞動法令事業單位-就業服務法,110908,違反勞動法令事業單位-就業服務法,主管機關;公告日期;處分日期;處分字號;事業單位名稱或負責人;違法法規法條;違反法規內容;備註說明,勞動部
違反勞動法令事業單位-性別工作平等法,違反勞動法令事業單位-性別工作平等法,109897,違反勞動法令事業單位-性別工作平等法,主管機關;公告日期;處分日期;處分字號;事業單位名稱或負責人;違法法規法條;違反法規內容;備註說明,勞動部
部分工時勞工就業實況調查,部分工時勞工就業實況調查,9818,parttime01（部分工時勞工的身分狀況）、parttime02（部分工時勞工主要工作內容）、parttime03（部分工時勞工最近三年的工作經驗）、parttime04（部分工時勞工從事部分工時工作的原因）、parttime05（部分工時勞工未來工作動向）,勞工除了從事部分工時工作外之另外身分;所從事部分工時的工作內容;近三年都是全時員工或部分工時員工;從事部分工時工作之意願及原因;未來是否要從事全時工作或繼續從事部分工時工作,勞動部
部分工時被保險人各投保薪資投保人數,部分工時被保險人各投保薪資投保人數,45942,提供當年度部分工時被保險人各投保薪資等級人數,投保薪資等級;投保人數,勞動部勞工保險局
重大職業災害公開網,重大職業災害公開網,126835,重大職業災害公開網資料,項次;事業單位;行業別;災害類型;罹災人數;業主;工程名稱;場所-肇災處;地址;勞動檢查機構;發生日期,勞動部職業安全衛生署
重大職災統計,重大職災統計,43086,重大職災統計,工程合約金額;年度;月份;星期;時段;工程隸屬;工程類別;工程區分;災害類型;縣市別;區域所屬;媒介物;事故位置;承攬層級;作業內容;國籍;年齡;工作經歷;職務工種;不安全狀況;不安全行為;協議組織工作內容;危害告知工作;肇災公司規模,勞動部勞動及職業安全衛生研究所
金展獎得獎名單,金展獎得獎名單,42147,提供金展獎得獎名單,縣市別;公_私立;機關_構_名稱;獎項別,勞動部勞動力發展署
金融機構受理勞保費轉帳扣繳申請件數,金融機構受理勞保費轉帳扣繳申請件數,46606,金融機構受理勞保費轉帳扣繳申請件數,金資代號;銀行名稱;年度;新增件數,勞動部勞工保險局
鉛作業檢查情形(年度),鉛作業檢查情形(年度),43253,鉛作業檢查情形(年度),年度;不合規定項目;檢查廠數;不合規定廠數;不合規定項數;實施複查廠數;上次通知改善項數;複查時已改善項數;新增通知改善項數,勞動部職業安全衛生署
防護具專區,防護具專區,43087,防護具專區,個人防護具項目;種類,勞動部勞動及職業安全衛生研究所
雇主聘僱移工申請案件網路線上申辦量統計資訊,雇主聘僱移工申請案件網路線上申辦量統計資訊,73208,了解製造業、海洋漁撈業、家庭看護、家庭幫傭及養護機構類雇主申請外國人來臺工作之案件量及其使用線上申辦之百分比,業別;總收件量;線上申辦量;線上申辦占總收件比率,勞動部勞動力發展署
雙軌訓練旗艦計畫訓練職類,109學年雙軌訓練旗艦計畫訓練職類,62931,求學及進修: 係指各種學習、教育等相關資料集,學制別;領域;職類,勞動部勞動力發展署
電腦工作桌椅尺寸建議值,電腦工作桌椅尺寸建議值,40589,電腦工作桌椅尺寸建議值,電腦工作桌分類（可/不可調式）;量測別;建議最小值（mm）;建議最大值（mm）,勞動部勞動及職業安全衛生研究所
預算概況,勞動部預算概況,11221,勞動部預算書,預算概況,勞動部
預繳國民年金保險費件數及金額表,預繳國民年金保險費件數及金額表,13340,申請預繳國民年金保險費繳款單及實際預繳保險費之件數及金額,資料年月;申請預繳保險費繳款單件數;申請預繳保險費繳款單金額;實際預繳保險費件數;實際預繳保險費金額,勞動部勞工保險局
頭盔用標準頭型,頭盔用標準頭型,40590,頭盔用標準頭型,頭盔尺寸;頭盔規格（頭寬）;頭盔規格（頭深）;適用範圍（頭寬-最小尺寸）;適用範圍（頭寬-最大尺寸）;適用範圍（頭深-最小尺寸）;適用範圍（頭深-最大尺寸）;抽樣總人數;抽樣男性人數;抽樣女性人數,勞動部勞動及職業安全衛生研究所
勞動力發展署辦理照顧服務員結訓人數及訓後就業率,勞動力發展署100~106年辦理照顧服務員結訓人數及訓後就業率,90259,勞動力發展署100~106年辦理照顧服務員結訓人數及訓後就業率(年度、結訓人數總計、結訓人數男、結訓人數女、訓後3個月就業率),年度;結訓人數總計;結訓人數男;結訓人數女;訓後3個月就業率,勞動部勞動力發展署
