2代戒菸合約院所,二代戒菸合約院所,90617,二代戒菸合約院所,二代戒菸合約院所名稱;地址;電話,屏東縣政府衛生局
ITaiwan 無線熱點清冊,屏東縣ITaiwan 無線熱點清冊,90594,屏東縣ITaiwan 無線熱點清冊,name;area;address,研考處
「申請聘僱外國人從事家庭看護工作之專業評估被看護者醫療機構」,屏東縣「申請聘僱外國人從事家庭看護工作之專業評估被看護者醫療機構」,90658,屏東縣「申請聘僱外國人從事家庭看護工作之專業評估被看護者醫療機構」,醫療機構名稱;醫療機構地址;聯絡電話,屏東縣長期照護管理中心
「非職業暴露愛滋病毒後預防性投藥」之醫院名單,「非職業暴露愛滋病毒後預防性投藥」之醫院名單,90616,「非職業暴露愛滋病毒後預防性投藥」之醫院名單,名單縣市;醫院名稱;門診提供時間;急診是否提供該項服務,屏東縣政府衛生局
ㄧ般護理之家基本資料,屏東縣ㄧ般護理之家基本資料,90659,屏東縣ㄧ般護理之家基本資料,no;Agency;Person in charge;tel;address,屏東縣長期照護管理中心
交通肇事案件資料,屏東縣交通肇事案件資料,90589,屏東縣交通肇事案件資料,number;location;Item,屏東縣政府警察局
人民團體,人民團體,90669,人民團體名稱、地址及聯絡電話,name;address;phone,社會處
使用牌照稅徵績表(滯納期滿),107年屏東縣使用牌照稅徵績表(滯納期滿),112329,"107年屏東縣使用牌照稅徵績表(滯納期滿),單位:輛:新臺幣_元",種類;查定數_輛數;查定數_稅額;徵起數_輛數;徵起數_稅額;徵績%_輛數;徵績%_稅額,屏東縣政府財稅局
使用牌照稅徵績表(滯納期滿),108年屏東縣使用牌照稅徵績表(滯納期滿),112331,"108年屏東縣使用牌照稅徵績表(滯納期滿),單位:輛:新臺幣_元",種類;查定數_輛數;查定數_稅額;徵起數_輛數;徵起數_稅額;徵績%_輛數;徵績%_稅額,屏東縣政府財稅局
使用牌照稅稅式支出,屏東縣105年至107年使用牌照稅稅式支出,108471,屏東縣105年至107年使用牌照稅稅式支出 金額單位:新台幣元,項次;項目;依據法律;條款;107年度稅式支出金額;106年度稅式支出金額;105年度稅式支出金額,屏東縣政府財稅局
使用牌照稅稅式支出統計表,屏東縣106年至108年使用牌照稅稅式支出統計表,114495,屏東縣106年至108年使用牌照稅稅式支出統計表 金額單位:新台幣元,項次;項目;依據法律;條款;108年度稅式支出金額;107年度稅式支出金額;106年度稅式支出金額,屏東縣政府
使用牌照稅稅源統計表,屏東縣107年使用牌照稅稅源統計表,103203,屏東縣107年使用牌照稅稅源統計表:以本縣轄區內課徵使用牌照稅各種交通工具為統計對象，並依機動車輛種類及汽缸總排氣量分類。,汽缸總排氣量_立方公分;小客車_自用_免稅輛數;小客車_自用_應稅輛數;小客車_自用_稅額;小客車_營業用_免稅輛數;小客車_營業用_應稅輛數;小客車_營業用_稅額;大客車_免稅輛數;大客車_應稅輛數;大客車_稅額;貨車_免稅輛數;貨車_應稅輛數;貨車_稅額;曳引車_免稅輛數;曳引車_應稅輛數;曳引車_稅額;機車_免稅輛數;機車_應稅輛數;機車_稅額,屏東縣政府財稅局
債權憑證移送執行徵起統計表,107年債權憑證移送執行徵起統計表,104428,107年屏東縣財稅局債權憑證移送執行徵起統計表，單位＿元,項目;件數;金額,屏東縣政府財稅局
克流感抗病毒藥劑合約配置點,屏東縣克流感抗病毒藥劑合約配置點,90618,屏東縣克流感抗病毒藥劑合約配置點,Ten yards（十碼章）;Name of Hospital（醫院名稱）;City and county（縣市別）;Administrative district（行政區）;Postal code（郵遞區號）;address（地址）;Contact telephone number（連絡電話）,屏東縣政府衛生局
兒童及少年安置教養機構,兒童及少年安置教養機構,90696,兒童及少年安置教養機構,name;address;phone;,社會處
兒童發展評估中心與評估醫院,兒童發展評估中心與評估醫院,90672,兒童發展評估中心與評估醫院,name;address;phone;service;time,社會處
全功能服務櫃臺件數統計表,107年全功能服務櫃臺件數統計表,103785,屏東縣政府財稅局107年度全功能服務櫃臺受理件數統計表,服務項目;件數;跨機關件數,屏東縣政府財稅局
全功能櫃臺件數統計表,108年全功能櫃臺件數統計表,120728,屏東縣政府財稅局108年度全功能櫃臺服務件數統計,服務項目;件數;跨機關件數,屏東縣政府財稅局
全球資訊網最新消息,屏東縣政府全球資訊網最新消息,129068,屏東縣政府全球資訊網發布之最新消息,title:標題;link:消息內容連結;description：內容;pubDate:公告日期,屏東縣政府
公共債務情形,屏東縣政府109年6月底止公共債務情形,128197,單位:新臺幣元 109年6月底止屏東縣政府公共債務情形,期間;1年以上債務未償餘額;短期債務未償餘額;平均每人負擔債務;自償性債務未償餘額含非營業特種基金,屏東縣政府財稅局
公共債務情形,屏東縣政府109年7月底止公共債務情形,128993,單位:新臺幣元屏東縣政府109年7月底止公共債務情形,期間;1年以上債務未償餘額;短期債務未償餘額;平均每人負擔債務;自償性債務未償餘額含非營業特種基金,屏東縣政府財稅局
公共債務情形,屏東縣政府106年12月底止公共債務情形,129999,單位:新臺幣元屏東縣政府106年12月底止公共債務情形,期間;1年以上債務未償餘額;短期債務未償餘額;平均每人負擔債務;自償性債務未償餘額含非營業特種基金,屏東縣政府財稅局
公共債務情形,屏東縣政府107年12月底止公共債務情形,130000,單位:新臺幣元屏東縣政府107年12月底止公共債務情形,期間;1年以上債務未償餘額;短期債務未償餘額;平均每人負擔債務;自償性債務未償餘額含非營業特種基金,屏東縣政府財稅局
公共債務情形,屏東縣政府108年12月底止公共債務情形,130001,單位:新臺幣元屏東縣政府108年12月底止公共債務情形,期間;1年以上債務未償餘額;短期債務未償餘額;平均每人負擔債務;自償性債務未償餘額含非營業特種基金,屏東縣政府財稅局
公共債務情形,屏東縣政府105年12月底止公共債務情形,130194,屏東縣政府105年12月底止公共債務情形,期間;1年以上債務未償餘額;短期債務未償餘額;平均每人負擔債務;自償性債務未償餘額含非營業特種基金,屏東縣政府財稅局
公共圖書館名冊,屏東縣公共圖書館名冊,86192,屏東縣內公立圖書館位置及電話,id;name;address;tel,文化處
出院準備服務業務各醫院聯絡窗口,屏東縣出院準備服務業務各醫院聯絡窗口,90660,屏東縣出院準備服務業務各醫院聯絡窗口,,屏東縣長期照護管理中心
印花稅徵收報表,屏東縣106年印花稅徵收報表,103557,屏東縣106年出售印花稅票、彙總自繳稅額及大額繳納印花稅徵收統計;單位:新臺幣元。,來源別;金額,屏東縣政府財稅局
印花稅徵收報表,屏東縣107年印花稅徵收報表,103558,屏東縣107年出售印花稅票、彙總自繳稅額及大額繳納印花稅徵收統計;單位:新臺幣元。,來源別;金額,屏東縣政府財稅局
印花稅徵收報表,屏東縣105年印花稅徵收報表,103559,屏東縣105年出售印花稅票、彙總自繳稅額及大額繳納印花稅徵收統計;單位:新臺幣元。,來源別;金額,屏東縣政府財稅局
印花稅徵收報表,屏東縣104年印花稅徵收報表,103560,屏東縣104年出售印花稅票、彙總自繳稅額及大額繳納印花稅徵收統計;單位:新臺幣元。,來源別;金額,屏東縣政府財稅局
印花稅徵收報表,屏東縣103年印花稅徵收報表,103561,屏東縣103年出售印花稅票、彙總自繳稅額及大額繳納印花稅徵收統計;單位:新臺幣元。,來源別;金額,屏東縣政府財稅局
原住民家庭服務中心名冊,屏東縣原住民家庭服務中心名冊,90584,屏東縣原住民家庭服務中心名冊,name;address;tel,原住民處
受理失蹤人口數及查獲失蹤人口數,受理失蹤人口數及查獲失蹤人口數,90588,受理失蹤人口數及查獲失蹤人口數,,屏東縣政府警察局
各國民中學基本學區範圍,屏東縣各國民中學基本學區範圍,90602,屏東縣各國民中學基本學區範圍,area;name;school district;remark,教育處
各國民小學基本學區範圍,屏東縣各國民小學基本學區範圍,90601,屏東縣各國民小學基本學區範圍,area;name;school district;remark,教育處
各地政事務所轄管鄉鎮市一覽表,屏東縣各地政事務所轄管鄉鎮市一覽表,90573,屏東縣各地政事務所轄管鄉鎮市一覽表,"Lands Office：地政事務所別,Area：鄉鎮市別",地政處
各年度地方稅實徵淨額,屏東縣各年度地方稅實徵淨額-地價稅,103568,單位：新臺幣千元；屏東縣近十年（98～108年）地價稅實徵淨額,年度;預算數;本年度查定數;實徵淨額;實徵淨額佔預算數%,屏東縣政府財稅局
各年度地方稅實徵淨額,屏東縣各年度地方稅實徵淨額-土地增值稅,103569,單位：新臺幣千元；屏東縣近十年（98～108年）土地增值稅實徵淨額,年度;預算數;本年度查定數;實徵淨額;實徵淨額佔預算數%,屏東縣政府財稅局
各年度地方稅實徵淨額,屏東縣各年度地方稅實徵淨額-房屋稅,103570,單位：新臺幣千元；屏東縣近十年（98～108年）房屋稅實徵淨額,年度;預算數;本年度查定數;實徵淨額;實徵淨額佔預算數%,屏東縣政府財稅局
各年度地方稅實徵淨額,屏東縣各年度地方稅實徵淨額-使用牌照稅,103571,單位：新臺幣千元；屏東縣近十年（98～108年）使用牌照稅實徵淨額,年度;預算數;本年度查定數;實徵淨額;實徵淨額佔預算數%,屏東縣政府財稅局
各年度地方稅實徵淨額,屏東縣各年度地方稅實徵淨額-契稅,103572,單位：新臺幣千元；屏東縣近十年（98～108年）契稅實徵淨額,年度;預算數;本年度查定數;實徵淨額;實徵淨額佔預算數%,屏東縣政府財稅局
各年度地方稅實徵淨額,屏東縣各年度地方稅實徵淨額-印花稅,103573,單位：新臺幣千元；屏東縣近十年(98～107年)印花稅實徵淨額,年度;預算數;本年度查定數;實徵淨額;實徵淨額佔預算數%,屏東縣政府財稅局
各年度地方稅實徵淨額,屏東縣各年度地方稅實徵淨額-娛樂稅,103574,單位：新臺幣千元；屏東縣近十年（98～107年）娛樂稅實徵淨額,年度;預算數;本年度查定數;實徵淨額;實徵淨額佔預算數%,屏東縣政府財稅局
各年度地方稅實徵淨額,屏東縣各年度地方稅實徵淨額-特別稅,103575,單位：新臺幣千元；屏東縣近十年（98～107年）土石採取景觀維護特別稅實徵淨額,年度;預算數;本年度查定數;實徵淨額;實徵淨額佔預算數%,屏東縣政府財稅局
各年度房屋稅徵績統計表(滯納期滿),屏東縣各年度房屋稅徵績統計表(滯納期滿),106527,各年;單位:戶;新臺幣元,年度;查定戶數;查定本稅;徵起戶數;徵起本稅;戶數徵績_%;本稅徵績_%,屏東縣政府財稅局
各年度房屋稅查定數,屏東縣各年度房屋稅查定數,106526,各年;單位:戶;新臺幣元,年度;查定淨額-件數;查定淨額-金額,屏東縣政府財稅局
各年度房屋稅查定統計表,屏東縣各年度房屋稅查定統計表,106529,"104-108年房屋稅查定數,單位:戶數(戶);本稅(新臺幣元);現值(新臺幣元);面積(平方公尺)",年度;應稅_戶數;應稅_本稅;應稅_面積;應稅_現值;免稅_戶數;免稅_面積;免稅_現值,屏東縣政府財稅局
各戶政事務所通訊錄,屏東縣各戶政事務所通訊錄,86877,屏東縣各戶政事務所地址及電話,name;address;phone,民政處
各鄉鎮市公共廁所位置表,屏東縣各鄉鎮市公共廁所位置表,87628,縣內各鄉鎮市公共廁所位置資訊,"鄉鎮市別,序號,公廁名稱,公廁位址",屏東縣政府環境保護局
各鄉鎮市樂齡學習中心名冊,屏東縣各鄉鎮市樂齡學習中心名冊,90603,教育部補助屏東縣政府辦理105年度各鄉（鎮、市）樂齡學習中心基本資料彙整一覽表,,教育處
各鄉鎮每年實徵稅額,屏東縣各鄉鎮每年實徵稅額,106531,單位：新臺幣元；屏東各鄉鎮每年實徵稅額,鄉鎮別;屏東市;萬丹鄉;長治鄉;麟洛鄉;九如鄉;里港鄉;鹽埔鄉;高樹鄉;三地門鄉;霧臺鄉;瑪家鄉;東港鎮;新園鄉;崁頂鄉;林邊鄉;南州鄉;佳冬鄉;琉球鄉;潮州鎮;萬巒鄉;內埔鄉;竹田鄉;新埤鄉;枋寮鄉;泰武鄉;來義鄉;春日鄉;恆春鎮;車城鄉;滿州鄉;枋山鄉;獅子鄉;牡丹鄉,屏東縣政府財稅局
各鄉鎮每年查定稅額,屏東縣各鄉鎮每年查定稅額,106530,屏東縣各鄉鎮104-107年房屋稅查定數;單位:新臺幣元,各年度;屏東市;萬丹鄉;長治鄉;麟洛鄉;九如鄉;里港鄉;鹽埔鄉;高樹鄉;三地門鄉;霧臺鄉;瑪家鄉;東港鎮;新園鄉;崁頂鄉;林邊鄉;南州鄉;佳冬鄉;琉球鄉;潮州鎮;萬巒鄉;內埔鄉;竹田鄉;新埤鄉;枋寮鄉;泰武鄉;來義鄉;春日鄉;恆春鎮;車城鄉;滿州鄉;枋山鄉;獅子鄉;牡丹鄉,屏東縣政府財稅局
各鄉鎮空品淨化區設置成果,屏東縣各鄉鎮空品淨化區設置成果,87631,106屏東縣各鄉鎮空品淨化區設置成果,number;township;longitude;latitude緯度座標;plan;area,屏東縣政府環境保護局
各項稅捐實徵淨額與預算數及上年同期比較,屏東縣各項稅捐實徵淨額與預算數及上年同期比較-107年,104432,單位：新臺幣元；屏東縣內各項稅捐累計實徵數、累計實徵淨額與同期分配預算數,項目;總計;地價稅;土地增值稅;房屋稅;使用牌照稅;契稅;印花稅;娛樂稅;特別稅;罰鍰<br>,屏東縣政府財稅局
各項稅捐實徵淨額與預算數及上年同期比較,屏東縣各項稅捐實徵淨額與預算數及上年同期比較-106年,108183,單位：新臺幣元；屏東縣內各項稅捐累計實徵數較上年度同期比較百分比,項目;總計;地價稅;土地增值稅;房屋稅;使用牌照稅;契稅;印花稅;娛樂稅;特別稅;罰鍰<br>,屏東縣政府財稅局
各項稅捐實徵淨額與預算數及上年同期比較,屏東縣各項稅捐實徵淨額與預算數及上年同期比較-108年,120710,單位:新臺幣元;屏東縣內各項稅捐累計實徵數、累計實徵淨額與同期分配預算數,項目;總計;地價稅;土地增值稅;房屋稅;使用牌照稅;契稅;印花稅;娛樂稅;特別稅;罰鍰,屏東縣政府財稅局
各項稅收稽徵人力,屏東縣各項稅收稽徵人力,106517,屏東縣政府財稅局106~108年度結束日之各稅目實際人力，包括正式編制人員、工友、司機及約聘僱人員，直接人力及間接人力統計分析。,年度;項目;合計;地價稅;土地增值稅;房屋稅;使用牌照稅;契稅;印花稅;娛樂稅;特別稅,屏東縣政府財稅局
各項稅收稽徵成本,屏東縣各項稅收稽徵成本,106518,單位:新臺幣元；屏東縣政府財稅局106~108年稽徵成本統計,年度;項目;總計;地價稅;土地增值稅;房屋稅;使用牌照稅;契稅;印花稅;娛樂稅;特別稅,屏東縣政府財稅局
各類免稅車輛統計表,屏東縣107年各類免稅車輛統計表,103199,屏東縣107年各類免稅車輛統計表(截止107年12月31日止累計數)。 1.以轄區內符合免稅車輛累計統計數。 2. 統計項目定義： (1)免稅類別：符合使用牌照稅法各免稅條款分類之。(2)輛數：指截至該年底合於使用牌照稅法免稅之車輛累計數。(3)稅額：指車輛種類汽缸排氣量之全年度稅額乘以免稅車輛數估算之。,免稅類別;輛數;稅額,屏東縣政府財稅局
合作社,合作社,90667,合作社名稱、地址及聯絡電話,name;address;phone,社會處
哺集乳室,哺集乳室,90626,轄區內設置哺集乳室名單,哺集乳室場所名稱;城市;場所地址;電話;開放時段;登記使用注意事項;備註,屏東縣政府衛生局
單親母子家園,單親母子家園,90675,單親母子家園,name;address;phone,社會處
國中班級學生數,國中班級學生數,90606,年度屏東縣立國中班級學生數及班級數統計表,name;ordinary_grade7_student;ordinary_grade7_class;ordinary_grade8_student;ordinary_grade8_class;ordinary_grade9_student;ordinary_grade9_class;art_grade7_student<br>;art_grade7_class;art_grade8_student;art_grade8_class;art_grade9_student;art_grade9_class;athletic_grade7_student;athletic_grade7_class;athletic_grade8_student;athletic_grade8_class;athletic_grade9_student;athletic_grade9_class;total_student;total_class,教育處
國小班級學生數,國小班級學生數,90605,年度國小班級學生數及班級數統計表,name;ordinary_grade1_student;ordinary_grade1_class;ordinary_grade2_student;ordinary_grade2_class;ordinary_grade3_student;ordinary_grade3_class;ordinary_grade4_student;ordinary_grade4_class;ordinary_grade5_student;ordinary_grade5_class;ordinary_grade6_student;ordinary_grade6_class;artistic_grade3_student;artistic_grade3_class;artistic_grade4_student;artistic_grade4_class;artistic_grade5_student;artistic_grade5_class;artistic_grade6_student;artistic_grade6_class;total_student;total_class,教育處
國小附設幼兒園名錄,屏東縣國小附設幼兒園名錄,90600,屏東縣內公立國民小學附設幼兒園之名稱、聯絡電話及住址。,No;Towns;Type;Name;Tel;Address;Note;。,教育處
國民年金服務據點,國民年金服務據點,90678,國民年金服務據點名稱、地址及聯絡電話,name;address;phone,社會處
土地增值稅稅源統計表,屏東縣土地增值稅稅源統計表,101016,屏東縣土地增值稅稅源統計表,年度;稅種;筆數;面積;應納稅額,屏東縣政府財稅局
土地段名代碼表,屏東縣土地段名代碼表,90574,屏東縣土地段名代碼表,"Township：鄉鎮市名,Code：地段代碼,Section：地段名。",地政處
土石採取景觀維護特別稅,屏東縣103年土石採取景觀維護特別稅,103562,單位:新臺幣元、件 屏東縣轄區內土石採取景觀維護特別稅之查定數及實徵數,查定件數;查定稅額;實徵件數;實徵稅額<br>,屏東縣政府財稅局
土石採取景觀維護特別稅,屏東縣104年土石採取景觀維護特別稅,103563,單位:新臺幣元、件 屏東縣轄區內土石採取景觀維護特別稅之查定數及實徵數,查定件數;查定稅額;實徵件數;實徵稅額<br>,屏東縣政府財稅局
土石採取景觀維護特別稅,屏東縣105年土石採取景觀維護特別稅,103564,單位:新臺幣元、件 屏東縣轄區內土石採取景觀維護特別稅之查定數及實徵數,查定件數;查定稅額;實徵件數;實徵稅額<br>,屏東縣政府財稅局
土石採取景觀維護特別稅,屏東縣106年土石採取景觀維護特別稅,103565,單位:新臺幣元、件 屏東縣轄區內土石採取景觀維護特別稅之查定數及實徵數,查定件數;查定稅額;實徵件數;實徵稅額<br>,屏東縣政府財稅局
土石採取景觀維護特別稅報表,屏東縣107年土石採取景觀維護特別稅報表,103566,單位:新臺幣元、件 屏東縣轄區內土石採取景觀維護特別稅之查定數及實徵數,查定件數;查定稅額;實徵件數;實徵稅額,屏東縣政府財稅局
地價稅查定數(各公所),107年屏東縣地價稅查定數(各公所),103206,107年屏東縣地價稅查定數(各公所),鄉鎮;件數;地價稅額,屏東縣政府財稅局
地價稅查定數(各公所),106年屏東縣地價稅查定數(各公所),103209,106年屏東縣地價稅查定數(各公所),鄉鎮;件數;地價稅額,屏東縣政府財稅局
地價稅查定數(各公所),105年屏東縣地價稅查定數(各公所),103211,105年屏東縣地價稅查定數(各公所),鄉鎮;件數;地價稅額,屏東縣政府財稅局
地價稅查定數(各公所),104年屏東縣地價稅查定數(各公所),103214,104年屏東縣地價稅查定數(各公所),鄉鎮;件數;地價稅額,屏東縣政府財稅局
地價稅查定數(各公所),103年屏東縣地價稅查定數(各公所),103216,103年屏東縣地價稅查定數(各公所),鄉鎮;件數;地價稅額,屏東縣政府財稅局
地價稅查定數(各公所),108年屏東縣地價稅查定數(各公所),112853,108年屏東縣地價稅查定數(各公所),鄉鎮;件數;地價稅額,屏東縣政府財稅局
地價稅查定稅源統計分析表,107年屏東縣地價稅查定稅源統計分析表,103204,107年屏東縣地價稅查定稅源統計分析表,項目-公私有-稅地種類;戶數;筆數;地價稅額,屏東縣政府財稅局
地價稅查定稅源統計分析表,106年屏東縣地價稅查定稅源統計分析表,103208,106年屏東縣地價稅查定稅源統計分析表,項目-公私有-稅地種類;戶數;筆數;地價稅額,屏東縣政府財稅局
地價稅查定稅源統計分析表,105年屏東縣地價稅查定稅源統計分析表,103210,105年屏東縣地價稅查定稅源統計分析表,項目-公私有-稅地種類;戶數;筆數;地價稅額,屏東縣政府財稅局
地價稅查定稅源統計分析表,104年屏東縣地價稅查定稅源統計分析表,103213,104年屏東縣地價稅查定稅源統計分析表,項目-公私有-稅地種類;戶數;筆數;地價稅額,屏東縣政府財稅局
地價稅查定稅源統計分析表,103年屏東縣地價稅查定稅源統計分析表,103215,103年屏東縣地價稅查定稅源統計分析表,項目-公私有-稅地種類;戶數;筆數;地價稅額,屏東縣政府財稅局
地價稅減免稅地概況,107年屏東縣地價稅減免稅地概況,103218,107年屏東縣地價稅減免稅地概況,項目-公私有-減免種類;筆數;面積;地價,屏東縣政府財稅局
地價稅適用稅率,107-108年屏東縣地價稅適用稅率,103207,107-108年屏東縣地價稅適用稅率,起迄地價;級距;稅率;累進差額,屏東縣政府財稅局
地價稅適用稅率,105-106年屏東縣地價稅適用稅率,103212,105-106年屏東縣地價稅適用稅率,起迄地價;級距;稅率;累進差額,屏東縣政府財稅局
地價稅適用稅率,102-104年屏東縣地價稅適用稅率,103217,102-104年屏東縣地價稅適用稅率,起迄地價;級距;稅率;累進差額,屏東縣政府財稅局
地段詮釋資料整合版,屏東縣地段詮釋資料整合版,90572,屏東縣地段詮釋資料整合版,"Land Office：地政事務所,Town Code：鄉鎮代碼,Township：鄉鎮市,Number of Land Section：地段代碼,Name of Land Section：地段名,Mapping Type：成圖方式,Completive Time：成圖年度及源由,Mapscale：資料比例尺分母,Coordinate System：坐標系統。",地政處
墾丁空品淨區位置,屏東縣墾丁空品淨區位置,87636,屏東縣墾丁空品淨區位置,name;address;longitude;latitude;<br>,屏東縣政府環境保護局
外縣市禮儀服務業跨區備查名冊,外縣市禮儀服務業跨區備查名冊,90575,外縣市禮儀服務業跨區備查名冊及相關資料,number;status;name;address;owner;tel.,民政處
大客車及貨車使用牌照稅稅額表,屏東縣大客車及貨車使用牌照稅稅額表,103195,大客車及貨車按車輛總類及汽缸總排氣量分類使用牌照稅全年應納稅額表。 單位:汽缸總排氣量(立方公分)；新台幣元,汽缸總排氣量;大客車;貨車,屏東縣政府財稅局
契稅查定表,屏東縣契稅查定表(106年至107年),106520,屏東縣契稅查定表(106年至107年),年度;契別;應稅件數;免稅件數;應稅契價;免稅契價;應稅本稅;免稅本稅,屏東縣政府財稅局
女性夢想館,屏東縣女性夢想館,90697,屏東縣女性夢想館,name;address;phone;,社會處
娛樂稅稅源,107年娛樂稅稅源,103610,單位:新臺幣元 屏東縣娛樂稅稅源統計資料,類別;件數_家;報繳_查定稅額;實徵稅額,屏東縣政府財稅局
娛樂稅稅源,106年娛樂稅稅源,103611,單位:新臺幣元 屏東縣106年娛樂稅稅源統計,類別;件數_家;報繳_查定稅額;實徵稅額,屏東縣政府財稅局
娛樂稅稅源,105年娛樂稅稅源,103612,單位:新臺幣元 屏東縣105年娛樂稅稅源統計,類別;件數_家;報繳_查定稅額;實徵稅額,屏東縣政府財稅局
娛樂稅稅源,104年娛樂稅稅源,103613,單位:新臺幣元 屏東縣104年娛樂稅稅源統計,類別;件數_家;報繳_查定稅額;實徵稅額,屏東縣政府財稅局
娛樂稅稅源,103年娛樂稅稅源,103614,單位:新臺幣元 屏東縣103年娛樂稅稅源統計,類別;件數_家;報繳_查定稅額;實徵稅額,屏東縣政府財稅局
官方新聞,屏東縣政府官方新聞,54977,縣府官網發布的新聞,文章模式;附件;連結;來源;公告標題;公告日期;公告內容;資料來源;聯絡人;聯絡資訊;相關檔案;相關連結;相關圖片;相關影音,研考處
客家文物館場地使用收費標準,屏東縣客家文物館場地使用收費標準,86884,屏東縣客家文物館場地使用收費標準,Site;the number of accommodate;Equipment;Site fee;Clean fee;hydroelectric power fee;Cash deposit,客家事務處
家庭暴力及性侵害防治中心,屏東縣政府家庭暴力及性侵害防治中心,90685,屏東縣政府家庭暴力及性侵害防治中心,name;address;phone;<br>,社會處
家庭福利服務中心,屏東縣政府家庭福利服務中心,90679,屏東縣政府家庭福利服務中心,name;address;phone,社會處
寄養家庭訓練單位,屏東縣寄養家庭訓練單位,90688,屏東縣寄養家庭訓練單位中文名稱及地址,name;address;phone,社會處
小客車使用牌照稅稅額表,屏東縣小客車使用牌照稅稅額表,103194,小客車按車輛總類及汽缸總排氣量分類使用牌照稅全年應納稅額表。 單位:汽缸總排氣量(立方公分)；新台幣元,汽缸總排氣量;自用;營業,屏東縣政府財稅局
居家式托育服務,居家式托育服務,90666,居家式托育服務,<br>name;address;phone;,社會處
居家營養服務提供單位名單,居家營養服務提供單位名單,90643,居家營養服務提供單位名單,"服務提供單位名稱,承辦人,電話<br>",屏東縣長期照護管理中心
居家藥事服務提供單位名單,居家藥事服務提供單位名單,90644,居家藥事服務提供單位名單,"服務提供單位名稱,電話<br>",屏東縣長期照護管理中心
居家護理所基本資料,屏東縣居家護理所基本資料,90661,屏東縣居家護理所基本資料,no;Agency;Person in charge;tel;ext.;Postal Code;address;,屏東縣長期照護管理中心
屏東公共自行車即時租賃站資訊,屏東公共自行車即時租賃站資訊,87627,屏東公共自行車即時租賃站資訊,"租賃站名稱,租賃站地址,緯度,經度,交通資訊,目前數量,尚餘空位",屏東縣政府環境保護局
工會名冊,屏東縣工會名冊,90590,屏東縣工會名冊,工會名稱;會址;立案日期;常務理事（理事長）;電話;會員數<br>,勞工處
性侵害責任醫院,屏東縣性侵害責任醫院,90687,屏東縣性侵害責任醫院,name;address;phone,社會處
房地交易課稅情形季報表,屏東縣房地交易課稅情形季報表,101017,屏東縣房地交易課稅情形季報表,年度及季別;契稅-買賣契稅-查定免稅件數;契稅-買賣契稅-查定應稅件數;契稅-買賣契稅-應納稅額;土地增值稅-一般用地-查定免稅件數;土地增值稅-一般用地-查定應稅件數;土地增值稅-一般用地-應納稅額;土地增值稅-自用住宅用地-查定件數;土地增值稅-自用住宅用地-應納稅額,屏東縣政府財稅局
房屋地段率等級表,屏東縣房屋地段率等級表,106534,屏東縣房屋地段率等級表,等級;增減率,屏東縣政府財稅局
房屋標準單價表,屏東縣房屋標準單價表,106537,單位:元/平方公尺,總層數;鋼骨造_第一類;鋼骨造_第二類;鋼骨造_第三類;鋼骨造_第四類;鋼骨混凝土造_第一類;鋼骨混凝土造_第二類;鋼骨混凝土造_第三類;鋼骨混凝土造_第四類;鋼骨鋼筋混凝土造_第一類;鋼骨鋼筋混凝土造_第二類;鋼骨鋼筋混凝土造_第三類;鋼骨鋼筋混凝土造_第四類;鋼筋混凝土造_第一類;鋼筋混凝土造_第二類;鋼筋混凝土造_第三類;鋼筋混凝土造_第四類;預鑄混凝土造_第一類;預鑄混凝土造_第二類;預鑄混凝土造_第三類;預鑄混凝土造_第四類;加強磚造_第一類;加強磚造_第二類;加強磚造_第三類;加強磚造_第四類;鋼鐵_架_造_各種用途;木造_各種用途;石造_各種用途;磚造_各種用途;土造_各種用途;竹造_各種用途,屏東縣政府財稅局
房屋用途分類表,屏東縣房屋用途分類表,106532,屏東縣房屋用途分類表,構造_分類;用途,屏東縣政府財稅局
房屋用途相近歸類表,屏東縣房屋用途相近歸類表,106533,屏東縣房屋用途相近歸類表,未列房屋用途細類項目;歸類相近細類,屏東縣政府財稅局
房屋稅各類別查定統計表,屏東縣104年房屋稅各類別查定統計表,106521,104年;單位:戶;平方公尺;新臺幣元,類別;應稅戶數;應稅本稅;應稅面積;應稅現值;免稅戶數;免稅面積;免稅現值,屏東縣政府財稅局
房屋稅各類別查定統計表,屏東縣105年房屋稅各類別查定統計表,106522,105年;單位:戶;平方公尺;新臺幣元,類別;應稅戶數;應稅本稅;應稅面積;應稅現值;免稅戶數;免稅面積;免稅現值,屏東縣政府財稅局
房屋稅各類別查定統計表,屏東縣107年房屋稅各類別查定統計表,106524,107年;單位:戶;平方公尺;新臺幣元,類別;應稅戶數;應稅本稅;應稅面積;應稅現值;免稅戶數;免稅面積;免稅現值,屏東縣政府財稅局
房屋稅各類別查定統計表,屏東縣108年房屋稅各類別查定統計表,106525,108年;單位:戶;平方公尺;新臺幣元,類別;應稅戶數;應稅本稅;應稅面積;應稅現值;免稅戶數;免稅面積;免稅現值,屏東縣政府財稅局
房屋稅各類別查定統計表,屏東縣106年房屋稅各類別查定統計表,106535,106年;單位:戶;平方公尺;新臺幣元,類別;應稅戶數;應稅本稅;應稅面積;應稅現值;免稅戶數;免稅面積;免稅現值,屏東縣政府財稅局
房屋稅徵績表(徵期結束),屏東縣105年房屋稅徵績表(徵期結束),106538,105年(徵期結束);戶數;新臺幣元,查定數_戶;查定數_本稅;徵起數_戶;徵起數_本稅;徵績%_戶;徵績%_本稅,屏東縣政府財稅局
房屋稅徵績表(徵期結束),屏東縣106年房屋稅徵績表(徵期結束),106539,106年(徵期結束);戶數;新臺幣元,查定數_戶;查定數_本稅;徵起數_戶;徵起數_本稅;徵績%_戶;徵績%_本稅,屏東縣政府財稅局
房屋稅徵績表(徵期結束),屏東縣107年房屋稅徵績表(徵期結束),106540,屏東縣107年房屋稅徵績表(徵期結束);戶數;新臺幣元,查定數_戶;查定數_本稅;徵起數_戶;徵起數_本稅;徵績%_戶;徵績%_本稅,屏東縣政府財稅局
房屋稅徵績表(徵期結束),屏東縣108年房屋稅徵績表(徵期結束),106541,108年(徵期結束);戶數;新臺幣元,查定數_戶;查定數_本稅;徵起數_戶;徵起數_本稅;徵績%_戶;徵績%_本稅,屏東縣政府財稅局
房屋稅籍統計表,房屋稅籍統計表,92335,屏東縣房屋稅籍統計表,類別-構造;戶數;面積;現值,屏東縣政府財稅局
房屋耐用年數及折舊率標準表,屏東縣房屋耐用年數及折舊率標準表,106536,屏東縣房屋耐用年數及折舊率標準表,構造別;每年折舊率_%;耐用年數_年;殘值率_%,屏東縣政府財稅局
托育資源中心,托育資源中心,90695,托育資源中心,name;address;phone;service;time,社會處
抗病毒藥劑合約院所清冊,屏東縣抗病毒藥劑合約院所清冊,90619,屏東縣抗病毒藥劑合約院所清冊,Ten yards（十碼章）;Name of Hospital（醫院名稱）;City and county（縣市別）;Administrative district（行政區）;Postal code（郵遞區號）;address（地址）;Contact telephone number（連絡電話）;latitude;longitude;Remarks,屏東縣政府衛生局
招標公告,屏東縣政府招標公告,54979,屏東縣政府招標公告,文章模式;附件;連結;來源;公告類別;公告標題;公告日期;招標公告;聯絡人;相關檔案;相關連結;相關圖片;相關影音,研考處
政風機構檢舉管道一覽表,屏東縣政風機構檢舉管道一覽表,90577,屏東縣政風機構檢舉管道一覽表,,政風處
教育基金會名冊,屏東縣教育基金會名冊,90604,屏東縣教育基金會中文名稱及會址,organization's name;address;director,教育處
新住民家庭服務中心,新住民家庭服務中心,90670,新住民家庭服務中心,name;address;phone;service;time,社會處
施政工作成果報告,施政工作成果報告,54980,屏東縣政府施政工作成果報告,Title:標題;Type:主類別;SubType:次類別;Year:年度;DeptName:部門;SDate:公告日期;Content:簡介;RelFile_X:相關檔案,研考處
日間托老中心名冊,屏東縣日間托老中心名冊,90682,屏東縣日間托老中心名冊,no.;name;address;tel.,社會處
日間照顧或全日型住宿機構,日間照顧或全日型住宿機構,90692,日間照顧或全日型住宿機構名稱、地址及聯絡電話,name;中文名稱;address;phone,社會處
易發生婦幼被害犯罪地點,易發生婦幼被害犯罪地點,86904,易發生婦幼被害犯罪地點,location;Jurisdiction,屏東縣政府警察局
星級環保餐館,屏東縣星級環保餐館,87633,屏東縣星級環保餐館名冊(開啟網頁時請注意網頁編碼須為UTF-8，方能正常顯示）,Name;TEL;Address,屏東縣政府環境保護局
暨所屬機關(學校)縣轄鄉公所應向政風處申報財產人員職稱一覽表,屏東縣政府暨所屬機關（學校）縣轄鄉公所應向政風處申報財產人員職稱一覽表,86886,屏東縣政府暨所屬機關（學校）縣轄鄉公所應向政風處申報財產人員職稱一覽表,unit;role;declaration,政風處
暨所轄鄉鎮市公所最新公共債務訊息,屏東縣政府暨所轄鄉鎮市公所最新公共債務訊息,130002,新臺幣元屏東縣政府暨所轄鄉鎮市公所最新公共債務訊息,標題;網址,屏東縣政府財稅局
曾發生溺水事故水域清冊,屏東縣曾發生溺水事故水域清冊,86894,屏東縣曾發生溺水事故水域清冊,years;town;location,屏東縣政府消防局
最新公共債務情形,屏東縣政府最新公共債務情形,129031,單位:新臺幣元屏東縣政府最新公共債務情形,期間;1年以上債務未償餘額;短期債務未償餘額;平均每人負擔債務;自償性債務未償餘額含非營業特種基金,屏東縣政府財稅局
最新公庫收支情形,屏東縣政府109年最新公庫收支情形,129239,屏東縣政府109年最新公庫收支情形、單位:新臺幣千元,科目別;本月收入;累計收入;不含特別預算本月收入;不含特別預算累計收入;本年度收入本月;本年度收入累計;以前年度收入本月;以前年度收入累計;本月支出;累計支出;不含特別預算本月支出;不含特別預算累計支出;本年度支出本月;本年度支出累計;以前年度支出本月;以前年度支出累計,屏東縣政府財稅局
最新鄉鎮市公庫月報,屏東縣109年度最新鄉鎮市公庫月報,129928,屏東縣109年度最新鄉鎮市公庫月報,科目;合計;本年度;以前年度;特別預算,屏東縣政府財稅局
最近契稅綜合統計表,屏東縣最近5年契稅綜合統計表(103年至107年),106519,屏東縣最近5年契稅綜合統計表(103年至107年),年度;應稅件數;免稅件數;應稅契價;免稅契價;應稅本稅;免稅本稅,屏東縣政府財稅局
本府申辦事項答客問,本府申辦事項答客問,90694,本府各局處提供申辦服務的常見問答(FAQ)彙整,Title:申辦項目;LifeCategory:生活類別;DeptName:承辦單位;StaffName:承辦人員;ContactInfo:承辦人聯絡資訊;ShortAnswer:簡答;LongAnswer:詳答<br>ApplyMethod:申辦方式;AcceptableTime:受理時間;Qualifications:申請資格;PrepareDoc:應備證件;Charge:規費;Deadline:辦理時限;Notice:注意事項;DealURL:申辦案件服務URL;QueryURL:進度查詢URL;SampleFile:填寫範例;PrepareDoc:申辦流程;NoteFile:申辦須知;RelFile_X:相關檔案,研考處
柴油車檢測預約申請,柴油車檢測預約申請,87635,屏東縣政府環境保護局柴油車檢測預約申請,name;Postal code;address;telephone number;time;contact person;<br>,屏東縣政府環境保護局
機車使用牌照稅稅額表,屏東縣機車使用牌照稅稅額表,103196,機車按車輛總類及汽缸總排氣量分類使用牌照稅全年應納稅額表。 單位:汽缸總排氣量(立方公分)；新台幣元,汽缸總排氣量;機車,屏東縣政府財稅局
機車排氣檢驗站,屏東縣機車排氣檢驗站,87639,屏東縣機車排氣檢驗站,NO.;NAME;ADDRESS,屏東縣政府環境保護局
欠稅(含違章罰鍰)移送執行徵起績效表,107年度欠稅（含違章罰鍰）移送執行徵起績效表,104429,107年度屏東縣政府財稅局欠稅（含違章罰鍰）移送執行徵起績效表,件數或金額;本年度滯納案件移送執行徵起;以前年度滯納案件移送執行徵起;本年度違章罰鍰案件移送執行徵起;以前年度違章罰鍰案件移送執行徵起,屏東縣政府財稅局
欠稅(含違章罰鍰)移送執行表,107年度欠稅（含違章罰鍰）移送執行表,104430,107年度屏東縣政府財稅局欠稅（含違章罰鍰）移送執行表,件數或金額;本年度滯納案件移送執行;以前年度滯納案件移送執行;本年度違章罰鍰案件移送執行;以前年度違章罰鍰案件移送執行,屏東縣政府財稅局
歷年地價稅累進起點地價,屏東縣歷年地價稅累進起點地價,103205,屏東縣歷年地價稅累進起點地價,年度;累進起點地價,屏東縣政府財稅局
歷年辦理地籍圖重測面積筆數統計表,屏東縣歷年辦理地籍圖重測面積筆數統計表,90571,屏東縣歷年辦理地籍圖重測面積筆數統計表,"Check-year：辦理年度,Area：鄉鎮市別,Section：段別,Items：筆數,Area：面積（公頃）,Remarks：備考。",地政處
殯葬服務業(備查)名冊,殯葬服務業(備查)名冊,86875,殯葬服務業(備查)名冊與相關資料(註：備查係屬殯葬管理條例 施行前已登記殯葬服務業（JZ99040）之公司或商號，申請經營殯葬禮儀服務業),number;status;name;township;address;owner;tel.;<br>,民政處
殯葬服務業名冊,屏東縣殯葬服務業名冊,86876,屏東縣殯葬服務業名冊及相關資料,number;status;name;township;address;owner;tel.,民政處
殯葬設施經營業許可名冊,殯葬設施經營業許可名冊,86874,殯葬設施經營業許可名冊及相關資料,number; name; operator ;address; tel.,民政處
污水下水道執行概況,污水下水道執行概況,90570,屏東縣各鄉鎮污水處理率與公共污水下水道用戶接管普及率,Pub_Y;用戶數_公共_當年;Pub_All;用戶數_公共_累計;Spec_Y;用戶數_專用_當年;Spec_All;用戶數_專用_累計;Ind_Y;建物污水處理設施設置戶_當年;Ind_All;建物污水處理設施設置戶_累計;Proc;污水處理率;Popu;公共污水下水道用戶接管普及率;Income;全年使用費收入;CMY;全年污水處理總量,水利處
活動行事曆,屏東縣政府活動行事曆,54976,提供縣府舉辦之活動清單,SN;Tittle;Content;OrganizerCoOrganizer;CoOrganizer;ContactPerson;ContactTel;Venue;StartDate;EndDate;ActiveArea;CreateDate;ModifyDate;LocationLongitude;LocationLatitude;LocationFileName;LocationAddress,研考處
流感疫苗接種合約院所,屏東縣流感疫苗接種合約院所,90624,屏東縣流感疫苗接種合約院所,Ten yards（十碼章）;Name of Hospital（醫院名稱）;City and county（縣市別）;Administrative district（行政區）;Postal code（郵遞區號）;address（地址）;Contact telephone number（連絡電話）,屏東縣政府衛生局
消防分隊駐地名冊,屏東縣消防分隊駐地名冊,86895,屏東縣消防分隊駐地名冊,Unit;Address;Phone number,屏東縣政府消防局
清理舊欠績效表(單位：新台幣千元),107年度清理舊欠績效表（單位：新台幣千元）,104427,屏東縣政府財稅局107年度清理舊欠績效表；單位：新臺幣千元,稅目;未徵稅款轉結數;更正註銷數;逾徵收執行期間數;行政救濟中未徵數;應清理數;徵起數;核發執行憑證數;清理數;未徵數,屏東縣政府財稅局
火災統計分析表,屏東縣火災統計分析表,86893,屏東縣火災統計分析表,Type;Quantity,屏東縣政府消防局
照顧服務員訓練班次,屏東縣照顧服務員訓練班次,90664,屏東縣照顧服務員訓練班次,"承訓單位,班數,訓練時數,班次類別,班別名稱,開訓日期,結訓日期,預訓人數,上課地點,洽詢電話<br>",屏東縣長期照護管理中心
物資銀行,物資銀行(站),90677,物資銀行(站),name;address;phone,社會處
特殊教育班,屏東縣特殊教育班,90608,特殊教育班學校及班級類型,name;style;stage;class;student;teacher,教育處
環保局洗街作業路段,屏東縣政府環保局洗街作業路段,87629,屏東縣政府環保局洗街作業路段,Road name;Starting and ending ;Road length;Sweep times;Sweep frequency;Total Swept Length,屏東縣政府環境保護局
環保旅店,屏東縣環保旅店,87640,屏東縣環保旅店,Name;TEL;Address,屏東縣政府環境保護局
環境保護局柴油車動力檢測站位置,屏東縣政府環境保護局柴油車動力檢測站位置,87637,屏東縣政府環境保護局柴油車動力檢測站位置,name;Postal code;address;telephone number;longitude;latitude,屏東縣政府環境保護局
環境教育設施場所,屏東縣環境教育設施場所,87632,屏東縣環境教育設施場所,Name;Address;Tel,屏東縣政府環境保護局
發展遲緩兒童及身心障礙者通報轉介暨個案管理中心,發展遲緩兒童及身心障礙者通報轉介暨個案管理中心,90671,發展遲緩兒童及身心障礙者通報轉介暨個案管理中心,name;address;phone;service;time,社會處
發展遲緩兒童早期療育服務,發展遲緩兒童早期療育服務,112640,發展遲緩兒童早期療育服務,name;address;phone;service;time,社會處
發展遲緩兒童早期療育服務醫院,發展遲緩兒童早期療育服務醫院,90674,發展遲緩兒童早期療育服務醫院,name;address;phone,社會處
社區互助教保服務中心名錄,屏東縣社區互助教保服務中心名錄,90598,屏東縣內社區(部落)互助教保服務中心所在鄉、中心名稱、電話及住址。,No;Towns;Type;Name;Tel;Address;Note;。,教育處
社區作業設施,社區作業設施,90690,社區作業設施名稱、地址及聯絡電話,name;address;phone,社會處
社區式日間支持服務據點,社區式日間支持服務據點,90691,社區式日間支持服務據點名稱、地址及聯絡電話,name;address;phone,社會處
社區照顧關懷據點,屏東縣社區照顧關懷據點,90684,屏東縣社區照顧關懷據點,no.;name;address;tel.,社會處
社區發展協會,屏東縣社區發展協會,90668,社區發展協會名稱、地址及聯絡電話,name;address;phone,社會處
社會福利團體免稅車輛數及稅額統計表,屏東縣107年社會福利團體免稅車輛數及稅額統計表,103200,屏東縣107年社會福利團體免稅車輛數及稅額統計表(截至107年12月31日累計數) 1. 以轄區內符合社會福利團體免稅車輛為統計對象。 2. 統計項目定義： (1)總車輛數：指每年合於使用牌照稅法第7條第1項第9款免稅之車輛數。 (2)總稅額：指車輛種類汽缸排氣量之全年度稅額乘以免稅車輛數估算之。,縣市別;機關團體數;總車輛數;總稅額,屏東縣政府財稅局
私立幼兒園名錄,屏東縣私立幼兒園名錄,90629,屏東縣內私立幼兒園所在鄉市鎮、園名、電話及住址。,No;Towns;Type;Name;Tel;Address;Note;。,教育處
私立托嬰中心,私立托嬰中心,90665,私立托嬰中心,name;address;phone;service;time,社會處
綠色商店,屏東縣綠色商店,87634,屏東縣綠色商店名冊(開啟網頁時請注意網頁編碼須為UTF-8，方能正常顯示,Name;TEL;Address,屏東縣政府環境保護局
縣分庫及代庫機構名冊,屏東縣縣分庫及代庫機構名冊,129956,提供屏東縣縣分庫及代庫機構名稱及地址等相關資料,縣庫分庫名稱;編號;代庫機構名稱;地址;電話<br>,屏東縣政府財稅局
縣府大樓iTaiwan無線上網點,縣府大樓iTaiwan無線上網點,90595,屏東縣政府大樓內提供iTaiwan免費無線上網點,name;address;latitude;longitude;area,研考處
縣政信箱1999資訊,屏東縣政府縣政信箱1999資訊,92210,屏東縣政府縣政信箱1999資訊,縣市名稱;縣市內1999電話;縣市外1999電話;縣市市政信箱網頁;縣市市政電子郵件信箱地址,研考處
老人團體名冊,屏東縣老人團體名冊,90680,屏東縣老人團體名冊,no.;name;address;tel.,社會處
老人長期照顧機構,屏東縣老人長期照顧機構,90683,屏東縣老人長期照顧機構,no.;name;address;tel.,社會處
菸酒製造業者資料一覽表,屏東縣菸酒製造業者資料一覽表,90551,屏東縣菸酒製造業者資料,序號;業者名稱;統一編號;總機構所在地地址;工廠名稱;工廠所在地;執照號碼,屏東縣政府財稅局
菸酒進口業者資料一覽表,屏東縣菸酒進口業者資料一覽表,90550,屏東縣菸酒進口業者資料,序號;業者名稱;統一編號;總機構所在地地址;執照號碼,屏東縣政府財稅局
行政救濟案件統計表,107年度行政救濟案件統計表,103786,屏東縣政府財稅局受理各行政救濟階段件數統計,行政救濟階段;件數,屏東縣政府財稅局
行政救濟案件統計表,103年度行政救濟案件統計表,104423,屏東縣政府財稅局103年度受理地方稅行政救濟案件統計,行政救濟階段;受理件數<br>,屏東縣政府財稅局
行政救濟案件統計表,104年度行政救濟案件統計表,104424,屏東縣政府財稅局104年度受理地方稅行政救濟案件統計,行政救濟階段;受理件數,屏東縣政府財稅局
行政救濟案件統計表,105年度行政救濟案件統計表,104425,屏東縣政府財稅局105年度地方稅行政救濟案件,行政救濟階段;受理件數,屏東縣政府財稅局
行政救濟案件統計表,106年度行政救濟案件統計表,104426,屏東縣政府財稅局106年度地方稅行政救濟案件,行政救濟階段;受理件數,屏東縣政府財稅局
街道髒污等級普查,街道髒污等級普查,87630,街道髒污等級普查,Road name;Starting and ending ;Road length;Dirt rating,屏東縣政府環境保護局
衛生局預防愛滋衛教諮詢服務計畫-保險套販賣機設置地點,屏東縣政府衛生局預防愛滋衛教諮詢服務計畫-保險套販賣機設置地點,90622,屏東縣政府衛生局預防愛滋衛教諮詢服務計畫-保險套販賣機設置地點,序號;地區;安裝地點;地址;價格;服務時間,屏東縣政府衛生局
衛生局預防愛滋衛教諮詢服務計畫-回收桶設置地點,屏東縣政府衛生局預防愛滋衛教諮詢服務計畫-回收桶設置地點,90620,屏東縣政府衛生局預防愛滋衛教諮詢服務計畫-回收桶設置地點,序號;地區;安裝地點;地址,屏東縣政府衛生局
衛生局預防愛滋衛教諮詢服務計畫-執行點設置地點,屏東縣政府衛生局預防愛滋衛教諮詢服務計畫-執行點設置地點,90623,屏東縣政府衛生局預防愛滋衛教諮詢服務計畫-執行點設置地點,序號;地區;分類;清潔針具執行點名稱;地址;服務時間,屏東縣政府衛生局
衛生局預防愛滋衛教諮詢服務計畫-自動服務機設置地點,屏東縣政府衛生局預防愛滋衛教諮詢服務計畫-自動服務機設置地點,90621,屏東縣政府衛生局預防愛滋衛教諮詢服務計畫-自動服務機設置地點,序號;地區;安裝地點;地址;價格;服務時間,屏東縣政府衛生局
警察局及所屬分駐派出所,警察局及所屬分駐派出所,90585,屏東縣政府警察局及所屬分駐派出所,unit;postal code;address;tel;point_X;point_Y,屏東縣政府警察局
警察局年度預、決算資料,警察局年度預、決算資料,90586,警察局年度預、決算資料,年度;經常門歲入預算;歲入預算合計;經常門歲入決算;歲入決算合計;經常門歲出預算;資本門歲出決算;歲出預算合計;經常門歲出決算;歲出決算合計。<br>,屏東縣政府警察局
警察局建置路口錄監系統設置地點,屏東縣政府警察局建置路口錄監系統設置地點,90587,屏東縣政府警察局建置路口錄監系統設置地點,number;Affiliation unit;location,屏東縣政府警察局
警消單位預算員額與實際在職員額人數,警消單位預算員額與實際在職員額人數,91955,屏東縣政府消防局警消單位預算員額與實際在職員額人數,單位預算員額;，實際在職員額人數;，縣市別,屏東縣政府消防局
財產量質目錄,屏東縣財產量質目錄,103192,"單位：新臺幣元;107年度屏東縣財產量值表,含有屏東縣有財產之筆數、面積、金額係依本府各機關(單位)提供之年度報表數據統計。",分類項目;筆數_棟;面積_公頃;金額_元,屏東縣政府財稅局
財稅局受理債權人查調債務人課稅資料統計表,屏東縣政府財稅局受理債權人查調債務人課稅資料統計表,103615,查調每一位債務人之1項資料（所得、財產分開計算，並依每個年度各為1項）收費新臺幣250元整，本局105-108年受理件數及服務費收入統計表(單位:元)。,年度;受理件數;服務費收入,屏東縣政府財稅局
財稅局多元繳稅手續費統計表,108年屏東縣政府財稅局多元繳稅手續費統計表,129215,"108年屏東縣政府財稅局支付繳納地方稅手續費統計表,單位_新臺幣元",繳稅管道;ATM自動櫃員機;NET活期存款;TEL電話語音;EBC晶片金融卡;約定轉帳_金融機構;約定轉帳_郵局;臨櫃信用卡;超商,屏東縣政府財稅局
財稅局欠稅(含違章罰鍰)移送執行徵起績效表,106年度屏東縣政府財稅局欠稅（含違章罰鍰）移送執行徵起績效表,92555,106年度屏東縣政府財稅局欠稅（含違章罰鍰）移送執行徵起績效表,件數或金額;本年度滯納案件移送執行徵起;以前年度滯納案件移送執行徵起;本年度違章罰鍰案件移送執行徵起;以前年度違章罰鍰案件移送執行徵起<br>,屏東縣政府財稅局
財稅局欠稅(含違章罰鍰)移送執行表,106年度屏東縣政府財稅局欠稅（含違章罰鍰）移送執行表,92553,106年度屏東縣政府財稅局欠稅（含違章罰鍰）移送執行表,件數或金額;本年度滯納案件移送執行;以前年度滯納案件移送執行;本年度違章罰鍰案件移送執行;以前年度違章罰鍰案件移送執行 <br>,屏東縣政府財稅局
財稅局臨櫃刷信用卡繳納地方稅統計表,屏東縣政府財稅局臨櫃刷信用卡繳納地方稅統計表,101011,107-108年民眾至櫃臺臨櫃刷信用卡繳納屏東地方稅統計資料，包括屏東縣開徵之印花稅、牌照稅、房屋稅、地價稅、土增稅、契稅、娛樂稅，包括罰鍰及執行費，件數為稅單件數非刷卡筆數，金額(單位：元),年度;稅目;件數;金額,屏東縣政府財稅局
財稅局遠距視訊服務據點,屏東縣政府財稅局遠距視訊服務據點,101010,屏東縣政府財稅局遠距視訊服務據點及設立年月,編號;服務據點;設立年;設立月,屏東縣政府財稅局
財稅局遠距視訊服務統計表,107年屏東縣政府財稅局遠距視訊服務統計表,100318,統計107年屏東縣政府財稅局遠距視訊服務24個據點辦理件數,編號;遠距視訊服務據點;件數,屏東縣政府財稅局
財稅局遠距視訊服務統計表,108年屏東縣政府財稅局遠距視訊服務統計表,121096,統計108年屏東縣地方稅全功能櫃臺業務以視距拓展31處服務據點件數統計,編號;遠距視訊服務據點;件數,屏東縣政府財稅局
財稅局遠距視訊服務項目統計表,屏東縣政府財稅局遠距視訊服務項目統計表,103219,107-108年屏東縣政府財稅局服務各據點服務項目統計件數,服務項目;107年;108年,屏東縣政府財稅局
身心障礙免稅車輛數稅額統計表-每人1輛,屏東縣107年身心障礙免稅車輛數稅額統計表-每人一輛,103201,屏東縣107年身心障礙免稅車輛數稅額統計表-每人一輛(截止107年12月31日止累計數)。 1. 以轄區內符合身心障礙免稅車輛-每人一輛為統計對象。 2. 統計項目定義： (1)免稅輛數：指每年合於使用牌照稅法第7條第1項第8款免稅之車輛數。 (2)稅額：指車輛種類汽缸排氣量之全年度稅額乘以免稅車輛數估算之。,汽缸排氣量;輛數-自用;輛數-營業;稅額-自用;稅額-營業,屏東縣政府財稅局
身心障礙免稅車輛數稅額統計表-每戶1輛,屏東縣107年身心障礙免稅車輛數稅額統計表-每戶一輛,103202,屏東縣107年身心障礙免稅車輛數稅額統計表-每戶一輛(截止107年12月31日止累計數)。 1. 以轄區內符合身心障礙免稅車輛-每戶一輛為統計對象。 2. 統計項目定義： (1)免稅輛數：指每年合於使用牌照稅法第7條第1項第8款免稅之車輛數。 (2)稅額：指車輛種類汽缸排氣量之全年度稅額乘以免稅車輛數估算之。,汽缸排氣量;輛數-自用;輛數-營業;稅額-自用;稅額-營業,屏東縣政府財稅局
輔具服務據點,輔具服務據點,90689,輔具服務據點名稱、地址及聯絡電話,name;address;phone,社會處
轄內固定測速照相系統設置地點一覽表,屏東縣轄內固定測速照相系統設置地點一覽表,86905,屏東縣轄內固定測速照相系統設置地點一覽表,no.;position;Jurisdiction;Speed limit,屏東縣政府警察局
轄內寺廟場所一覽表,屏東縣轄內寺廟場所一覽表,90576,屏東縣轄內寺廟場所一覽表,no.;township;name;Gods;address,民政處
遊民收容所,屏東縣遊民收容所,90693,屏東縣遊民收容所名稱、地址及聯絡電話,name;address;phone,社會處
道路挖掘施工資訊,屏東縣道路挖掘施工資訊,86191,屏東縣道路挖掘施工資訊施工案件說明及施工地點座標,"申請單位,申請單位聯絡人,申請單位電話,施工原因,挖掘地點,挖掘地點說明,承包商,承包商電話,監工,監工電話,核准機關,道路挖掘許可證,核准施工起始日期,核准施工終止日期,展期施工起始日期,展期施工終止日期,X座標_TWD97,Y座標_TWD97",工務處
違章案件審理情形統計表,107年度違章案件審理情形統計表,103787,屏東縣政府財稅局受理107年違章案件審理情形統計表,審理情形;件數;金額,屏東縣政府財稅局
違章案件審理情形統計表,105年度違章案件審理情形統計表,104433,屏東縣政府財稅局105年度違章案件審理情形統計;單位_新臺幣元,審理情形;件數;金額,屏東縣政府財稅局
違章案件審理情形統計表,106年度違章案件審理情形統計表,104434,屏東縣政府財稅局106年度違章案件審理情形統計;單位_新臺幣元,審理情形;件數;金額,屏東縣政府財稅局
避難收容處所,避難收容處所,90676,避難收容處所名稱、地址及聯絡電話,name;address;phone,社會處
部落文化健康站名冊,屏東縣部落文化健康站名冊,90583,屏東縣部落文化健康站名冊,name;address;tel,原住民處
鄉鎮立幼兒園名錄,屏東縣鄉鎮立幼兒園名錄,90599,屏東縣內所有鄉鎮立幼兒園及其分班電話及住址。,No;Towns;Type;Name;Tel;Address;Note;。,教育處
醫院確診相關資訊,屏東縣醫院確診相關資訊,90625,屏東縣醫院確診相關資訊,醫院名稱;項目;子宮頸抹片;乳房攝影;腸篩;口篩;無痛大腸鏡的提供<br>,屏東縣政府衛生局
長期照護管理中心聯絡方式,屏東縣長期照護管理中心聯絡方式,90662,屏東縣長期照護管理中心聯絡方式,"單位名稱,電話,傳真,地址",屏東縣長期照護管理中心
長期照顧十年計畫-交通接送服務提供單位名單,長期照顧十年計畫-交通接送服務提供單位名單,90647,長期照顧十年計畫-交通接送服務提供單位名單,"區別,服務鄉鎮,負責租車公司,聯絡電話<br>",屏東縣長期照護管理中心
長期照顧十年計畫-喘息服務提供單位名單,長期照顧十年計畫-喘息服務提供單位名單,90655,長期照顧十年計畫-喘息服務提供單位名單,"區域,鄉鎮名,服務提供單位名稱,電話<br>",屏東縣長期照護管理中心
長期照顧十年計畫-居家(社區)復健服務提供單位名單,長期照顧十年計畫-居家(社區)復健服務提供單位名單,90648,長期照顧十年計畫-居家(社區)復健服務提供單位名單,"區域,鄉鎮名,服務單位,電話<br>",屏東縣長期照護管理中心
長期照顧十年計畫-居家托顧服務提供單位名單,長期照顧十年計畫-居家托顧服務提供單位名單,90649,長期照顧十年計畫-居家托顧服務提供單位名單,"服務區域,承接單位,地址,托顧家庭執行區域,電話<br>",屏東縣長期照護管理中心
長期照顧十年計畫-居家服務提供單位名單,長期照顧十年計畫-居家服務提供單位名單,90650,長期照顧十年計畫-居家服務提供單位名單,"執行區域,鄉鎮別,服務提供單位名稱,電話<br>",屏東縣長期照護管理中心
長期照顧十年計畫-居家護理服務提供單位名單,長期照顧十年計畫-居家護理服務提供單位名單,90651,長期照顧十年計畫-居家護理服務提供單位名單,"區域,鄉鎮名,服務單位,電話<br>",屏東縣長期照護管理中心
長期照顧十年計畫-日間照顧服務提供單位名單,長期照顧十年計畫-日間照顧服務提供單位名單,90646,長期照顧十年計畫-日間照顧服務提供單位名單,"服務區域,承接單位,辦理地點,機構地址,日照中心地址,電話<br>",屏東縣長期照護管理中心
長期照顧十年計畫-老人營養餐飲服務提供單位名單,長期照顧十年計畫-老人營養餐飲服務提供單位名單,90552,長期照顧十年計畫-老人營養餐飲服務提供單位名單,"區別,服務鄉鎮,服務提供單位,聯絡電話",屏東縣長期照護管理中心
"長期照顧十年計畫-輔具租借,購買及無障礙環境改善服務提供單位名單","長期照顧十年計畫-輔具租借,購買及無障礙環境改善服務提供單位名單",90657,"長期照顧十年計畫-輔具租借,購買及無障礙環境改善服務提供單位名單","區別,服務鄉鎮,服務提供單位,電話<br>",屏東縣長期照護管理中心
長期照顧十年計畫-長期照顧機構服務提供單位名單,長期照顧十年計畫-長期照顧機構服務提供單位名單,90653,長期照顧十年計畫-長期照顧機構服務提供單位名單,"Township;,address;,tel.;<br>",屏東縣長期照護管理中心
長照樂智社區服務據點,屏東縣長照樂智社區服務據點,90663,屏東縣長照樂智社區服務據點,"單位名稱,聯絡電話",屏東縣長期照護管理中心
長青學苑名冊,屏東縣長青學苑名冊,90681,屏東縣長青學苑名冊,no.;name;address;tel,社會處
電動2輪車充電站,屏東縣電動二輪車充電站,87638,屏東縣電動二輪車充電站,NO.;NAME;ADDRESS,屏東縣政府環境保護局
電動小客車使用牌照稅稅額表,屏東縣電動小客車使用牌照稅稅額表,103197,完全以電能為動力之電動小客車按車輛總類及馬達最大馬力分類使用牌照稅全年應納稅額表。 欄位:小客車_每車乘人座位九人以下者_馬達最大馬力英制馬力_HP、小客車_每車乘人座位九人以下者_馬達最大馬力公制馬力_PS、電動自用小客車稅額_新臺幣元、電動營業小客車稅額_新臺幣元。,小客車_每車乘人座位九人以下者_馬達最大馬力英制馬力_HP;小客車_每車乘人座位九人以下者_馬達最大馬力公制馬力_PS;電動自用小客車稅額_新臺幣元;電動營業小客車稅額_新臺幣元,屏東縣政府財稅局
電動機車使用牌照稅稅額表,屏東縣電動機車使用牌照稅稅額表,103198,完全以電能為動力之電動機車按車輛總類及馬達最大馬力分類使用牌照稅全年應納稅額表。 欄位:馬達最大馬力英制馬力_HP、馬達最大馬力公制馬力_PS、電動機車稅額_新臺幣元。 單位:新台幣元,馬達最大馬力英制馬力_HP;馬達最大馬力公制馬力_PS;電動機車稅額_新臺幣元,屏東縣政府財稅局
青少年中心,屏東縣青少年中心,90673,屏東縣青少年中心,name;address;phone;,社會處
非營利幼兒園名錄,屏東縣非營利幼兒園名錄,90596,屏東縣內非營利幼兒園所在鄉市鎮、園名、電話及住址。,No;Towns;Type;Name;Tel;Address;Note;。,教育處
駐臺灣屏東地方法院家庭暴力事件服務處暨家事件服務中心,駐臺灣屏東地方法院家庭暴力事件服務處暨家事件服務中心,90686,駐臺灣屏東地方法院家庭暴力事件服務處暨家事件服務中心,name;address;phone;<br>,社會處
高中班級學生數,高中班級學生數,90607,年度屏東縣立高級中學學生人數及班級數統計表,name;ordinary_grade1_student;ordinary_grade1_class;ordinary_grade2_student;ordinary_grade2_class;ordinary_grade3_student;ordinary_grade3_class;athletic_grade1_student;athletic_grade1_class;athletic_grade2_student;athletic_grade2_class;athletic_grade3_student;athletic_grade3_class;art_grade1_student;art_grade1_class;art_grade2_student;art_grade2_class;art_grade3_student;art_grade3_class;total_student;total_class,教育處
高危險性性侵害加害人人數統計,高危險性性侵害加害人人數統計,86903,107年度高危險性性侵害加害人人數統計,month;county;number of people;add,屏東縣政府警察局
