(年) 處理集會遊行發生數統計,['103710']
105都市計畫土地使用分區面積,['84513']
1999便民服務工作成果表,"['114490', '114491']"
1999話務中心受理人民陳情案件統計表,"['115980', '115985']"
1999進線統計表,"['81746', '100164', '120053']"
1級機關一般公文統計表,['88789']
1級機關暨各區公所人民申請案件統計表,"['117398', '117399', '117403']"
2手輔具資源提供單位,['106743']
2級加密控制測量坐標成果清冊,['120712']
2級加密控制測量坐標成果清冊一覽表,['106006']
2級加密控制測量坐標成果清冊資料,['101632']
2級加密控制測量成果一覽表,['120713']
2級機關一般公文統計表,['117375']
2級機關人民申請案件統計表,['117402']
30層以下房屋標準單價表(起施行),"['84122', '128722']"
31層以上超高大樓房屋標準單價表(起施行),"['84538', '128725']"
68家醫院,['83613']
7處籌設列管攤販集中區,['83855']
AED設置地點,['83966']
GHP稽查,['122065']
GIS門牌號碼,"['103705', '103708', '103764', '103765', '103766', '103767', '103768', '103769', '104208', '104209', '104876', '107824', '111461', '119903', '120278', '120279', '120967', '120968', '120969', '120970', '121046', '121047', '121048', '121049', '121050', '122463', '126993', '127155', '127310', '127375', '128986', '128999', '129962']"
HACCP稽查,['122063']
一般地區環境音量監測不合格情形,['89476']
一般學校附設特教班概況,['103089']
一般旅館業查報及取締情形,['88702']
一般旅館業營運報告表,"['88700', '88730']"
一般水權登記件數-地下水,['117595']
一般水權登記引用水量-地下水,['117594']
不動產實價登錄資訊-租賃案件,['102140']
不動產實價登錄資訊-買賣案件,['103038']
不動產實價登錄資訊-預售屋案件,['119913']
不動產抵押權設定統計,['84142']
不動產拍賣統計資料,['83871']
不動產經紀業名冊,['83770']
不動產買賣統計資料,['83870']
丙級廢棄物清除機構名單,['84012']
中低收入(含低收入戶)老人生活津貼,['88887']
中低收入戶數及人數,"['88688', '89313', '103072']"
中低收入戶特殊項目救助及服務,['88954']
中低收入戶輔導就業服務,"['88960', '89315']"
中低收入老人特別照顧津貼,"['98860', '104941']"
中低收入老人特別照顧津貼照顧者概況,"['98862', '104948']"
中低收入老人生活津貼,['88901']
中低收入老人租賃房屋租金或住宅修繕補助,"['98861', '104926']"
中部科學工業園區臺中基地附近特定區地形圖_TWD,['84457']
主要死亡原因,['109173']
主要河流,['108281']
主要犯罪場所-嫌疑犯,['88151']
主要犯罪場所-被害人,"['81756', '88149']"
主要觀光遊憩區遊客人次年報表,['88692']
主要道路喬木植栽,['108167']
主計處現有職員概況,['89390']
主計處辦理統計調查單位數,"['89392', '103097']"
乙級廢棄物清除處理機構名單,['84011']
乳房X光攝影醫院,['83766']
事業單位勞資關係制度現況,"['87871', '87907']"
事業單位經勞動檢查違反勞動基準法勞工安全衛生法移送處分情形,['114518']
事業廢棄物再利用者登記資料,['84064']
事業廢水污染管制情形,['89460']
交通事件裁決案件繳款金額,"['88615', '88620']"
交通事故資料,['84241']
交通事故資料表,['84037']
交通即時道路影像,['83750']
交通局號誌圖資,['103743']
交通影像靜態資訊,['85093']
交通接送服務,['91903']
交通維持計畫資料集,['84900']
交通號誌情形,['114533']
人力資源求才職缺明細表,['83552']
人工生殖機構通過許可名單,['84921']
人民團體,['83955']
人行道固定設施-人行道劃設停車格,['84922']
人行道固定設施-固定樁位設施,['84494']
人行道固定設施-固定穿越設施,['84493']
人行道固定設施-固定箱類設施,['84491']
人行道固定設施-樹穴,['84492']
他縣市稅捐機關代發資料統計,['85339']
代為標售地籍清理未能釐清權屬土地開標結果清冊,['81631']
休閒農場,['85030']
休閒農業區,['113553']
休閒農業統計,"['90814', '90815']"
低(中低)收入老人暨原住民活動假牙補助計畫合約診所名單,['94037']
低收入戶及中低收入戶補助項目,['109740']
低收入戶及節日慰問概況,"['89240', '89326']"
低收入戶數及人數,"['88686', '88687', '89323']"
低收入戶特殊項目救助及服務,['99533']
低收入戶生活扶助,['88882']
低收入戶輔導就業服務,['89241']
低碳旅館,['83642']
住宅發展工程處現有職員概況,['115892']
住宅發展工程處編制員額及現有員工人數,['115894']
住宅竊盜資訊,['103452']
使用牌照稅徵績,['114750']
使用牌照稅徵績(滯納期滿),['127305']
使用牌照稅查徵統計,"['114749', '117458', '117459', '117463']"
使用牌照稅稅源,"['117470', '117471']"
使用牌照稅稽徵,"['117466', '117472']"
促進產業升級條例減免稅額,"['88090', '88116']"
信用合作社存放款概況,['89234']
信用合作社存放款餘額,['89296']
信用合作社概況,['89297']
假牙裝置補助計畫合約診所名單,['81719']
偏遠地區移動式機車檢驗站機車定檢服務行程表,['84899']
停車場剩餘車位,['83931']
停車場座標位置,['84195']
停車場收費資訊,['116052']
健保療育單位,['119038']
健保藥局名單,['84960']
健康盒餐業者名冊,['84337']
健康醫院名單,['84318']
健行步道,['83636']
偶蹄類動物口蹄疫疫苗注射措施管理,['91800']
兒少福利補助項目,['112083']
兒童及少年安置教養機構,['91889']
兒童及少年家庭寄養概況,['98907']
兒童及少年性剝削案件辦理情形,['98904']
兒童及少年性剝削通報被害人概況,['98903']
兒童及少年收出養媒合服務單位,['107207']
兒童及少年福利服務,"['105204', '105226']"
兒童及少年福利服務中心,['84534']
兒童及少年福利機構及服務概況,"['97955', '97956']"
兒童及少年結束家外安置後續追蹤輔導服務概況,['98896']
兒童及少年高風險家庭關懷輔導處遇服務執行概況,['101766']
兒童少年保護執行(1)-兒少保護通報處理情形,['113637']
兒童少年保護執行(1)-通報情形,['105212']
兒童少年保護執行(1)-通報處理情形,['98901']
兒童少年保護執行(2)-兒少保護調查處理情形,['113691']
兒童少年保護執行(2)-受虐者情形,['105215']
兒童少年保護執行(2)-家內兒少保護個案調查處理情形,['98911']
兒童少年保護執行(3)-兒少保護個案基本資料,['113630']
兒童少年保護執行(3)-家內兒少保護個案基本資料,['105216']
兒童少年保護執行(3)-施虐者情形,['105217']
兒童少年保護執行(4)-兒少保護個案處遇及結案情形,['113629']
兒童少年保護執行(4)-安置處遇及結案情形,['105018']
兒童少年保護執行(4)-家內兒少保護個案處遇及結案情形,['105218']
兒童少年保護執行概況,['105228']
全國性身心障礙福利基金會,['84089']
全球資訊中文網市政新聞,['83551']
全球資訊中文網機關訊息,['84941']
全球資訊中文網活動訊息,['84940']
公共圖書館聯絡資訊,['83865']
公共場所一般環境衛生管理工作成果,['89478']
公共自行車(iBike)租借站&即時車位資料,['84502']
公共自行車租賃情形,"['88614', '88619']"
公共設施用地已取得面積統計表,['84937']
公共設施用地已闢建面積統計表,['84128']
公共設施用地計畫面積統計表,['84129']
公共設施管線之路面設施物圖資,['84496']
公共設施維護統計資訊,['82808']
公務人力訓練中心訓練班期概況,['86868']
公務統計報表程式增刪修訂情形,['89397']
公務統計報表程式現有報表數,"['89396', '103678']"
公司登記家數及實收資本額異動,['117367']
公司登記現有家數及實收資本額,"['89628', '89706', '117369']"
公告土地現值,['97087']
公告土地現值、公告地價漲跌幅一覽表,['114528']
公告土地現值劃分地價區段及最高最低地價,['114531']
公告土地現值及公告地價,"['83869', '84191', '84728', '84928', '109438', '109439', '109445', '109452', '109453', '113945']"
公告土地現值調整情形表,['84487']
公告徵收土地地籍資料,['84363']
公告禁菸場所,['84081']
公告高再犯之性侵害加害人人數統計表,"['84144', '84541']"
公園綠地廣場園道人行道認養清冊,['108168']
公園綠地清冊,['88288']
公地撥用,['87922']
公報(API),['83550']
公墓設施概況,"['116072', '127300']"
公害陳情案件受理統計,['114515']
公寓大廈報備資料,['105739']
公所原住民服務窗口聯絡電話,['84398']
公文電子交換及線上簽核統計表,['114521']
公有市場委託經營清冊,['84958']
公有收費停車位及收入金額,"['88607', '127263']"
公有超級市場出租現況表,['89690']
公有路外停車場總表,['83754']
公有零售市場地址及聯絡電話,['85003']
公有零售市場每日蔬果價格表,['84539']
公有零售市場販賣商品清冊,['84927']
公民營廢棄物清除處理機構許可統計,['89467']
公益彩券盈餘分配辦理社會福利事業情形,['84063']
公眾區免費無線上網熱點資料,['83840']
公私協力及私立托嬰中心,['83669']
公私協力托育資源中心,['83671']
公私立幼兒園基礎評鑑通過名單,['84058']
公立國民小學附設成人基本教育研習班學生數,['90178']
公立幼兒園名冊,['83667']
公立骨灰(骸)存放設施一覽表,['83786']
公車動態資訊,['83749']
公車月運量,['83930']
公車業者資料,['85026']
公辦各市地重劃區已出售抵費地明細表,['83875']
公辦市地重劃成果財務狀況,['87927']
公辦農地重劃區統計表,['83998']
公辦農村社區土地重劃成果統計表,['84373']
兵役體位區分查詢系統使用軌跡資料,['84438']
兵役體位區分查詢系統操作行為資料,['84437']
其他天然災害人員傷亡、建物損失,"['88021', '88025']"
再生能源發電設備之核准情形,['103663']
刑事案件分類發生數、破獲數及嫌疑犯人數,['83952']
刑事案件統計資料,"['83876', '84409', '84417', '84427', '84476', '84477']"
列管夜市,['85028']
列管建築物,['87997']
列管毒性化學物質查核取締結果,['103717']
列管狹小巷道建議禁止臨時停車範圍清冊,['84925']
初婚人數按性別、年齡及教育程度分暨其結婚年齡中位數(按發生日期),"['115864', '115865']"
加密控制點位資料,['83996']
加氣站清冊,['84108']
加水站業者名冊,['122068']
加油站、加氣站及漁船加油站統計,['89671']
加油站資料,['84995']
動物之家收容動物公告,['84369']
動物之家鼓勵認養公告,['84370']
動物用藥品販賣業名冊,['89436']
動物疾病檢驗件數統計,['91801']
勞動力參與率,['130037']
勞動檢查概況,['114532']
勞工健檢指定醫療機構,['84987']
勞工團體動態,"['87904', '88100']"
勞工大學服務概況,['87890']
勞工志願服務概況,['87910']
勞工教育概況,['87909']
勞工服務中心服務案件,['113592']
勞資爭議案件,['116139']
包裝容器抽驗結果彙整,['81731']
化工原料工廠,['84045']
化粧品衛生管理,"['90332', '103697']"
區公所,['108287']
區公所水門,['84399']
區段徵收已標售配餘地明細表,['83882']
區段徵收成果,['87932']
區段徵收成果財務狀況,['87933']
區界圖,['84038']
區道公路新建及改善工程完成數量,"['88587', '88602']"
區道公路養護工程成果,"['88585', '88600']"
區里界,"['123742', '123745']"
十大易肇事路口,['84302']
十大易肇事路段,"['82671', '82677', '83573', '83588', '83593', '84087', '84265', '84266', '84267', '84268', '84269', '84270', '84271', '84272', '84273', '84274', '84275', '84276', '84277', '84278', '84279', '84280', '84281', '84282', '84284', '84285', '84286', '84287', '84288', '84289', '84290', '84291', '84292', '84293', '84294', '84295', '84299', '84309', '84448', '84456', '84673', '86524', '86528', '86529', '87141', '88099', '88228', '89778', '91550', '95158', '95654', '96197', '98922', '99421', '100163', '101635', '103150', '105069', '105149', '105972', '105973', '105974', '105976', '105977', '107450', '108280', '109855', '113764', '114643', '117902', '119551', '123415', '127384', '128720', '128934', '129235']"
千分之1數值航照地形圖_DWG__臺中最早版本,['120764']
千分之1航測地形圖_TWD,"['84548', '84573']"
印花稅徵收,"['101994', '101996']"
印花稅查徵統計,"['101992', '101993', '101995', '114638']"
危險水域,['83641']
即時交通資訊,['84197']
原住民低收入戶及身心障礙者統計,['114757']
原住民住宅輔導業務統計,['87816']
原住民學前教育及兒童托育補助情形,['115897']
原住民家庭暴力及性侵害統計,['87826']
原住民專門人才獎勵情形,['90462']
原住民急難救助統計,['94126']
原住民族綜合發展基金貸款統計,['90464']
原住民族部落大學,['84433']
原住民權益及福利宣導統計,['87814']
原住民民俗文化及社會教育活動補助情形,['90461']
原住民終身學習及文化社教活動辦理情形,['90460']
原住民身心障礙人數,['105750']
原住民身心障礙者之年齡分配,['98629']
原住民身心障礙者人數,['98628']
原住民身心障礙者致殘成因,['98622']
原住民身心障礙者障礙成因,['118595']
及區段徵收區範圍圖,['130073']
及所屬各級機關學校基本資訊,['85005']
友善青少年據點,['106730']
取得農場登記證之農糧類農場名單,['84978']
取締妨害風化場所績效,"['88154', '88180']"
取締攤販情形統計,"['83814', '84032', '84498']"
取締攤販績效,"['88173', '88182']"
取締賭博性電動玩具成果,"['88156', '88181']"
取締酒駕情形,['88170']
受(處)理刑事案件-分局別,['88147']
受保護樹木公告清單,['83615']
受理網路報案統計表,['84805']
口腔癌篩檢醫療院所,['84329']
古蹟概況,['103713']
台中市役男徵兵檢查BMI值統計表,['83597']
台中市政府1999進線統計表,"['84485', '84907']"
台中市營業場所未完成建築物公共安全申報名冊,['84109']
台中視界網影音資料,"['94980', '94989', '94990', '94991', '105752']"
各1級機關(暨其所屬)及區公所辦理採購發包案件統計表,"['89797', '113609']"
各信用合作社分布,['116173']
各區15歲以上人口教育程度,['84055']
各區人口死亡數按死亡者性別、單齡及5歲年齡組分(按發生日期),"['88888', '103690']"
各區人口結構,['84049']
各區優質農特產品介紹(加工),['83951']
各區優質農特產品介紹(生鮮),['83950']
各區公所一般公文統計表,"['88790', '88791']"
各區公有零售市場面積、使用費(租金)及員工人數,['114702']
各區出生死亡統計,['83556']
各區十5歲以上人口死亡數按死亡者性別、年齡及婚姻狀況分(按發生日期),"['88889', '88988']"
各區十5歲以上現住人口數,"['88942', '103699']"
各區十5歲以上現住原住民人口數,"['88977', '88979']"
各區原住民單齡人口數,['84050']
各區原住民身分別族別統計,['84051']
各區各里簡易疏散避難圖,['83589']
各區單齡人口數,['103045']
各區嬰兒出生數按生母原屬國籍(地區)、年齡及教育程度分(按發生日期),['116081']
各區嬰兒出生數按生母單齡分(按登記日期),['116085']
各區嬰兒出生數按生母單齡及生育胎次分(按發生日期),['116084']
各區嬰兒出生數按生母年齡、教育程度及生育胎次分(按發生日期),['116082']
各區嬰兒出生數按生母年齡分(按發生日期),['116080']
各區嬰兒出生數按生母年齡及生育胎次分(按發生日期),['116083']
各區戶政受理案件,"['116090', '116092']"
各區戶政管理及便民服務案件,"['88939', '89003']"
各區戶數、人口數,"['103685', '103703']"
各區戶籍登記統計表,['84957']
各區戶長,['116091']
各區新舊地號對照資料,['130155']
各區新舊建號對照資料,['130156']
各區村里鄰戶數、人口數與戶籍動態登記數,"['116076', '116078']"
各區法律諮詢服務處服務時間、地點及聯絡電話,['84948']
各區現住人口數,"['88690', '88805', '88968', '103070', '116079']"
各區現住原住民人口數,"['88807', '88808', '88973', '88975']"
各區現住原住民戶口數,"['88806', '88972']"
各區結婚人數,"['88894', '89000']"
各區結婚人數按性別、年齡、原屬國籍(地區)及婚前婚姻狀況分暨其結婚年齡之第14分位數、中位數、第34分位數與平均數(按登記日期),"['116088', '116093']"
各區結離婚對數,['84034']
各區衛生所聯絡資訊,['83647']
各區衛生所預防接種時間及地點,['84312']
各區調解委員會固定服務時間、調解案件等候時間、地點及連絡電話一覽表,['129352']
各區遷入遷出統計,['84052']
各區里活動中心基本資料一覽表,['84999']
各區離婚人數,"['88934', '103651']"
各區離婚人數按離婚者性別及年齡分(按登記日期),['116089']
各區離婚人數按離婚者性別及年齡分(按發生日期),['116086']
各區離婚對數按男方年齡及女方原屬國籍(地區)與年齡分(按發生日期),['127814']
各區離婚對數按男方教育程度及女方原屬國籍(地區)與教育程度分(按發生日期),['116087']
各國小校園開放時間,['83907']
各國小校園開放時間(105學年度),['83656']
各學校可上網電腦設備配備情形,['84172']
各年度債務未償餘額實際數表,['84105']
各役政單位地址及連絡電話一覽表,['83677']
各新兵訓練中心郵政信箱及連絡電話,['83678']
各機關中程施政計畫項數—統計表,['114701']
各機關以前年度應付歲出款支付餘額,['89302']
各機關以前年度應付歲出款支付餘額-按分,['89301']
各機關免書證免謄本系統查詢統計表,"['84888', '85019']"
各機關公務出國或赴大陸地區人員所提報告書建議事項執行情形統計表,"['94816', '113554']"
各機關分層負責明細表甲表,['106618']
各機關年度預算支用情形,['89299']
各機關年度預算支用情形-按分,['89298']
各機關扣繳統1編號資料,['128650']
各機關發包預算1百萬元以上標案施工進度統計表,['114711']
各消防分隊分布點位,['99643']
各級古蹟概況,['87828']
各級學校學生人數,['89984']
各級學校畢業生人數,['89985']
各級學校補校資訊,['84062']
各級租佃委員會調解調處案件,['116105']
各行政區土地增值稅實徵數趨勢表,['95580']
各行政區地價稅實徵數趨勢表,['95672']
各行政區域腸病毒重症病例數統計,['83942']
各行政區契稅實徵數趨勢表,['114649']
各行政區房屋稅實徵數趨勢表,['94633']
各行政區歷年使用牌照稅實徵數趨勢表,['95671']
各行政區歷年使用牌照稅欠稅數情形趨勢表,['95709']
各行政區歷年印花稅實徵數趨勢表,['95662']
各行政區歷年印花稅欠稅數情形趨勢表,['95464']
各行政區歷年土地增值稅欠稅數情形趨勢表,['95531']
各行政區歷年地價稅欠稅數情形趨勢表,['95669']
各行政區歷年地方稅欠稅數情形趨勢表,['95674']
各行政區歷年契稅欠稅數情形趨勢表,['96222']
各行政區歷年娛樂稅欠稅數情形趨勢表,['95462']
各行政區歷年房屋稅欠稅數情形趨勢表,['95661']
各衛生所人員現況,['90344']
各農會信用部存放款概況,"['114761', '114764', '128484']"
各農會信用部存放款餘額,"['91815', '114786', '128485']"
各都市計畫-人口數與人口成長率彙整表,['84126']
各都市計畫-公共設施總面積比例分析表,['84132']
各都市計畫土地使用內容概要統計表,['84130']
各都市計畫土地使用內容類型分析表,['84131']
各附屬單位決算收支(基金來源、用途)決算數,['89372']
各附屬單位預算收支(基金來源、用途)預算數,"['89371', '89389']"
各電影院名冊,['84998']
各項特別預算-歲入部分,['89343']
各項特別預算-歲出部分,['89345']
各項稅捐實徵淨額與預算數及上年同期比較,"['88063', '94384']"
各項稅捐實徵淨額與預算數及上年同期比較增減原因分析說明,"['88067', '114666']"
各項稅捐本月實徵數簡報表,['88062']
各項稅捐退還以前年度歲入款統計表,['88078']
各項稅收快報(初步數字),['114671']
各項稅收稽徵人力,"['88092', '88118']"
各項稅收稽徵成本,['88091']
各項預防接種工作量統計,['116142']
各類房屋構造別代號暨折舊率對照表(起施行),"['84123', '128726']"
各類短期補習班家數統計,['127258']
各類農產品批發市場交易量、交易額、平均價及管理費收入,"['127826', '127827']"
合作事業現有工作人員,"['88896', '89089']"
合作社概況,"['97916', '98509']"
合格環境用藥販賣業者資訊,['84918']
合格病媒防治業者資訊,['84963']
合法保全業者,['83879']
合法動物醫院名錄,['83762']
合法地政士開業名冊,['84334']
合法旅館,['81426']
合法民宿,['83638']
合法當舖業者,['83880']
合法登記電子遊戲場業清單,['84360']
合法菸酒製造業者資料,['83842']
合法視聽歌唱等8種行業清冊,['84358']
合法露營場名單,['130147']
后里都市計畫區1千分之1地形圖_TWD,['84556']
哺集乳室資訊,['83651']
商圈資訊,['89716']
商業登記家數及資本額異動,['114027']
商業登記現有家數及資本額,['114459']
商業登記異動,['127264']
商業登記資訊系統-縣(市)商業登記家數與資本額統計表,['82826']
喘息服務提供單位,['91930']
單親家庭服務提供單位,['91904']
噪音監測站地點,['84892']
噪音稽查處分概況,['89471']
噪音管制區圖,"['103751', '108264']"
固定式違規照相設備設置地點,['83881']
固定污染源空氣污染物連續自動監測設施(CEMS)監測數據資料_列管工廠,['84025']
固定污染源空氣污染物連續自動監測設施(CEMS)監測數據資料_即時監測數據,['83618']
固定污染源空氣污染物連續自動監測設施(CEMS)監測數據資料_監測項目及代碼,['84026']
國中原住民學生統計,['103079']
國中各校男女生人數統計,['83904']
國中圖書館統計,['90182']
國中學生年齡別統計,['89979']
國中小高中職學校周邊人行道禁菸範圍表,['84385']
國中教師主要任教領域統計,['90033']
國中班級規模別,['115976']
國中補校學生年齡別統計,['89981']
國中補校彙總表,['115918']
國地稅聯合服務讚服務績效統計表,['95673']
國家賠償事件處理情形分析比較表,['88045']
國家賠償事件處理情形統計,['84952']
國家重要濕地-高美濕地資料,['84825']
國小原住民學生統計,['90006']
國小圖書館統計,['90184']
國小學區劃分表(103學年度),['83659']
國小學區劃分表(104學年度),['83660']
國小學區劃分表(105學年度),['82241']
國小學生年齡別統計,['89980']
國小學童齲齒門診名單,['83759']
國小教師主要任教領域統計,['90034']
國小班級規模別,['115934']
國小補校學生年齡別統計,['89982']
國小補校彙總表,['89992']
國民中學中途輟學學生概況-行政區別,['115914']
國民中學原住民教師數,['90124']
國民中學受輔學生及認輔教師統計,['103707']
國民中學學區劃分表,"['83664', '84522', '87674', '130179']"
國民中學學生獎懲人數,['90177']
國民中學學生裸眼視力檢查,['115972']
國民中學教師人數,['90031']
國民中學教育經費支出(預、決算數),['115907']
國民中學新住民子女學生數,['103082']
國民中學校地校舍概況,['103087']
國民中學校數,['90148']
國民中學概況,['115923']
國民中學職員及工友數,['90136']
國民中學補習學校原住民學生數,['103080']
國民中學補習學校新住民學生數,['90019']
國民小學中途輟學學生概況-行政區別,['116140']
國民小學僑生及港澳學生數,['90022']
國民小學原住民教師數,['90125']
國民小學受輔學生及認輔教師統計,['90175']
國民小學學區表,['84169']
國民小學學生裸眼視力檢查,['103652']
國民小學教師人數,['90032']
國民小學教育經費支出(預、決算數),['90171']
國民小學新住民子女學生數,['103083']
國民小學校地校舍概況,['115974']
國民小學校數,['103084']
國民小學概況,['115921']
國民小學職員及工友數,['90137']
國民小學補習學校原住民學生數,['103081']
國民小學補習學校新住民學生數,['90020']
圖書預算及採購冊數,['84915']
土地及建物登記管理,['87936']
土地增值稅徵收,"['127295', '127596']"
土地增值稅查徵統計,"['96212', '99781', '116110', '127309']"
土地增值稅稅源,"['88082', '88106']"
土地建物登記管理,['83864']
土地徵收補償市價查估及評議作業情形表,['84423']
土地段代碼對照表,['84391']
土地登記印鑑設置及使用情形統計,['87953']
土地筆數面積公告土地現值統計,['87955']
土地筆數面積公告地價,['87919']
土壤及地下水污染控制場址,['83970']
土壤及地下水污染整治場址,['83969']
土壤監測資料,['83968']
在營軍人家屬各項扶(慰)助經費統計,['89075']
在營軍人家屬安家費及3節生活扶助金統計,"['88809', '89074']"
地下水監測資料,['83967']
地價稅徵績(滯納期滿),['96030']
地價稅查定,['88080']
地價稅查徵統計,"['88102', '96204', '127307', '127308']"
地價稅稅額計算公式,"['83794', '101780', '118362']"
地價評議委員會評議案件數量統計表,['84904']
地價調查用建築改良物標準單價表,['84920']
地政人員人數異動,"['87971', '103718']"
地政士開業及異動,['87956']
地政局現有職員概況,['87972']
地政服務據點,['120808']
地方稅務局,"['114667', '114668']"
地方稅務局 厝邊服務要您好稅合作單位資料,['112500']
地方稅務局代發他縣市稅捐機關作業統計,['84149']
地方稅務局份厝邊服務要您好稅服務件數統計表,['84085']
地方稅務局全功能服務櫃台服務件數統計表,"['84082', '84084', '84418', '84469', '84470', '84471', '84472', '88094']"
地方稅務局全功能服務櫃臺績效統計,['114633']
地方稅務局公文處理成績報表,['95660']
地方稅務局厝邊服務要您好稅服務件數統計表,"['84083', '84416', '84467', '84468', '85628']"
地方稅務局推動高齡者參與志願服務成果統計表,['94608']
地方稅務局推展志願服務志工人數及服務成果概況,['95529']
地方稅務局歲出決算表,"['84090', '84479', '103071', '105071', '117404', '127334']"
地方稅務局歲出預算表,"['83836', '84480', '84812', '96118', '117529']"
地方稅務局清理舊欠績效表,"['83984', '84154', '84473']"
地方稅務局通訊資料,['83964']
地方稅務局開源節流作業績效報告表,"['83983', '83985', '84474', '84845']"
地方稅務局防止新欠清理舊欠競賽成績,"['83986', '84152', '84153']"
地方稅巡迴及視訊服務績效統計,['88096']
地方稅案件提起行政救濟件數統計表,"['114641', '114642']"
地方稅網路與臨櫃申報件數統計表,"['88095', '130063']"
地方稅繳納方式統計表,['94386']
地方總決算,"['84101', '84501', '84988', '87145', '120430']"
地方總決算歲入來源別,['89339']
地方總決算歲出,"['89342', '116108']"
地方總決算附屬單位決算及綜計表-作業基金-平衡綜計表,"['104075', '104076', '104647', '104648', '105176', '105177']"
地方總決算附屬單位決算及綜計表-作業基金-收支餘絀綜計表,"['104067', '104069', '105170', '105171']"
地方總決算附屬單位決算及綜計表-作業基金-收支餘絀綜計表),"['104599', '104600']"
地方總決算附屬單位決算及綜計表-作業基金-現金流量綜計表,"['104072', '104074', '104645', '105174', '105175', '128488', '128489']"
地方總決算附屬單位決算及綜計表-作業基金-餘絀撥補綜計表,"['104070', '104073', '104601', '104602', '105172', '105173']"
地方總決算附屬單位決算及綜計表-營業基金-損益綜計表,"['104059', '104060', '104591', '104592', '105162', '105163']"
地方總決算附屬單位決算及綜計表-營業基金-現金流量綜計表,"['104063', '104064', '104595', '104596', '105166', '105167']"
地方總決算附屬單位決算及綜計表-營業基金-盈虧撥補綜計表,"['104061', '104062', '104593', '104594', '105164', '105165']"
地方總決算附屬單位決算及綜計表-營業基金-財務摘要綜計表,"['104058', '104581', '105161']"
地方總決算附屬單位決算及綜計表-營業基金-資產負債綜計表,"['104065', '104071', '104597', '104598', '105168', '105169']"
地方總決算附屬單位決算及綜計表-特別收入基金-來源用途及餘絀綜計表,['105178']
地方總決算附屬單位決算及綜計表-特別收入基金-基金來源用途及餘絀綜計表,['104649']
地方總決算附屬單位決算及綜計表-特別收入基金-基金來源用途及餘絀綜計表(來源用途及餘絀,['104077']
地方總決算附屬單位決算及綜計表-特別收入基金-平衡綜計表,"['104080', '104081', '104653', '104654', '105182', '105183']"
地方總決算附屬單位決算及綜計表-特別收入基金-現金流量綜計表,"['104078', '104079', '104651', '104652', '105179', '105180']"
地方總預算(含追加減),"['104988', '104992', '105046']"
地方總預算(案)附屬單位預算及綜計表-作業基金-收支餘絀綜計表,"['104691', '104692', '105033', '105765', '105766']"
地方總預算(案)附屬單位預算及綜計表-作業基金-現金流量綜計表,"['104715', '104716', '105036', '105037', '105769', '105770']"
地方總預算(案)附屬單位預算及綜計表-作業基金-餘絀撥補綜計表,"['104711', '104712', '105034', '105035', '105767', '105768']"
地方總預算(案)附屬單位預算及綜計表-營業基金-固定資產建設改良擴充資金來源綜計表,"['104689', '105030', '105763']"
地方總預算(案)附屬單位預算及綜計表-營業基金-損益綜計表,"['104679', '104680', '105024', '105025', '105757', '105758']"
地方總預算(案)附屬單位預算及綜計表-營業基金-現金流量綜計表,"['104686', '104688', '105028', '105029', '105761', '105762']"
地方總預算(案)附屬單位預算及綜計表-營業基金-盈虧撥補綜計表,"['104681', '104682', '105026', '105027', '105759', '105760']"
地方總預算(案)附屬單位預算及綜計表-營業基金-財務摘要綜計表,"['104678', '105023', '105771']"
地方總預算(案)附屬單位預算及綜計表-營業基金-資本增減綜計表,"['104690', '105031', '105764']"
地方總預算(案)附屬單位預算及綜計表-特別收入基金-基金來源用途及餘絀綜計表,"['104717', '105038', '105865']"
地方總預算(案)附屬單位預算及綜計表-特別收入基金-現金流量綜計表,"['104718', '104719', '105040', '105041']"
地方總預算(案)附屬單位預算及綜計表-特別收入基金-現金流量綜計表(依基金別分析),['105867']
地方總預算(案)附屬單位預算及綜計表-特別收入基金-現金流量綜計表(依現金流量項目分析),['105866']
地方總預算案(含追加減),"['104987', '104989', '105047']"
地方總預算案)附屬單位預算及綜計表-作業基金-收支餘絀綜計表,['105032']
地方總預算歲入來源別(含追加預算),"['89335', '103668']"
地方總預算歲出(含追加預算),"['89336', '89337', '89375', '89376']"
地方總預算附屬單位預算及綜計表(法定預算)-作業基金-收支餘絀綜計表,"['104664', '104665', '105151', '105152', '105877', '105878']"
地方總預算附屬單位預算及綜計表(法定預算)-作業基金-現金流量綜計表,"['104668', '104669', '105155', '105156', '105880', '105881']"
地方總預算附屬單位預算及綜計表(法定預算)-作業基金-餘絀撥補綜計表,"['104666', '104667', '105153', '105154', '105879']"
地方總預算附屬單位預算及綜計表(法定預算)-營業基金-固定資產建設改良擴充資金來源綜計表,"['104662', '105057', '105875']"
地方總預算附屬單位預算及綜計表(法定預算)-營業基金-損益綜計表,"['104656', '104657', '105050', '105869', '105870']"
地方總預算附屬單位預算及綜計表(法定預算)-營業基金-損益綜計表依收支科目分列),['105049']
地方總預算附屬單位預算及綜計表(法定預算)-營業基金-現金流量綜計表,"['104660', '104661', '105053', '105054', '105873', '105874']"
地方總預算附屬單位預算及綜計表(法定預算)-營業基金-盈虧撥補綜計表,"['104658', '104659', '105051', '105052', '105871', '105872']"
地方總預算附屬單位預算及綜計表(法定預算)-營業基金-財務摘要綜計表,"['104655', '105048', '105868']"
地方總預算附屬單位預算及綜計表(法定預算)-營業基金-資本增減綜計表,"['104687', '105063', '105876']"
地方總預算附屬單位預算及綜計表(法定預算)-特別收入基金-基金來源用途及餘絀綜計表,"['104670', '105157', '105883']"
地方總預算附屬單位預算及綜計表(法定預算)-特別收入基金-現金流量綜計表,"['104675', '104676', '105158', '105159']"
地方總預算附屬單位預算及綜計表(法定預算)-特別收入基金-現金流量綜計表(依基金別分析),['105886']
地方總預算附屬單位預算及綜計表(法定預算)-特別收入基金-現金流量綜計表(依現金流量項目分析),['128487']
地標_TWD,"['126587', '126731']"
地標_WGS,['126769']
地理資訊使用統計表,['120276']
地籍測量專業資格證明書核發紀錄表,['84944']
地震斷層帶圖資,['84837']
地震災害人員傷亡、建物損失,['88022']
垃圾及資源回收車動態資訊,['83558']
垃圾清理狀況,"['89462', '89484']"
垃圾處理場(廠)及垃圾回收清除車輛統計,['89464']
垃圾處理場(廠)及垃圾清理車輛與機具,['103096']
垃圾衛生掩埋場歷年地下水監測結果,['84466']
域圖(改制前行政區域圖),['103726']
域圖(改制後域全圖),['103675']
域排水資料,['83841']
執業獸醫師(佐)清冊,['83621']
執行兒童牙齒塗氟服務院所名單,['81725']
執行定額進用身心障礙者概況表,['113697']
執行家戶訪查工作成果統計,['88172']
執行家戶訪查發現及處理戶口(籍)案件成果,['117349']
執行家戶訪查發現及處理戶口(籍)案件成果統計,['84031']
外國人地權登記管理,['113696']
外國人地權登記管理統計表,['84893']
外埔都市計畫區1千分之1地形圖_TWD,['84550']
外籍勞工健康檢查指定醫院名冊,['84324']
多重障礙者之年齡分配,"['98624', '105210']"
多重障礙者人數,"['88938', '105221']"
夜市、傳統市場、攤販、學校及餐飲業高風險食材或原物料抽驗結果,['81728']
夜市、傳統市場、攤販處之高風險食材或原物料抽驗結果,['84799']
夜間急診或24小時急診動物醫院,['83763']
大坑風景區各登山步道遊客數,"['88693', '88704']"
大墩文化中心近期活動,['84946']
大安都市計畫區1千分之1地形圖_TWD,['84560']
大客車及貨車使用牌照稅稅額表,['84380']
大客車禁行路段,['83935']
大客車行駛應特別注意路段,['83936']
大甲(日南地區)都市計畫區1千分之1地形圖_TWD,['84569']
大甲都市計畫區1千分之1地形圖_TWD,['83837']
大肚台地歷史與人文調查_考古遺址,['101637']
大肚台地歷史與人文調查_臺中地區平埔族各社人口、戶數,['101704']
大肚台地環境水域調查,['101442']
大肚台地環境陸域調查,['101554']
大肚台地生物水域調查,['101671']
大肚台地生物陸域調查,['101892']
大肚台地產業與資源調查_中部科學工業園區台中園區產業調查,['101683']
大肚台地產業與資源調查_山坡地,['101331']
大肚台地產業與資源調查_旅館民宿業,['101201']
大肚台地產業與資源調查_林業,['101196']
大肚台地產業與資源調查_民生工業,['101639']
大肚台地產業與資源調查_河川,['101556']
大肚台地產業與資源調查_湧泉水井水堀,['101335']
大肚台地產業與資源調查_畜牧業,['101551']
大肚台地產業與資源調查_精密機械,['101555']
大肚台地產業與資源調查_製造業,['101685']
大肚台地產業與資源調查_觀光遊憩業,['101559']
大肚台地產業與資源調查_農業,['101120']
大肚都市計畫區1千分之1地形圖_TWD,['81437']
大腸癌篩檢醫療院所,['84330']
大里(草湖地區)都市計畫區1千分之1地形圖_TWD,['84591']
大里都市計畫區1千分之1地形圖_TWD,['83838']
大陸地區人民及法人取得不動產權利統計表,['84916']
大陸地區未成年人民在臺期間申請就讀國民中學統計,['90023']
大陸地區未成年人民在臺期間申請就讀國民小學統計,"['90025', '90186']"
大雅都市計畫區1千分之1地形圖_TWD,['84579']
天然氣事業裝置情形,['89670']
天然氣供氣戶數及供氣量,['89652']
天然氣導管承裝商,['84996']
天然災害人員傷亡、建物損失,['88016']
天然災害水土保持設施損失情形,"['90752', '90753']"
太平(中平)都市計畫區1千分之1地形圖_TWD,['84584']
太平(新光)都市計畫區1千分之1地形圖_TWD,['84576']
太平都市計畫區1千分之1地形圖_TWD,['84563']
太陽光電發電設備之核准情形,['89648']
失智症服務及資源提供單位,['108261']
失業率-依年齡別區分,['130038']
失業率-依教育程度區分,['130039']
失蹤人口,['88141']
契稅查徵統計,"['88071', '88072', '116131', '127297']"
女兒館,['101625']
好客民宿資料,['83645']
妨害兵役案件統計表,['83911']
娛樂稅查徵統計,"['88073', '88074', '117961', '117962']"
娛樂稅稅源,"['88087', '117952']"
婦女福利服務,"['98866', '105657']"
婦女福利服務中心,['83845']
婦女福利機構服務,['88881']
婦幼安全警示地點,['120827']
嫌疑犯人數按年齡組別,['84041']
嫌疑犯人數按教育程度別,['84040']
嫌疑犯人數按職業別,['84042']
子宮頸癌、乳癌、大腸癌、口腔癌健康篩檢醫療院所,['84980']
子宮頸癌篩檢醫療院所,['83765']
孔廟管理概況,"['89083', '127813']"
孔蓋下地數量,['88591']
孕婦乙型鏈球菌篩檢補助服務方案特約院所名單,['85037']
安置兒童及少年性剝削被害人情形,['98905']
完全以電能為動力之電動大客車及貨車使用牌照稅稅額表,['84889']
完全以電能為動力之電動小客車使用牌照稅稅額表,['84382']
完全以電能為動力之電動機車使用牌照稅稅額表,['84383']
宗地地號視中心坐標,['84121']
宗教名冊,['83784']
宗教財團法人概況,"['88811', '116171']"
定時定點垃圾收運地點,['84004']
定點式臨時暨短期照顧服務之委託機構,['85078']
客家事務委員會經費統計,['89796']
客家文化活動補助申請情形,"['89791', '89792']"
客家文化研習班概況,['89795']
客家社團名冊,['84079']
客家美食餐飲小吃名冊,['84078']
家庭/社會福利服務中心,['83954']
家庭住宅及現代化設備概況,"['84157', '84525', '130040']"
家庭戶數,"['113670', '113686']"
家庭收支主要指標,['113664']
家庭暴力事件服務處暨家事服務中心,['102345']
家庭暴力事件裁罰案-按裁罰事由,"['88935', '113636']"
家庭暴力加害人處遇,['98894']
家庭暴力及性侵害防治中心,['84536']
家庭暴力案量統計,['84909']
家庭暴力被害人保護扶助人次,"['98912', '113690']"
家庭暴力被害人保護扶助金額,['98897']
家庭福利服務,"['89197', '89318']"
家禽屠宰場清冊,['84482']
容積移轉執行成果統計(公共設施保留地),['84134']
容積移轉申請案件核准移入容積量,['84133']
實(食)物銀行,['83868']
實價登錄每季動態分析,['83768']
實施平均地權重新規定地價申報地價情形,['87954']
實施統1挖補區之挖補件數、面積,['88593']
實施耕地375減租後佃農購買耕地面積及戶數,['87923']
實施耕地375減租成果,['87924']
實施耕地375減租成果增減原因,['116103']
實施集中支付支用單位數、支付淨額與可支用庫款餘額,['103109']
實施集中支付電連存帳及簽發支票數量與金額,['103110']
審查通過之新生兒聽力篩檢(確診)醫療院所名單,['85038']
寬頻管道,['106217']
寬頻管道建置資訊,"['84495', '101776']"
寬頻管道引上點,['106239']
寬頻管道引出管,['106219']
寬頻管道手孔,['106218']
對9大行業、理髮及飲酒店等輔導管理成效統計表,"['89709', '103926']"
對議員所提地方建設建議事項處理明細表,"['105110', '105112', '105113', '105115', '105116', '105117', '105119', '105122', '117580', '117581']"
小客車使用牌照稅稅額表,['84381']
少年(兒童)犯罪狀況,"['88153', '117298', '117303']"
就業服務之求職、求才及推介就業人數,"['87866', '87868', '87870', '87906']"
就業服務據點,['83682']
居家復健,['109479']
居家托育服務單位,['83796']
居家護理所名冊,['84315']
屯區藝文中心藝文活動,['83927']
山地平地原住民人口數,['90456']
山地平地原住民婚姻狀況,['90459']
山地平地原住民年齡分配,['90458']
山地治安管制,"['88162', '88186']"
工商自由職業及社會團體概況,"['98507', '104947']"
工廠廠商名冊,['84505']
工廠登記家數異動,['103091']
工會概況,['87902']
工會組織名冊,['85034']
工業油脂流向申報廠商清冊,['84943']
工程施工查核案件一覽表,['101189']
巨大垃圾統計,"['89465', '89488']"
已登記不動產統計,['84138']
已登記公私有土地筆數面積,['87920']
已登記公私有土地筆數面積(按行政區別),['84141']
已登記應回收廢棄物回收處理業者名單,['84788']
已登記資訊休閒業清單,['84359']
已開闢公園、綠地、兒童遊樂場、廣場、河濱公園座數面積,"['88583', '88595']"
市區公車智慧卡交易量,['88613']
市區公車業務概況及行車情形,['88608']
市區公車站牌資料,['81555']
市區公車行車肇事案件,['117939']
市區公車路線圖,['83748']
市區公車預估到站時刻表,['83747']
市區汽車客運業家數、車輛數,['88609']
市地重劃區公告相關資訊,['119782']
市地重劃成果,['103819']
市地重劃成果表,['84966']
市庫集中支付收辦憑單件數,['89303']
市政信箱受理人民陳情案件統計表,['115981']
市政府常備兵役役男家屬各項扶(慰)助經費統計表,['97896']
市政會議專案報告提案及頒獎資訊(CSV),['84404']
市政顧問年齡分布及性別統計表,['86912']
市有土地清冊,['87041']
市有財產總目錄,"['84029', '84066', '84067', '84956', '87044', '119652']"
市立國中各校男女生人數統計,"['83655', '105070']"
市立國小班級(人)數一覽表,['84170']
市管水門,['105967']
市道公路新建及改善工程完成數量,"['88588', '88603']"
市道公路養護工程成果,"['88586', '88601']"
市長信箱受理人民陳情案件統計表,['115986']
市長室受理人民陳情案件,['115977']
市長室受理人民陳情案件統計表,['118605']
常備兵役役男家屬各項扶(慰)助經費統計,"['103653', '105067', '109440', '122467', '127734']"
常備兵役役男家屬各項扶(慰)助經費統計表,"['88368', '93989', '101038']"
常備兵役役男家屬安家費及3節生活扶助金統計,"['103908', '116147']"
常備兵役役男家屬安家費暨3節生活扶助金統計表,['83676']
常備兵役男家屬各項扶(慰)助經費統計表,"['84434', '84436', '84439', '84901', '87045', '119932']"
常備兵役男家屬安家費暨3節生活扶助金統計表,"['82685', '83917', '84199']"
平均旅行時間動態資料,['84659']
平均旅行時間靜態資料,['84661']
平均每戶可支配所得及最終消費支出依可支配所得,['113689']
平均每戶家庭收支,"['113687', '113688']"
平均每戶家庭收支概況,"['84156', '84524', '130041']"
平均每戶家庭消費支出,['113663']
平面媒體廣告與新聞管理統計,['94118']
年度十大伴手禮,['85031']
年度建築物公共安全檢查稽查數量,['84110']
年度消費爭議申訴案暨調解案件類型分析(前5名),['84949']
年度總預算及特別預算收支執行狀況,"['89347', '102225']"
幼兒園事故傷害統計,"['120124', '127259']"
幼兒園概況,['115920']
幼兒常規疫苗接種合約醫療院所名冊,['127819']
度消防安全檢查列管對象,"['84352', '84353', '84542', '84865']"
廉政倫理事件統計表,['84162']
廢機動車量認定及移置統計,['89463']
廢食用油來源列管清冊,['84942']
廢食用油清除機構,['83972']
廣告物管理統計,['90714']
建檔公廁資訊,['84010']
建物_TWD,"['81535', '83570']"
建物_WGS,['84581']
建物第1次登記統計,['81637']
建築執照存根資料,['108507']
建築師開業家數及人數,"['83585', '117671']"
建築物公共安全檢查簽證及申報 核准備查件數,['84390']
建築物昇降設備安全檢查,['90717']
建築物機械停車設備安全檢查統計,['103704']
建築物開工統計,"['90734', '90739', '103706']"
建設局編制員額及現有員工人數,"['88604', '88605']"
弱勢兒童及少年扶助概況,['97922']
役男徵兵檢查BMI值統計表,"['83914', '84174']"
役男徵兵檢查人數統計表,"['83584', '84176', '84713', '95658']"
役男徵兵檢查體位判等因素分析統計表,"['82512', '83913', '83920']"
役男徵集人數統計表,['83919']
役男抽籤人數統計表,"['83915', '84180', '84181']"
役男申請複檢案件統計,"['83601', '84175', '95633']"
役男申請複檢案件統計表,['83909']
役男驗退、停訓處理人數統計表,"['84178', '84179']"
役男驗退停訓處理人數統計表,['83916']
從事社會福利工作人員數,['89096']
復康巴士服務單位,['84989']
徵收營建工程空氣污染防制費統計,['103095']
徵期結束 使用牌照稅徵績(徵期結束),['127306']
徵期結束 房屋稅徵績(徵期結束),['88084']
徵解地政規費,['87918']
徵集人數統計表,"['83910', '84177']"
心理衛生相關資源,['83937']
志願服務推廣中心,['83892']
忠烈祠管理概況,"['89081', '89097']"
急救責任醫院,['83756']
急難救助提供單位,['91781']
性侵害事件裁罰案-按裁罰事由,['88974']
性侵害加害人處遇,['98892']
性侵害案量統計,['84908']
性侵害被害人保護扶助人次,['98899']
性侵害被害人保護扶助金額,['103074']
性別平等公布事業單位名單,['84983']
性別統計指標數,['89391']
性騷擾事件申訴調查概況,['89316']
性騷擾事件裁罰統計,['98900']
性騷擾申訴事件調查結果,['98909']
性騷擾當事人基本資料,['98910']
愛滋病指定醫事機構,['90915']
戒菸服務合約醫事機構名單(109.02),['81720']
房屋地段等級調整率標準表(起施行),"['83990', '128724']"
房屋用途類別及用途細類別對照表(起施行),['84124']
房屋用途類別及用途細類別對照表_1,['128723']
房屋稅徵績(滯納期滿),['127296']
房屋稅查定,"['88083', '115991']"
房屋稅查徵統計,"['94385', '96214', '115990', '115992']"
房屋稅籍,"['88085', '88107']"
所屬公務人員歷年參加晉升簡任官等訓練參訓及格比例,['84914']
所屬公務人員歷年參加晉升薦任官等訓練參訓及格比例,['84388']
所屬各機關、學校公務人員參與訓練概況,['114745']
所屬各機關、學校原住民人員進用情形,['86911']
所屬各機關、學校專任人事機構現有員額,"['86871', '86872', '86873']"
所屬各機關、學校身心障礙人員進用情形,['86910']
所屬各機關公務人員人事異動狀況,['86865']
所屬各機關公務人員人數,"['86878', '86885', '86887', '86909']"
所屬各機關公務人員獎懲人次,['86867']
所屬各機關公務人員退休人數,"['86869', '86870']"
所屬大型運動場館,['127515']
所屬運動場館,['108629']
所得收入者平均每人所得分配,"['113671', '113672']"
所轄面積暨區里鄰數,"['89077', '89095']"
托嬰中心專業工作人員,['97952']
托嬰中心所數及收托人數,['97954']
托嬰中心概況,['97953']
托育(保母)人員專業訓練課程(126小時自費班),['85036']
批發市場地址及聯絡電話,['127820']
抽驗稽查,['122040']
抽驗蔬果販售業之在地蔬果農藥殘留檢驗結果,['84018']
拖吊保管場,['84662']
指定身心障礙鑑定醫院清冊及窗口,['84317']
捷運綠線車站名稱點位資料,['83752']
採購爭議案件分析比較表,['88046']
採購稽核小組稽核件數統計表,['84161']
推展家庭教育計畫參與統計,['90180']
推展家庭暴力防治業務,['105206']
推展性侵害防治業務,['105205']
推展性騷擾防治業務,['105211']
推行社區發展工作概況,['89002']
提供手語翻譯、同步聽打服務及核發專用停車識別證,['88897']
提供手語翻譯服務及核發專用停車識別證,"['88945', '104935']"
撤銷及廢止立案幼兒園名冊,['84059']
收發文統計表,['89798']
收費公用廣告欄設置地點一覽表,['84403']
政風處所屬政風機構檢舉管道,['83885']
政風處暨所屬各政風單位歷年辦理反貪宣導統計,['84160']
政風處暨所屬政風機構受理財產申報統計表,['82815']
政風處查處工作績效統計,['117593']
政風處維護工作績效統計,['87795']
政風處陽光法案工作績效統計,['87798']
政風處預防工作績效統計,['117585']
救護車資料,['84310']
教會(堂)概況,"['88813', '88814']"
教育基金會,['84061']
教育局員工概況,['90194']
敬老愛心卡合約診所據點,['91931']
數值地籍地段圖,['83883']
文化局暨所屬機關藝文經費補助情形,['87842']
文化局暨所屬機關辦理藝文活動情形,['87851']
文化局經費概況,['87840']
文化藝術財團法人(基金會),['83867']
文化資產一覽表,['83866']
文化資產維護經費統計,['87829']
文化資產處辦理藝文活動情形,['87847']
新住民多元圖書室,['91944']
新住民家庭服務中心,['91899']
新住民據點,['85016']
新生兒聽力篩檢(初篩)醫療院所,['83617']
新社都市計畫區1千分之1地形圖_TWD,['83833']
新聞局協拍成果概況,['127737']
新聞局發布新聞稿則數,['117370']
旅行社及旅館家數統計,['88695']
旅遊服務中心旅客諮詢人數統計表,"['88694', '88711']"
旅遊服務中心聯絡資料,['83640']
旅遊醫學門診醫院名冊,['103676']
旅館業及民宿業營運報告表,['88697']
日南都市計畫區1千分之1地形圖_TWD,['84570']
日間照顧中心,['94034']
早期療育服務個案管理中心,['83673']
早期療育服務通報轉介中心,['84533']
早期療育相關服務中心,['91951']
早療社區療育據點,['107215']
星級旅館資料,['83646']
景點,['85008']
替代役役男家屬各項扶(慰)助經費統計,"['88963', '88964', '105066', '109752', '122466', '127735']"
替代役役男家屬各項扶(慰)助經費統計表,"['84183', '84202', '84440', '84902', '84903', '87043', '94821', '99380', '101039', '119933']"
替代役役男家屬安家費及3節生活扶助金統計,"['88962', '89076']"
替代役役男家屬安家費暨3節生活扶助金統計,['84200']
替代役役男家屬安家費暨3節生活扶助金統計表,"['84201', '84986']"
替代役役男涉嫌違法案件,"['88174', '88192']"
替代役申請人數統計表,"['83674', '83908', '84173', '84182', '106746']"
最新債務訊息,['84971']
最近1次標示稽查,['127818']
有效求職者未能推介就業之原因,['113586']
有效農機使用證之農機數量,['114790']
有機農作物栽培概況,['91792']
有線廣播電視基本頻道收視費用上限,['85742']
有線廣播電視收視費用標準,['84939']
服務中心受理人民陳情案件統計表,"['115982', '115987']"
服務勞工地圖,['83823']
未徵數情形,"['88088', '88108']"
未禁葬公墓一覽表,['83785']
本土登革熱病例數,"['84321', '84682']"
本土登革熱確定病例數及分布區域,['93978']
東勢都市計畫區1千分之1地形圖_TWD,['84589']
林業(伐木業)生產成本,['91797']
果品生產概況,['91788']
查獲侵害智慧財產權案件,['88167']
查獲兒童及少年性交易案件安置情形,"['105213', '105214']"
查獲毒品嫌疑犯人數-犯罪方法別、教育程度別,"['83812', '88150', '88177']"
查獲毒品案件-月別,"['83810', '88176']"
查獲違法經濟案件,['88166']
查處涉嫌色情行為廣告成果,['88155']
柴油車排煙檢測站站址,['84362']
核發建築物使用執照統計,"['90731', '90732', '90733']"
核發建築物拆除執照統計,['117676']
核發街頭藝人證概況,['87844']
梨山(新佳陽地區)都市計畫區1千分之1地形圖_TWD,['84593']
梨山(松茂地區))都市計畫區1千分之1地形圖_TWD,['83586']
梨山(環山地區)都市計畫區1千分之1地形圖_TWD,['84582']
梨山都市計畫區1千分之1地形圖_TWD,['84854']
森林主產物砍伐生產,"['91805', '91812']"
森林副產物生產量值,"['114777', '114781']"
樂齡學習中心資訊,['83902']
標售市有不動產開標結果,"['84187', '84929', '84930', '85073', '127583', '127584']"
橋梁維護工程,"['88589', '88596']"
橋梁資訊,['83933']
機械遊樂設施安全檢查,['103730']
機車使用牌照稅稅額表,['84384']
機車排氣檢驗站名冊,['83582']
機車竊盜資訊,['103067']
次徵兵及齡男子兵籍調查統計表,['83912']
正在辦理中公辦市地重劃地區統計表,['84967']
正在辦理中自辦市地重劃地區統計表,['84968']
正射航照影像,"['106637', '106638', '106666', '106667']"
正辦理中區段徵收地區統計,['87931']
正辦理中市地重劃地區統計,['87928']
歲入預算執行情形,"['84103', '103914']"
歲出用途別-經常門月報表,"['89352', '89387']"
歲出用途別-資本門月報表,"['89369', '89388']"
歷史建築概況,['87830']
歷年地方稅欠稅數情形統計表,['95670']
歷年娛樂稅實徵數趨勢表,['95881']
歷年禁止及塗銷財產處分統計表,['95539']
歷年禁止財產處分徵起數統計表,['95463']
歷年重大職災統計,['83924']
歷次發布天然災害停止上班上課相關訊息一覽表,['84387']
殯儀館設施概況,"['89099', '115998']"
殯葬服務業概況,"['114525', '114526']"
殯葬禮儀服務業合法業者名冊,['85020']
殯葬管理業務概況,"['116073', '127299']"
段數統計表,['84186']
母嬰親善醫療院所名單,['83649']
每季房地產消費糾紛原因及來源明細統計表,['84335']
毒品防制資源表,['81721']
民免費電腦課程辦理情形,['89783']
民宿業查報及取締情形,['88703']
民有市場名冊,['84357']
民有零售市場概況表,['89692']
民營停車場資料,['83934']
民眾反映意見滿意度統計表,['94631']
民眾常見問答點閱率統計表,['84506']
民防人員協勤成果表,['88161']
民防團隊年度訓練成果,['88160']
民防團隊編組,"['88184', '103667']"
水利局抽水站,['84426']
水利局水位站水情資訊,['84159']
水利局編制員額及現有員工人數,"['90757', '90758']"
水利局轄管滯洪池,['84392']
水土保持法罰鍰案件,['130158']
水塔蓄水池合格之業者,['83605']
水患災害人員傷亡、建物損失,"['88020', '88024']"
水產養殖面積,"['90773', '90774']"
水肥廠資料,['83992']
水肥清運處理狀況,['89487']
水資源回收中心,['130157']
水質檢驗結果報告,"['84118', '84422']"
水電、天然氣、電氣技術人員登記統計表,['89675']
污水下水道已建設管線長度及設施,"['90911', '90912']"
污水下水道建設投入經費,"['90768', '117603']"
污水下水道用戶接管普及率及污水處理率,"['90770', '114828']"
污水下水道用戶接管普及率及污水處理率統計一覽表(依各月人口資料),['84530']
污水下水道系統執行概況,"['115896', '127809']"
污水下水道系統污染管制情形,['89461']
污水下水道系統營運管理費用及收入,"['115890', '115891']"
污水竣工人孔,['108180']
污水竣工管線,['108177']
污水處理廠統計,"['90769', '90913']"
汽車竊盜資訊,['103047']
河川及海域水體測站分佈圖,['84962']
河川水質監測資料,['84517']
法定傳染病確定病例統計-年齡別,['117364']
法規審議及研商成果,['88044']
洗掃街作業資料,['82832']
活動,['83826']
派出所轄區範圍_TWD,['83790']
派工案件資料開放集(104.01.01~108.04.30),['84523']
流感抗病毒藥劑合約醫療院所名冊,['83761']
流感疫苗合約醫療院所名冊,['84333']
海洋水質監測資料,['87915']
消費,['85009']
消費爭議事件處理情形,['88043']
消費者保護官室消費諮詢及申訴件數統計,['84950']
消費者物價指數,['114698']
消費者物價指數-商品性質分類,['84977']
消費者物價指數-商品性質別,['114700']
消費者物價指數-特殊分類,['83961']
消費者物價指數-購買頻度別分類,['84976']
消防、救護車輛裝備,['88033']
消防人力,['88011']
消防人力學歷統計表,['84432']
消防人力年齡統計表,['84430']
消防人力性別官等統計表,['84431']
消防員工傷亡慰問及急難濟助,['88034']
消防員工傷亡慰問情形,['88014']
消防安全檢查列管對象,['88026']
消防安全檢查重大不合格場所,['84386']
消防安全檢查重大不合格場所(嚴重違規),['120022']
消防安全設備查察處理,['128742']
消防安全設備檢修申報,"['88001', '88027']"
消防局上半年物資捐贈及現金捐款芳名冊,"['84377', '84489', '84850']"
消防局下半年物資捐贈及現金捐款芳名冊,"['82884', '84488']"
消防局各單位通訊錄,['81993']
消防局截至住警器推廣執行成果,['88698']
消防栓點位資料,['87042']
消防水源,['88005']
消防緊急救護到院前心肺功能停止傷病患統計,"['109936', '110071']"
消防緊急救護急救處置,"['96195', '110324']"
消防緊急救護服務,"['88030', '110073']"
消防緊急救護服務統計,['83946']
消防車輛裝備,['88013']
液化石油氣儲存場所,['84145']
液化石油氣消防安全檢查,['103872']
液化石油氣消防安全檢查及違規取締,"['103870', '103871']"
清潔隊各區隊地址及電話,['84945']
測量案件,['87935']
港區藝術中心藏品資料表,['84982']
溫泉水權登記件數-地下水,['117598']
溫泉水權登記引用水量-地下水,['117599']
滅火器藥劑更換及充填合格廠商,['94817']
滯納期滿 地價稅徵績(滯納期滿),['88105']
漁戶及漁戶人口數,['90778']
漁戶數及漁戶人口數,['90777']
漁會資料,['83850']
漁業從業人數,"['90775', '90776']"
演藝團體,['84992']
演藝團體立案數概況,['87841']
潭子都市計畫區1千分之1地形圖_TWD,['84599']
火化場設施概況,"['89101', '115995']"
火災人員死傷、財物損失,"['88031', '103702']"
火災出動人員、車輛、船艇、直升機,['88029']
火災次數,"['88008', '88009', '88032']"
火災次數分類及時間,['117937']
火災資料統計,"['83772', '98924', '106180']"
災害救助物資存放點,['84947']
災情案件資料,['83616']
為民服務成果統計表,['113702']
烏日都市計畫區1千分之1地形圖_TWD,['83835']
焚化廠資料,['84972']
無故未出席協商企業經營者名單,['85006']
照顧中低收入戶概況,['88900']
照顧低收入戶概況,['104921']
燃氣熱水器承裝業及其技術士名冊,['84565']
燃氣熱水器承裝業及其技術士清冊,"['107443', '116128']"
營建工地空汙費繳費櫃檯,['84367']
營業衛生管理稽查概況,"['90338', '90340']"
營造工程物價基本分類指數,['84975']
營造工程物價工程種類別分類指數,['84974']
營造業家數及資本額,['90727']
爆竹煙火安全檢查,"['87852', '87998']"
爆竹煙火違法取締,"['87999', '88028']"
物理治療所及職能治療所,['84979']
特定寵物業者名冊,['83559']
特殊境遇家庭扶助服務,"['89236', '104931']"
特殊境遇家庭概況,"['88965', '89223']"
特殊境遇家庭符合款項,"['88987', '88997']"
特殊學校一覽表,['127256']
特殊學校學生年齡別統計,['89983']
特殊教育學校原住民學生數,['90003']
特殊教育學校原住民教師數,['90123']
特殊教育學校學生數-年級別,['115916']
特殊教育學校教育經費概況(預、決算數),['90167']
特殊教育學校校地校舍概況,['103086']
特殊教育資源中心,['83557']
特殊道路_TWD,"['84549', '84596']"
特殊道路_WGS,['83817']
特用作物生產概況,['103689']
犯罪統計資訊,['84151']
獨居老人緊急救援守護連線系統,['106731']
獸醫診療機構統計,['90827']
王田交流道都市計畫區1千分之1地形圖_TWD,['84585']
現有停車位概況-建築物附設停車空間部分,['90737']
現有分駐(派出所)警力配置,['88145']
現有動力漁船數,"['90779', '90780']"
現有河川防洪設施,"['127810', '127811']"
現有漁筏數量,"['90781', '90782']"
現有警力配置,['116216']
現有農機數,"['114768', '114783']"
現行兒童預防接種時程,['84311']
環保人員概況,['115887']
環保局污染源稽查(查核)處分概況,['115886']
環保志工隊,['85004']
環保旅店,['83690']
環保餐館,['83689']
環境保護歲出決算統計,['115989']
環境保護歲出預算統計,"['89493', '89494']"
環境影響評估個案監督及處分情形,['114519']
環境影響評估案件統計,['114527']
環境教育機構,['84094']
環境教育設施場所,['83691']
環境檢驗樣品分類統計,['89479']
環境用藥管理成果統計,['89474']
生涯轉銜通報中心暨社區資源中心,['83896']
產後護理機構名冊,['122134']
產業及社福外籍勞工人數,['84911']
產銷履歷清冊,['81732']
用車輛油料管理月報表,['84100']
用電設備檢驗維護業,['84993']
甲級廢棄物清除處理機構名單,['85094']
登記工廠名冊,['119786']
登革熱噴藥場次,['84898']
登革熱病媒蚊密度調查結果,['84325']
登革熱確定病例數及分布區域,"['108632', '110325', '110326', '110328', '110329']"
百大名攤名產,['83692']
百年人瑞人口數,['83982']
盛裝飲用水抽驗結果,"['83995', '107453']"
監視錄影系統建置、列管情形,['88146']
直升機起降點點位資料,['99644']
石岡水壩都市計畫區1千分之1地形圖_TWD,['84575']
社區健走步道,['83683']
社區大學概況,['115908']
社區大學聯絡資訊,['83665']
社區學習資訊,['83901']
社區式日間照顧服務單位,['92013']
社區治安工作績效,['88175']
社區活動中心,['83862']
社區照顧關懷據點,['85022']
社區發展協會,['91949']
社區藥局名單,['84015']
社會住宅基地地號及面積表,['84140']
社會創新實驗基地,['91943']
社會局推展志願服務志工人數,['89320']
社會局推展志願服務志工服務成果,['88884']
社會局推展志願服務概況,['104949']
社會局現有職員概況,['113589']
社會工作員工作成果,"['89300', '127421']"
社會工作專職人員數,"['98816', '104934']"
社會救助補助項目,['112084']
社會救助通報處理情形,"['88880', '98818']"
社會福利工作人員數,"['89319', '104939']"
社會福利慈善事業基金會,['83898']
社會福利類志願服務隊,['83899']
禁止遊動廣告車輛停放路段,['85027']
私立兒童課後照顧服務中心,['84060']
私立幼兒園名冊,['83668']
稻米生產概況,['91785']
空氣中總懸浮微粒及落塵量檢驗結果,['89458']
空氣品質監測站設置概況與測定項目,"['89457', '89482']"
空氣污染稽查處分概況,['89470']
立公共圖書館概況,"['87850', '117921', '127807']"
立各級學校教職員人事異動狀況,['127257']
立各級學校教職員人數,"['90129', '90130', '90131', '90132', '115912']"
立各級學校教職員獎懲人次,"['90126', '90195']"
立各級學校教職員退休人數,"['90127', '90128']"
立國民中學班級數核定表,"['83666', '84520', '84521']"
立國民小學開辦兒童課後照顧情形,['90179']
立圖書館各分館借閱統計,['84379']
立圖書館行動圖書車使用情形,['116102']
立圖書館辦理圖書活動情形,['87831']
立案產後護理之家名冊,['84314']
立案補習班資料,['83903']
立特殊教育學校通訊資料,['84165']
符合博物館法設立之公私立博物館一覽,['84192']
第3屆直轄市里長名冊,['122525']
第5屆區域計畫委員會委員名冊,['84913']
範圍圖,['113538']
精密機械科技創新園區廠商名錄,['83974']
精神衛生行政工作執行成果,['103650']
精神衛生行政工作執行成果表,['90346']
精神醫療資源,['81722']
精神醫療資源現況,['90327']
精神醫療資源現況表,['90341']
糖尿病健康促進機構一覽表,['83767']
糖尿病共同照護網醫療院所,['84331']
結婚人數按性別、單齡、5歲年齡及初婚、再婚分(按發生日期),['115863']
結婚人數按性別、年齡、原屬國籍(地區)及婚前婚姻狀況分暨其結婚年齡之第14分位數、中位數、第34分位數與平均數(按發生日期),"['115861', '115862']"
結婚對數按男女雙方年齡分(按發生日期),['88891']
結核病個案年齡別統計,['84319']
結核病個案發生監測統計,['84320']
結核菌素測驗服務單位,['83939']
經濟案件,['117317']
經輔導依法設立職工福利機構單位統計,['87908']
綠色包裝認證名單,['84005']
綠色商店,['85029']
網站服務情形統計表,"['103092', '103671']"
縣(市)飲用水水質抽驗檢驗結果,['89489']
縱火案件分析,['88010']
總決算,['128808']
總預算(含追加減),"['104994', '106747', '115885']"
總預算(案)附屬單位預算及綜計表-作業基金主要營運項目分析表,['130345']
總預算(案)附屬單位預算及綜計表-作業基金收支餘絀綜計表,"['109195', '109846', '130338', '130346']"
總預算(案)附屬單位預算及綜計表-作業基金現金流量綜計表,"['109192', '109197', '130343', '130344']"
總預算(案)附屬單位預算及綜計表-作業基金餘絀撥補綜計表,"['109194', '109442', '130339', '130340', '130342']"
總預算(案)附屬單位預算及綜計表-營業基金固定資產建設改良擴充與資金來源綜計表,"['109844', '130336']"
總預算(案)附屬單位預算及綜計表-營業基金損益綜計表,"['109191', '109842', '130316', '130341']"
總預算(案)附屬單位預算及綜計表-營業基金現金流量綜計表,"['109196', '109441', '130334', '130335']"
總預算(案)附屬單位預算及綜計表-營業基金盈虧撥補綜計表,"['109443', '109843', '130332', '130333']"
總預算(案)附屬單位預算及綜計表-營業基金財務摘要綜計表,"['109444', '130315']"
總預算(案)附屬單位預算及綜計表-營業基金資本增減綜計表,"['109845', '130337']"
總預算(案)附屬單位預算及綜計表-特別收入基金主要業務計畫分析表,['130350']
總預算(案)附屬單位預算及綜計表-特別收入基金基金來源、用途及餘絀綜計表,['130347']
總預算(案)附屬單位預算及綜計表-特別收入基金基金來源用途及餘絀綜計表,['109847']
總預算(案)附屬單位預算及綜計表-特別收入基金現金流量綜計表,"['109193', '109198', '130348', '130349']"
總預算案(含追加減),"['104767', '104993', '115860']"
總預算附屬單位預算及綜計表(案)作業基金收支餘絀綜計表,"['103967', '103995']"
總預算附屬單位預算及綜計表(案)作業基金現金流量綜計表,"['103971', '103988']"
總預算附屬單位預算及綜計表(案)作業基金餘絀撥補綜計表,"['103980', '104002']"
總預算附屬單位預算及綜計表(案)營業基金-財務摘要綜計表,['103978']
總預算附屬單位預算及綜計表(案)營業基金固定資產建設改良擴充與資金來源綜計表,['103982']
總預算附屬單位預算及綜計表(案)營業基金損益綜計表,['103979']
總預算附屬單位預算及綜計表(案)營業基金損益綜計表(依分列),['103983']
總預算附屬單位預算及綜計表(案)營業基金現金流量綜計表,['103970']
總預算附屬單位預算及綜計表(案)營業基金現金流量綜計表(依分列),['103996']
總預算附屬單位預算及綜計表(案)營業基金盈虧撥補綜計表,['103963']
總預算附屬單位預算及綜計表(案)營業基金盈虧撥補綜計表(依分列),['103998']
總預算附屬單位預算及綜計表(案)營業基金資本增減綜計表,['103993']
總預算附屬單位預算及綜計表(案)特別收入基金基金來源用途及餘絀綜計表,['103981']
總預算附屬單位預算及綜計表(案)特別收入基金現金流量綜計表,"['103987', '104000']"
總預算附屬單位預算及綜計表(法定預算)-作業基金收支餘絀綜計表,"['117414', '117423']"
總預算附屬單位預算及綜計表(法定預算)-作業基金現金流量綜計表,['117419']
總預算附屬單位預算及綜計表(法定預算)-作業基金餘絀撥補綜計表,"['117417', '117418']"
總預算附屬單位預算及綜計表(法定預算)-營業基金固定資產建設改良擴充與資金來源綜計表,['117413']
總預算附屬單位預算及綜計表(法定預算)-營業基金損益綜計表,"['117407', '117408']"
總預算附屬單位預算及綜計表(法定預算)-營業基金現金流量綜計表,"['117411', '117412']"
總預算附屬單位預算及綜計表(法定預算)-營業基金盈虧撥補綜計表,"['117409', '117410']"
總預算附屬單位預算及綜計表(法定預算)-營業基金資本增減綜計表,['128486']
總預算附屬單位預算及綜計表(法定預算)-特別收入基金現金流量綜計表,"['117422', '117424']"
總預算附屬單位預算及綜計表(法定預算)作業基金收支餘絀綜計表,"['103965', '103972']"
總預算附屬單位預算及綜計表(法定預算)作業基金現金流量綜計表,"['103966', '103974']"
總預算附屬單位預算及綜計表(法定預算)作業基金餘絀撥補綜計表,"['103975', '103977']"
總預算附屬單位預算及綜計表(法定預算)營業基金-財務摘要綜計表,"['103964', '117405']"
總預算附屬單位預算及綜計表(法定預算)營業基金固定資產建設改良擴充與資金來源綜計表,['103968']
總預算附屬單位預算及綜計表(法定預算)營業基金損益綜計表,['103986']
總預算附屬單位預算及綜計表(法定預算)營業基金損益綜計表(依分列),['103984']
總預算附屬單位預算及綜計表(法定預算)營業基金現金流量綜計表,['103985']
總預算附屬單位預算及綜計表(法定預算)營業基金現金流量綜計表(依分列),['103989']
總預算附屬單位預算及綜計表(法定預算)營業基金盈虧撥補綜計表,['103990']
總預算附屬單位預算及綜計表(法定預算)營業基金盈虧撥補綜計表(依分列),['103973']
總預算附屬單位預算及綜計表(法定預算)營業基金資本增減綜計表,['104003']
總預算附屬單位預算及綜計表(法定預算)特別收入基金基金來源用途及餘絀綜計表,['103999']
總預算附屬單位預算及綜計表(法定預算)特別收入基金現金流量綜計表,"['103969', '103976']"
總預算附屬單位預算及綜計表109(法定預算)-作業基金現金流量綜計表,['117420']
總預算附屬單位預算及綜計表109(法定預算)-特別收入基金來源用途及餘絀綜計表,['117421']
義勇消防人員人數,['88012']
義勇消防人員傷亡,['88015']
義勇警察訓練及服勤成果,['88165']
義消人數統計表,['84919']
老人健康檢查合約醫療院所名單,['85025']
老人文康、福利服務中心,['82742']
老人福利服務中心,['84080']
老人福利服務成果(1)-文康中心及長青學苑,['89103']
老人福利服務成果(2)-教育宣導及人才培訓,['104938']
老人福利服務成果(3)-中低收入老人補助裝置假牙服務,['113591']
老人福利服務成果(4)-中低收入老人補助裝置假牙,['98859']
老人福利機構,['83779']
老人護理之家,['109854']
老人長期照謢、安養機構工作人員,['104930']
老人長期照護、安養機構概況,['127420']
老人長期照護、養護及安養機構概況,['112265']
老人長期照顧、安養機構工作人員,['127430']
老人長期照顧、安養機構與老人公寓、老人住宅概況,['103654']
職工福利概況,['87873']
職業安全衛生教育訓練機構,['84047']
職業訓練人數概況,"['87865', '87905']"
職災慰問金發送統計表,['84932']
腎臟病健康促進機構,['84885']
腸病毒重症責任醫院名冊,['82539']
臨時暨短期照顧服務提供單位,['107212']
臨時用水登記件數-地下水,['123131']
臨時用水登記引用水量-地下水,['127261']
自來水承裝業,['105887']
自來水普及率統計,['89650']
自備飲料杯提供優惠名單,['84961']
自行車專用道,['83608']
自行車竊盜資訊,['103191']
自行車道位置資料,['90801']
自行車道建置資料總表,['84926']
自費療育單位,['120877']
臺中各行政區人口數及戶數,['84875']
臺中學資料庫詮釋資料,['85071']
臺中捐血中心固定捐血點,['84934']
臺中捐血中心巡迴捐血點,['84158']
臺中港特定區地形圖_TWD,['84587']
臺中產業聯盟清冊,['84830']
臺中農產面積及產量資料,"['84143', '84518']"
臺灣健康社區6星計畫社區治安績效,['117350']
與各國際姊妹市暨友好城市締結資料(API),['84395']
舉發違反道路交通管理事件成果,"['88168', '88188']"
舉發違反高速公路及快速公路管制規定成果,['88169']
航照地形圖影像,['120763']
花卉生產概況,['91790']
苗圃資訊,['83884']
葫蘆墩文化中心活動表,['83928']
蔬菜、水果及毛豬批發交易量及交易金額,['127825']
蔬菜生產概況,['91787']
藝文團體,['84002']
藝文館所,['85007']
藝術亮點,['83925']
藝術家,['81265']
藥物廣告審查件數統計表,"['84013', '84545']"
藥物檢查暨查獲違法統計,"['115898', '115899']"
藥物違規廣告統計表,['84016']
處理刑事案件-分局別,"['84481', '116218']"
處理違反社會秩序維護法案件,['88179']
處理違反社會秩序維護法案件統計,['83949']
處理集會遊行發生數統計,['88157']
處理刑事案件被害人-月別,['83811']
行道樹分佈圖,['109853']
街友服務場所,['83886']
街頭藝人,['84871']
街頭藝人展演概況,['87849']
街頭藝人開放場所,['83877']
衛生局公布抽驗生鮮超市.魚市場之吻仔魚 檢驗結果符合規定,['83991']
衛生局啟動火鍋季蔬菜肉片文蛤抽驗 檢驗結果3件農藥殘留超標,['84021']
衛生局在職人員數,['90343']
衛生局抽驗冬至湯圓食材檢驗結果出爐,"['84019', '85018']"
衛生局抽驗蔬果.菇類.醬料檢驗結果,['84338']
衛生局抽驗轄內投幣式加水站水質 檢驗結果出爐,['84023']
衛生局盛裝飲用水抽驗結果,"['82721', '84458']"
衛生掩埋場及地下水監測井資料,['83993']
西醫巡迴醫療服務行程表,['101190']
視覺障礙者生活重建服務單位,['82836']
視障按摩院所名冊,['83843']
觀光工廠,['83686']
觀光旅遊局補助民間團體經費一覽表,"['82692', '84070', '84194', '104725', '104727', '127576']"
觀光旅館,['83639']
觀光旅館住用率及住客數,"['88728', '103696']"
計程車招呼站設置地點,['83929']
計程車統計數量,['83825']
計程車費率比較表,['83824']
計程車隊(派遣)業者,['84912']
許可仲介本國人在國內工作之私立就業服務機構暨分支機構名冊,['85032']
訴願收辦案件統計,['84954']
註銷領有身心障礙證明(手冊)者及死亡者年齡分析,"['88877', '105225']"
調解委員會組織概況,['88048']
警察人員傷亡人數,['116138']
警察人員懲處,['127588']
警察人員獎勵,['127354']
警察人員職員退休、資遣、撫卹人數,['88144']
警察人員違法起訴案件,"['117356', '127589']"
警察分局轄區範圍_TWD,['84578']
警察局上半年各分局規劃巡邏箱線區塊統計一覽表,"['83947', '84348', '103687']"
警察局上半年設置巡邏箱及區(線)統計一覽表,['84350']
警察局下半年各分局規劃巡邏箱線區塊統計一覽表,"['83809', '84349', '103916']"
警察局下半年設置巡邏箱及區(線)統計一覽表,['83773']
警察局交通事故資料,"['82724', '82726', '82728', '82729', '82732', '83577', '83592', '83599', '83604', '83612', '83705', '84205', '84206', '84207', '84208', '84209', '84210', '84211', '84212', '84213', '84215', '84216', '84217', '84218', '84219', '84220', '84221', '84222', '84224', '84226', '84227', '84228', '84229', '84230', '84231', '84232', '84233', '84234', '84235', '84237', '84238', '84239', '84240', '84242', '84243', '84244', '84246', '84247', '84248', '84249', '84250', '84251', '84252', '84253', '84254', '84255', '84257', '84258', '84259', '84260', '84263', '84264', '84300', '84303', '84304', '84305', '84308', '84447', '84449', '84450', '84453', '84454', '84455', '84666', '84667', '84668', '84670', '84671', '84923', '86357', '86523', '86527', '87142', '87775', '88219', '89741', '91549', '95370', '95530', '96201', '99390', '100830', '100832', '101291', '102722', '103065', '105068', '105160', '106309', '107451', '108300', '109757', '111783', '113590', '114644', '117894', '119550', '120709', '123422', '127383', '128721', '129238']"
警察局公務人員,"['84091', '84092', '84093']"
警察局公告具高再犯危險之性侵害加害人人數統計表,"['84537', '84540']"
警察局分交通事故資料,"['84306', '84307']"
警察局列管防空避難設備統計一覽表,['84017']
警察局取締攤販績效統計表,['84894']
警察局受(處)理婦幼安全事(案)件,['116153']
警察局受理網路、簡訊、視訊報案統計表,['83806']
警察局各(大)隊、科、室、中心服務據點,['83804']
警察局各分局、分駐(派出)所服務據點,['83805']
警察局各分局規劃巡邏箱線區塊統計一覽表,['84347']
警察局婦幼安全警示地點,['84022']
警察局暨所屬各機關(含內、外勤單位)聯絡一覽表,['84164']
警察局現有職員人數,['88194']
警察局處理涉外治安案件-分局別(嫌疑犯),['88148']
警察局路口監視器,['82214']
警察局電話受理案件統計表,['83807']
警察服務據點,['84086']
警察機關人員懲處,['103712']
警察機關人員獎勵,['88142']
警察機關人員違法起訴案件,['88171']
警察機關職員退休、資遣、撫卹人數,['116196']
讀書會名單,['123257']
谷關都市計畫區1千分之1地形圖_TWD,['84601']
豐原交流道都市計畫區1千分之1地形圖_TWD,['84562']
豐原都市計畫區1千分之1地形圖_TWD,['84564']
豐洲科技工業園區廠商名錄,['84973']
財團法人社會福利慈善事業基金會基本資料與經費來源,['104924']
財團法人社會福利慈善事業基金會經費運用情形,['88943']
財政局抽檢菸酒業者情形,['89310']
資源回收成果統計,"['89483', '103094']"
資訊可變標誌系統播放訊息,['84870']
資訊可變標誌系統靜態資料,['84656']
賞花景點,['130148']
起火建築物,['88007']
路口號誌箱,['82304']
路平專案工程成果,"['88590', '88597']"
路段動態資訊,['83751']
路段靜態資訊,['84658']
路況資訊公告,['119911']
路燈報修資料,['110330']
路燈設備,"['88594', '88598']"
路燈迴路開關箱,['100077']
路燈點位圖資,['100056']
路邊停車收費路段,['127805']
路邊停車格位資訊,"['84296', '105192']"
身心障礙人數,"['104945', '105207']"
身心障礙住宿機構,['84535']
身心障礙各區區公所窗口一覽表,['84316']
身心障礙團體,['85001']
身心障礙托育養護服務提供單位,['83897']
身心障礙日間服務機構,['84990']
身心障礙生活補助,['88936']
身心障礙福利服務機構概況,"['104936', '105208']"
身心障礙福利機構,['85000']
身心障礙福利機構兼辦早療療育,['83670']
身心障礙福利機構工作人員數,"['98548', '105224']"
身心障礙福利機構服務使用者之年齡分配,"['98533', '104929']"
身心障礙福利機構服務使用者人數,"['99532', '105223']"
身心障礙福利機構概況,['98529']
身心障礙福利補助項目,['112089']
身心障礙者之年齡分配,"['89317', '105231']"
身心障礙者人數,['98626']
身心障礙者保護通報處遇結果,"['88937', '89235', '89321', '104925', '105219', '105220']"
身心障礙者保護通報類型,"['88893', '88903', '89311', '104937']"
身心障礙者各區居家服務支援中心,['94035']
身心障礙者居家照顧服務成果,"['117362', '117366']"
身心障礙者庇護工場資料,['85033']
身心障礙者支持服務成果,"['89233', '89322']"
身心障礙者日間照顧及住宿式照顧補助,"['88883', '88941']"
身心障礙者牙醫醫療院所,['107208']
身心障礙者生活補助,['88876']
身心障礙者生活輔具費用補助,['98530']
身心障礙者生涯轉銜服務提供單位,['107205']
身心障礙者社區式日間服務布建計畫,['107211']
身心障礙者社區式服務專業人員數,['103073']
身心障礙者社區日間作業設施,['83890']
身心障礙者社區樂活補給站,['83888']
身心障礙者社區照顧關懷據點,['84991']
身心障礙者社區資源中心,['85002']
身心障礙者致殘成因,['88944']
身心障礙者障礙成因,['118594']
身心障礙者雙老家庭支持服務,['107210']
身心障礙輔助器具補助,['104933']
身心障礙鑑定醫院,['122714']
身心障礙餐飲服務提供單位,['83652']
身障產品優先採購廠商,['110907']
身障車位,['83600']
車輛偵測器VD動態資訊,['119912']
車輛偵測器設備位置,['84657']
車輛拖吊情形,['88616']
車輛行車事故鑑定情形表,['117943']
車輛行車事故鑑定案件分類統計表,['83623']
軍人公墓(忠靈祠)葬厝表,['115993']
載運砂石大貨(拖)車禁止通行區域,['84924']
輔具服務單位,['83579']
輔導原住民職業訓練及就業服務統計,['90463']
轄內各有線電視系統經營者資料,['84997']
轄內液化石油氣販賣場所清冊,['82881']
轄內設置飲水機供民眾使用之處所,['84048']
辦理受聘僱外國人(外籍勞工)健康檢查不合格情形,['115903']
辦理受聘僱外國人(外籍勞工)健康管理工作,['115904']
辦理受聘僱外國人(外籍勞工)定期健康檢查不合格情形,['115901']
辦理受聘僱外國人(外籍勞工)定期健康檢查統計(月)1,['90336']
辦理土地徵收情形,['87930']
辦理完成自辦市地重劃區重劃後地號一覽表,['84117']
辦理急難救助概況,"['98841', '104927']"
辦理文化活動統計,"['89793', '89794']"
辦理民間公共建設已簽約案件統計表,['84938']
辦理民間參與公共建設案件統計表,['84119']
辦理社會救助醫療及看護補助概況,"['88892', '89245']"
辦理老人保護概況,"['98890', '105669']"
辦理老人福利服務成果,['105232']
辦理調解方式概況,['108084']
辦理調解業務概況,['88047']
辦理身心障礙者促進就業業務概況表,['87903']
辦竣地籍清理囑託登記國有土地公告清冊,['84955']
農作物天然災害損失救助概況,['91803']
農地重劃區抵費地得標清冊,['83872']
農地重劃區農水路更新改善計畫,['84475']
農地重劃成果,['87925']
農會盈虧餘絀統計,"['91809', '91814']"
農會資料,['83609']
農業產銷班概況,['91791']
農產品批發市場面積、交易量、交易額、管理費收入、交易天數及員工人數,['127824']
農耕土地面積,"['91782', '91784']"
農路_TWD,['83820']
近歲入預算結構表,['83587']
近海、沿岸漁業、海面養殖、內陸漁撈、內陸養殖漁業生產量,"['90771', '90772']"
造林工作,"['91783', '91813']"
進修學校概況,['115919']
遊民收容位置及收容人數,['91937']
遊民處理情形,"['98842', '105222']"
遊民輔導服務團體,['107209']
運動局辦理體育業務與推廣活動概況,['88683']
運動局體育場館開放使用情形,['117903']
運用山地義勇警察服行山地警備治安協助勤務人數,['88163']
道路中心線_TWD,"['83787', '84863']"
道路中心線_WGS,['81438']
道路交叉點_TWD,"['84559', '84572']"
道路交叉點_WGS,['84597']
道路交通音量監測不合格情形,['89477']
道路寬度,['83822']
道路工程查驗小組查驗案件數統計表,['84933']
道路挖掘當日施工資訊,['105203']
道路調撥車道資訊,['84301']
道路面_TWD,"['84558', '84567']"
道路面_WGS,['84577']
違反不動產經紀業管理條例裁罰名單,['83769']
違反兒童及少年福利與權益保障法執行概況,"['88969', '98766', '105227']"
違反勞動基準法事業單位或事業主公告,['87046']
違反勞工退休金條例事業單位或事業主公告,['114444']
違反就業服務法僱用外籍勞工案件統計,['84985']
違反醫療廣告統計資料,"['84313', '84326', '84332', '101186']"
違章建築拆除案件,['90729']
違章建築拆除案件統計,"['101192', '105111', '117457']"
違章案件裁罰統計表,['95078']
違章漏稅案件處理及財務罰鍰執行情形,"['88089', '94387']"
違規食品藥物化粧品廣告民眾查詢系統,['83771']
遭受災害救助情形,"['88886', '89330']"
遭難漁民數,"['90783', '90784']"
遭難漁船數,"['90785', '90786']"
避難收容所位置及收容人數,['83894']
都市地價指數漲跌幅表,['84033']
都市更新-重建類案件,['84896']
都市更新及爭議處理審議會委員名冊,['84510']
都市更新核定成果,['83956']
都市更新辦理進度,['83957']
都市發展局編制員額及現有員工人數,['115893']
都市發展局職員年資統計報表,['84114']
都市發展局職員年齡統計報表,['84115']
都市發展局職員考試統計報表,['84116']
都市計畫公共設施用地已取得面積,['90724']
都市計畫公共設施用地已取得面積表,['84511']
都市計畫公共設施用地已闢建面積,['117673']
都市計畫公共設施用地計畫面積,"['84514', '90723', '117516']"
都市計畫區域內公共工程實施數量,"['117605', '127812']"
都市計畫區域內現有已開闢道路長度及面積暨橋梁座數、自行車道長度,"['88584', '88599']"
都市計畫區範圍_TWD,"['108207', '108259']"
都市計畫圖(CAD),['107551']
都市計畫圖(GIS)_TWD,"['106792', '106793', '106800', '106805', '106807', '106809', '106813', '106823', '106824', '126608', '126609']"
都市計畫圖(GIS)_TWD67_最新版,['126736']
都市計畫圖(GIS)_TWD97_最新版,['126735']
都市計畫圖(GIS)_WGS,"['106889', '126738']"
都市計畫圖(GIS)_WGS84_最新版,['126737']
都市計畫土地使用分區面積,"['90725', '90742']"
都市計畫土地使用面積,['84135']
都市計畫地區種類,"['84515', '90722', '117521']"
都市計畫地區面積及人口,"['117517', '117672']"
都市計畫地區面積及人口表,['84512']
都市計畫容積移轉申請案件數,['84137']
都市計畫樁位釘樁數,['103679']
都市計畫面積及人口,['84136']
鄰長名冊,['84917']
酒後駕車肇事情形,['88193']
酸雨監測資料,['84046']
醫事人員執業統計資料,['84361']
醫事機構暨人員開(執)業現況表,['109175']
醫療保健經費支出,['109174']
醫療機構現況表,['90329']
醫院一般病床許可數,['103913']
里界圖,['84039']
里辦公室,['108285']
重大災害財物損失統計-__風災災害人員傷亡、建物及財物損失,['88019']
重大災害財物損失統計報表,['127262']
重大災害財物損失統計報表-災害收容情形統計,"['88890', '89242']"
野生動物保護區,['83684']
針具交換執行點清冊,['84147']
錄影節目帶查察取締統計,['89199']
鐵砧山都市計畫區1千分之1地形圖_TWD,['84551']
鐵砧山風景特定區地形圖_TWD,['84594']
長期照顧十年計畫,['90342']
長期照顧十年計畫(1)-居家服務,['117361']
長期照顧十年計畫(2)-日間照顧,['113585']
長期照顧十年計畫(3)-家庭托顧,['109172']
長期照顧十年計畫(4)-老人營養餐飲服務,['90339']
長期照顧管理中心,['107452']
長照AC據點資源一覽表,['92215']
長者肺炎鏈球菌疫苗接種計畫合約醫療院所名冊,['122842']
長青元氣學堂,['92004']
長青學苑課程資料,['91935']
長青服務中心,['91945']
長青福利服務-居家服務,['94036']
長青福利服務-長青學苑,['85035']
長青福利服務-長青快樂學堂(日間托老所),['81564']
長青福利補助項目,['112090']
開放資料平台詮釋資料,['84886']
開業不動產估價師名冊,['83945']
開發工業區及都市計畫工業區,['84406']
開發工業園區投資情形統計,['89682']
防火宣導成果彙整,['113698']
防火管理執行情形,['88004']
防焰規制執行情形-設置防焰物品場所,['88003']
防焰規制執行情形-防焰性能認證合格廠商,['88002']
防空警報臺資料,['84024']
防空避難設備,"['84891', '88164', '88185', '88370', '95117', '103590']"
防處少年(兒童)事件執行成果,"['88178', '116151']"
雜糧生產概況,['91786']
雨水下水道人孔圖,['120801']
雨水下水道管線,['120833']
電動汽機車充電站相關資訊,['84006']
電器承裝業,['84994']
電影片映演業查察統計,['89198']
電話受理案件統計表,['84030']
震災災害人員傷亡、建物損失,['88017']
霧峰都市計畫區1千分之1地形圖_TWD,['83818']
青少年親善門診名單,['84328']
非法旅宿裁罰名單,['130146']
非都市土地使用分區及使用地變更專責審議小組委員名單,['84069']
非都市土地使用分區及用地類別統計表,['84965']
非都市土地使用分區改劃,['103666']
非都市土地使用分區筆數面積公告土地現值表,['84346']
非都市土地使用分區與編定筆數及面積,['87957']
非都市土地使用地變更編定筆數及面積,['87970']
非都市土地分區改劃,['103917']
非都市土地變更編定筆數及面積,['87961']
預防接種合約院所名單,['83760']
領有溫泉標章之溫泉使用事業,['83643']
領有社會工作師執照人數及其事務所開業概況,['98817']
領有社會工作師執照人數及其事務所開業狀況,['104946']
類流感假日特別門診開設情形,"['83757', '84323']"
風災災害人員傷亡、建物損失,['88018']
颱風災害人員傷亡、建物損失,['88023']
食品工廠,['84044']
食品業衛生自主管理評核優良級業者名單 (效期:106.2.24-107.12.31),['84425']
食品衛生管理工作,['116141']
食物銀行聯盟店,['91950']
飲用水檢驗測定機構,['84009']
飲用水水質抽驗檢驗結果,"['89459', '103669']"
飲用水水質檢驗資料,['83553']
養禽場訪視清冊,['84483']
餐飲服務提供單位,['91898']
餐餐具到好餐廳名單,['84007']
餐館業清冊,['107505']
餘樂園廚餘堆肥廠資料,['83994']
骨灰(骸)存放設施概況,"['116074', '116075']"
體育場館開放使用情形,['88682']
體育處辦理體育業務與推廣活動概況,['88684']
高級中學學生獎懲人數,['90193']
高級中學學生異動表,['103090']
高級中學職員及工友數,['90192']
高級中等學校僑生、中國大陸及港澳學生數,['115915']
高級中等學校原住民學生數-實用技能學程,['103078']
高級中等學校原住民學生數-專業群科(職業科),['103076']
高級中等學校原住民學生數-普通科,['89993']
高級中等學校原住民學生數-綜合高中,['103077']
高級中等學校原住民學生數-進修部(學校),['90002']
高級中等學校原住民應屆畢業生升學就業概況,['90029']
高級中等學校原住民教師數,['90035']
高級中等學校圖書館概況,['90181']
高級中等學校外國學生數,['90021']
高級中等學校夜間部班級數學生暨畢業生人數-學科類別(年級別),['115927']
高級中等學校學生年齡別統計-實用技能學程,['89977']
高級中等學校學生年齡別統計-普通科,['89975']
高級中等學校學生年齡別統計-綜合高中,['89976']
高級中等學校學生年齡別統計-進修部(學校),['89978']
高級中等學校學生獎懲人數-進修部(學校),['90176']
高級中等學校學生異動表-進修部(學校),['90026']
高級中等學校學生裸眼視力檢查-進修部(學校),['90173']
高級中等學校專業群科(職業科)科別概況,['89988']
高級中等學校應屆畢業生升學就業概況,['90027']
高級中等學校教師概況,['90030']
高級中等學校教育經費概況(預、決算數),['115975']
高級中等學校新生入學方式,['89991']
高級中等學校日間部班級數學生暨畢業生人數-學科類別(年級別),['115928']
高級中等學校普通科科別概況,['115929']
高級中等學校校地校舍概況,['96203']
高級中等學校校數及教職員數,['90146']
高級中等學校概況-專業群科(職業科),['127255']
高級中等學校概況-普通科,['115932']
高級中等學校概況-進修部(學校),['115930']
高級中等學校概況總表,['115933']
高級中等學校班級數概況,['90161']
高級中等學校班級規模別,['103088']
高級中等學校畢業生數,['89986']
高級中等學校級新生數,['89990']
高級中等學校職員及工友數,['90133']
高級中等學校辦理學制概況,['103714']
高級中等學校進修部(學校)科別概況,['89989']
高級職業學校學生獎懲人數,['115973']
高級職業學校學生異動表,['103731']
高風險家庭關懷輔導處遇服務執行概況,['88885']
高風險家庭關懷輔導處遇服務提供單位,['104920']
